id,name,category,category_label,region,address,lat,lng,status,confirms,issues,created_at,verified_at,last_confirmed_at,description
2837,自強圖書館,library,📚 圖書館/書店,桃園市中壢區,強國路 60號,24.96795430263329,121.25874620134725,verified,0,0,2026-09-10 06:45:59,2026-09-19 16:23:35,,
2835,中壢內定綠塘水岸公園,waterside,🎣 水邊,中壢區,320桃園市中壢區內定里內定七街139號,24.999449,121.232973,verified,0,0,2026-09-09 10:54:15,2026-09-19 16:23:35,,
2834,金順昌超商,minimart,🏪 便利商店,南投縣南投市,南投縣南投市彰南路三段56號,23.925046,120.675604,verified,0,0,2026-09-09 10:53:21,2026-09-19 16:23:35,,
2823,7-ELEVEN 南崗門市,minimart,🏪 便利商店,南投縣南投市,南投縣南投市民族路515號,23.906422,120.679718,verified,0,0,2026-09-07 12:40:32,2026-09-19 16:23:35,,
2814,CAMA CAFE 忠孝新生店,cafe,☕ 咖啡店,台北市中正區,新生南路一段90號,25.0403872,121.5325937,verified,0,0,2026-09-03 05:05:08,2026-09-19 16:23:35,,
2813,小南便當 善化店,restaurant,🍽️ 餐廳,台南市善化區,中山路 72號,23.1333308,120.3040564,verified,0,1,2026-09-03 05:00:32,2026-09-19 16:23:35,,
2811,RÒU BY T-HAM 東豐店,restaurant,🍽️ 餐廳,台北市大安區,東豐街39號,25.0362286,121.5465016,verified,0,0,2026-09-03 04:50:53,2026-09-19 16:23:35,,
2809,存香牛肉麵,restaurant,🍽️ 餐廳,台北市信義區,基隆路一段 370號1樓,25.0351754,121.5606566,verified,0,0,2026-09-03 04:38:21,2026-09-19 16:23:35,,
2806,香港國際機場,airport,✈️ 機場,__overseas__香港,香港國際機場,22.315566,113.92343,verified,0,0,2026-09-02 16:10:42,2026-09-19 16:23:35,,
2805,青馬大橋,bridge,🌉 橋梁,__overseas__香港,青馬大橋,22.350483,114.071663,verified,0,0,2026-09-02 16:09:11,2026-09-19 16:23:35,,
2804,屯門青山,mountain,⛰️ 山丘,__overseas__香港,青山徑,22.391313,113.951436,verified,0,0,2026-09-02 16:07:37,2026-09-19 16:23:35,,
2803,蘭陽平原田園風光觀測點,roadside,🪙 路邊,宜蘭縣宜蘭市,田邊,24.7284003,121.7527279,verified,0,0,2026-09-02 08:41:11,2026-09-19 16:23:35,,
2801,七賢公園,park,🍀 公園,宜蘭縣員山鄉,七賢公園,24.714871,121.7347457,verified,0,0,2026-09-02 08:33:25,2026-09-19 16:23:35,,
2800,捷運環北站,station,🚂 車站,桃園市中壢區,中豐北路一段 26,24.967174,121.2208,verified,0,0,2026-09-02 05:40:00,2026-09-19 16:23:35,,
2796,7-11龍巳門市,minimart,🏪 便利商店,南投縣南投市,南投縣南投市東山路408號,23.916547,120.69811,verified,0,0,2026-09-01 13:50:47,2026-09-19 16:23:35,,
2795,浪漫情人橋下,bridge,🌉 橋梁,南投縣南投市,順溪北路二段,23.926817,120.685025,verified,0,0,2026-09-01 13:02:36,2026-09-19 16:23:35,,
2793,綠美橋下方,bridge,🌉 橋梁,南投縣南投市,中興路392巷,23.915478,120.695982,verified,0,0,2026-09-01 12:28:36,2026-09-19 16:23:35,,
2789,六呆咖啡,cafe,☕ 咖啡店,臺中市東勢區,臺中市東勢區下新里粵寧街中路巷20-6號,24.2765235,120.8223705,verified,0,0,2026-09-01 01:48:55,2026-09-19 16:23:35,,
2784,新中工門市7-ELEVEN附近,minimart,🏪 便利商店,台中市西屯區,台中市西屯區工業區一路,24.178805,120.614784,verified,6,0,2026-08-27 12:58:00,2026-08-28 12:37:25,2026-09-19 12:49:33,
2783,美國學校旁邊巷子（校門左轉）,library,📚 圖書館/書店,台北市士林區,臺北市士林區中山北路六段 776巷,25.115252,121.529208,verified,3,1,2026-08-27 08:46:38,2026-08-28 12:37:29,2026-09-19 06:37:01,
2782,嘉義航空站,airport,✈️ 機場,嘉義縣,嘉義縣水上鄉三和村榮典路1號嘉義航空站,23.4544,120.4033,verified,1,1,2026-08-24 06:14:10,2026-08-28 12:37:31,2026-09-06 10:29:07,
2781,,curry,🍛 咖哩餐廳,嘉義市,嘉義市西區香湖里文化路694巷16號,23.496924,120.443374,verified,2,3,2026-08-23 23:12:38,2026-08-28 12:37:32,2026-09-12 08:37:38,
2778,圖書館,library,📚 圖書館/書店,新竹縣新豐鄉,明德巷 13,24.901496,120.987928,verified,1,1,2026-08-23 02:58:08,2026-08-28 14:53:16,2026-09-09 03:41:39,
2775,7-11,minimart,🏪 便利商店,嘉義市西區,文化路694巷口,23.497251,120.442762,verified,0,2,2026-08-22 15:26:42,2026-08-28 14:53:16,,
2772,仁愛新生路口 公車站,bus,🚌 公車站,台北市中正區,仁愛路三段與新生南路一段交叉路口,25.0383614,121.5333192,verified,1,1,2026-08-21 04:42:22,2026-08-22 05:07:55,2026-09-09 13:54:09,
2771,巷子內義式餐廳純點,italian,🍕 義式餐廳,台北市信義區,臺北市信義區永吉路200巷41弄,25.0442522,121.5728667,verified,1,2,2026-08-20 17:03:59,2026-08-22 05:07:55,2026-08-28 21:17:59,
2767,三媽臭臭鍋 善化店,restaurant,🍽️ 餐廳,台南市善化區,臺南市善化區光文里中山路131號,23.1328563,120.3023167,verified,1,1,2026-08-19 15:27:38,2026-08-22 05:07:55,2026-08-28 15:18:54,
2766,翁記水煎包 新生店,restaurant,🍽️ 餐廳,台北市中正區,臺北市中正區新生南路一段92號,25.0403192,121.5325608,verified,1,1,2026-08-19 15:22:05,2026-08-22 05:07:55,2026-09-04 16:28:06,
2764,新榮公園,park,🍀 公園,台北市文山區,新榮公園旁,24.9830895,121.570157,verified,2,0,2026-08-18 06:37:16,2026-08-22 05:07:55,2026-09-12 04:11:28,
2760,成棒主球場,stadium,🏟️ 體育館,台南市安南區,臺南市安南區東和里環館路505號,23.060913,120.231787,verified,0,0,2026-08-16 17:43:42,2026-09-19 16:23:35,,
2756,法拉利世界,themePark,🎢 主題樂園,阿拉伯聯合大公國,شارع الإِبريق,24.485196,54.618938,verified,0,0,2026-08-14 09:59:35,2026-08-28 14:53:16,,
2755,Lick Mill,station,🚂 車站,美國加利福尼亞聖塔克拉拉,有幾格車站純點,37.406829,-121.963166,verified,1,0,2026-08-13 21:02:28,2026-08-28 14:53:16,2026-09-02 06:53:00,
2752,西格納伊度納公園,stadium,🏟️ 體育館,德國多特蒙德,大片體育館純點，旁邊還有車站純點,51.492814,7.451316,verified,1,0,2026-08-13 18:18:26,2026-08-28 14:53:16,2026-09-01 11:24:42,
2748,成福路口一,bus,🚌 公車站,台北市信義區,福德街310巷28弄,25.040534,121.587539,verified,0,0,2026-08-13 14:29:52,2026-08-28 14:53:16,,
2743,美的空調,electronics,🔋 電器行,桃園市,330桃園市桃園區中埔里國際路二段629號,25.0088279,121.2862784,verified,0,1,2026-08-13 10:26:45,2026-08-28 14:53:16,,
2736,長治鄉立圖書館,library,📚 圖書館/書店,屏東縣長治鄉,潭頭路,22.676686,120.526382,verified,0,0,2026-08-11 16:36:49,2026-08-28 14:53:16,,
2734,香港國際機場,airport,✈️ 機場,香港,VGX+MF 香港赤鱲角,22.326679,113.898652,verified,0,0,2026-08-10 09:10:57,2026-09-19 16:23:35,,
2733,凹子底森林公園,park,🍀 公園,高雄市鼓山區,凹子底森林公園近明誠三路側,22.660799,120.298831,verified,0,2,2026-08-10 03:02:17,2026-08-22 05:07:55,,
2729,青衣南灣角,waterside,🎣 水邊,香港,青衣南灣角,22.329410476,114.103947795,verified,0,0,2026-08-09 10:15:41,2026-08-28 14:53:16,,
2728,蘭陽烏石港海景酒店,hotel,🏨 飯店,宜蘭縣頭城鎮,武營里大武路180號,24.8617762,121.8296138,verified,1,0,2026-08-08 03:10:52,2026-08-22 05:07:55,2026-08-25 16:39:04,
2721,高科大（第一校區西區）,university,🎓 大學/學院,高雄市楠梓區,卓越路 2之1號,22.751718,120.329268,verified,0,0,2026-08-06 08:26:50,2026-08-22 05:07:55,,
2717,苗栗縣立體育場,stadium,🏟️ 體育館,苗栗縣苗栗市嘉盛里,一片體育館純點,24.577157,120.842083,verified,3,0,2026-08-05 11:56:13,2026-08-22 05:07:55,2026-09-14 00:39:32,
2716,華陽公園,park,🍀 公園,彰化縣彰化市,大片公園純點,24.068968,120.556036,verified,0,0,2026-08-05 11:53:56,2026-08-28 14:53:16,,
2715,嘉義樹木園,park,🍀 公園,嘉義市東區,大片公園純點,23.481604,120.468457,verified,1,0,2026-08-05 11:49:39,2026-08-28 14:53:16,2026-09-13 16:31:35,
2714,全家大社神龍店,minimart,🏪 便利商店,高雄市大社區,金龍路 95,22.727089,120.353815,verified,1,0,2026-08-05 11:46:48,2026-08-22 05:07:55,2026-08-31 05:21:58,
2712,下營區圖書館,library,📚 圖書館/書店,台南市下營區,文化街 109號,23.235103,120.264759,verified,0,0,2026-08-04 00:31:47,2026-08-22 05:07:55,,
2710,錦和運動公園,park,🍀 公園,新北市中和區,新北市中和區錦中里錦和路,24.992034,121.4888753,verified,0,0,2026-08-03 03:54:57,2026-08-22 05:07:55,,
2709,銅鑼公園,park,🍀 公園,苗栗縣銅鑼鄉,銅鑼公園,24.492438,120.790698,verified,0,0,2026-08-03 00:10:36,2026-08-22 05:07:55,,
2708,加的夫城球場,stadium,🏟️ 體育館,英國加地夫,大片體育館純點,51.472828,-3.202761,verified,0,1,2026-08-02 17:21:24,2026-08-28 14:53:16,,
2707,台北田徑場前方出口（對面敦化國小）,bus,🚌 公車站,台北市松山區,敦化北路,25.049415,121.549294,verified,0,0,2026-08-02 14:42:07,2026-08-28 14:53:16,,
2705,蘆洲環河公園（線型公園）,park,🍀 公園,新北市蘆洲區,仁愛街 臨2之2號,25.095883,121.460576,verified,0,0,2026-08-02 08:36:32,2026-08-22 05:07:55,,
2699,什乃站,bus,🚌 公車站,台南市善化區,81號,23.143198,120.279054,verified,0,0,2026-08-02 00:24:00,2026-08-22 05:07:55,,
2696,Hnry Stadium,stadium,🏟️ 體育館,紐西蘭威靈頓,大片體育館純點,-41.272785,174.785829,verified,0,0,2026-07-31 18:49:39,2026-08-28 14:53:16,,
2695,彰化市自強南路文具,stationery,✏️ 文具,彰化縣彰化市,自強南路22巷 42號,24.089027,120.535657,verified,0,1,2026-07-31 11:22:34,2026-08-28 14:53:16,,
2693,聯合中心,stadium,🏟️ 體育館,美國伊利諾芝加哥,West Monroe Street,41.879768,-87.675254,verified,0,0,2026-07-30 20:47:10,2026-08-28 14:53:16,,
2692,捷運青埔站,station,🚂 車站,高雄市橋頭區,橋南路 602之1號,22.7436,120.32002,verified,2,0,2026-07-30 16:58:59,2026-08-22 05:07:55,2026-09-06 02:47:30,
2691,蝦皮斗南延平店,sweetshop,🍩 甜點店,雲林縣斗南鎮,延平路一段 189,23.6903569,120.4803071,verified,15,4,2026-07-30 11:26:38,2026-07-30 12:09:20,2026-09-13 01:31:38,
2690,東勢許良宇圖書館,library,📚 圖書館/書店,台中市東勢區,東勢區泰昌里圓樓街88號,24.251832,120.834862,verified,1,1,2026-07-30 06:55:43,2026-07-30 12:09:20,2026-09-06 04:46:47,
2689,Foxboro,station,🚂 車站,美國麻省福克斯伯勒,Patriot Place,42.094288,-71.263139,verified,0,0,2026-07-29 12:48:03,2026-07-30 12:09:20,,
2688,,roadside,🪙 路邊,新北市蘆洲區,三民路128巷 87之5號,25.092959,121.468189,verified,2,0,2026-07-29 11:52:56,2026-07-30 12:09:20,2026-08-27 12:15:45,
2687,,airport,✈️ 機場,屏東縣琉球鄉,復興路 173號,22.349941,120.374398,verified,3,0,2026-07-29 05:50:46,2026-07-30 12:09:20,2026-09-08 18:42:59,
2686,國校路停車場,restaurant,🍽️ 餐廳,新北市新店區,國校路51巷巷口,24.954697,121.538123,verified,2,0,2026-07-29 01:06:02,2026-07-30 12:09:20,2026-09-01 16:39:28,
2685,,park,🍀 公園,台中市台中市北區,華中街跟梅亭街交叉口,24.161712,120.672137,verified,1,0,2026-07-29 00:39:57,2026-07-30 12:09:20,2026-08-13 15:17:37,
2684,鴻儒補習班,minimart,🏪 便利商店,新北市新店區,三民路143巷24號,24.971868,121.533638,verified,0,0,2026-07-29 00:27:40,2026-07-30 12:09:20,,
2683,匯安老人照顧中心,minimart,🏪 便利商店,新北市新店區,中正路399巷7號,24.976928,121.53403,verified,0,0,2026-07-29 00:22:18,2026-07-30 12:09:20,,
2682,英屬哥倫比亞體育館,stadium,🏟️ 體育館,加拿大溫哥華,兩個體育館在一起＋車站,49.276091,-123.111398,verified,1,1,2026-07-28 21:49:46,2026-07-30 12:09:20,2026-08-09 10:06:37,
2681,Riyadh Air Metropolitano Stadium,stadium,🏟️ 體育館,西班牙馬德里,大片體育館純點,40.436102,-3.599471,verified,1,0,2026-07-28 18:31:32,2026-07-30 12:09:20,2026-08-09 10:06:30,
2680,,bridge,🌉 橋梁,台北市台北市,金豐街 70號,25.065634,121.587035,verified,2,0,2026-07-28 16:48:13,2026-07-30 12:09:20,2026-08-16 06:34:12,
2679,伊蒂哈德球場,stadium,🏟️ 體育館,英國曼徹斯特,Sir Howard Bernstein Way,53.484125,-2.198682,verified,1,0,2026-07-28 16:29:20,2026-07-30 12:09:20,2026-08-18 00:55:12,
2678,,diy,🔧 五金行,台中市北屯區,軍福十六路 36號,24.175508,120.729171,verified,3,0,2026-07-28 10:43:52,2026-07-30 12:09:20,2026-08-24 10:26:35,
2677,寶橋路235巷,bakery,🥖 麵包店,新北市新店區,亞旺和車亭的中間,24.982765,121.550117,verified,6,0,2026-07-28 07:05:03,2026-07-30 12:09:20,2026-09-20 16:44:04,
2676,路燈編號122484,minimart,🏪 便利商店,新北市新店區,二十張路46巷37弄,24.981477,121.536005,verified,0,0,2026-07-28 06:30:15,2026-07-30 12:09:20,,
2675,SoFi Stadium,stadium,🏟️ 體育館,美國加利福尼亞英格爾伍德,大片體育館純點,33.953308,-118.338997,verified,1,0,2026-07-27 20:27:51,2026-07-30 12:09:20,2026-08-19 13:58:44,
2674,新店大坪林,hotel,🏨 飯店,新北市,二十張路25巷18弄的巷口,24.981392,121.539276,verified,2,0,2026-07-27 13:58:04,2026-07-30 12:09:20,2026-08-05 04:07:51,
2673,Brains Brewery Chimney,station,🚂 車站,英國加地夫,Y Rhodfa Ganolog,51.474377,-3.180227,verified,0,0,2026-07-27 13:56:30,2026-07-30 12:09:20,,
2672,小上海鹹酥雞,diy,🔧 五金行,台南市安平區,708臺南市安平區怡平里建平十一街277號,22.995123,120.1775118,verified,1,0,2026-07-27 13:36:46,2026-07-30 12:09:20,2026-08-13 15:18:12,
2671,,hairsalon,✂️ 美容院,台南市新市區,南科一路 6號,23.093426,120.284039,verified,5,0,2026-07-27 09:03:48,2026-07-30 12:09:20,2026-08-24 20:28:26,
2670,Stadium Link Station,station,🚂 車站,美國華盛頓西雅圖,附近有流明球場,47.590237,-122.32712,verified,0,0,2026-07-26 23:28:58,2026-07-30 12:09:20,,
2669,Meadowlands Sports Complex,airport,✈️ 機場,美國紐澤西東盧瑟福,Racetrack Drive 1,40.816748,-74.070854,verified,1,0,2026-07-26 20:22:33,2026-07-30 12:09:20,2026-08-10 15:07:11,
2668,LEGOLAND,themePark,🎢 主題樂園,美國紐澤西東盧瑟福,NJ 3,40.81071,-74.071981,verified,2,0,2026-07-26 20:19:26,2026-07-30 12:09:20,2026-08-30 05:29:03,
2667,Meadowlands Sports Complex Station,station,🚂 車站,美國紐澤西東盧瑟福,隔壁有體育場可以一起刷進階,40.813526,-74.071303,verified,0,0,2026-07-26 20:17:00,2026-07-30 12:09:20,,
2666,頂呱呱菁仔行對面路邊,waterside,🎣 水邊,宜蘭縣宜蘭市,進士路二段,24.737263,121.741626,verified,1,0,2026-07-26 16:18:31,2026-07-30 12:09:20,2026-08-01 17:02:07,
2665,SNCF Connect,station,🚂 車站,法國聖但尼,Rue André Campra 16,48.920186,2.350516,verified,1,0,2026-07-26 12:31:16,2026-07-30 12:09:20,2026-09-04 04:58:05,
2664,裕豐街185巷12弄52號附近,hairsalon,✂️ 美容院,台南市東區,同一巷弄也有體育館純點,22.817347,120.224325,verified,1,2,2026-07-26 03:17:33,2026-07-30 12:09:20,2026-09-14 03:43:31,
2663,裕豐街豆漿店附近,stadium,🏟️ 體育館,台南市東區,242號 到250號 之間,22.989015,120.22755,verified,4,0,2026-07-26 03:10:26,2026-07-30 12:09:20,2026-09-14 00:39:23,
2662,Lot E - AAC BLUE PARKING,station,🚂 車站,美國德克薩斯達拉斯,附近有體育館+車站雙點,32.791667,-96.812049,verified,0,0,2026-07-25 19:50:36,2026-07-30 12:09:20,,
2661,,postoffice,📮 郵局,Roma,"Viale Asia, 67, 00144 Roma RM, 義大利",41.832343,12.468735,verified,1,0,2026-07-25 13:49:14,2026-07-30 12:09:20,2026-08-24 15:34:20,
2660,,cafe,☕ 咖啡店,台中市豐原區,中陽路 165號,24.2490555,120.7266113,verified,4,0,2026-07-25 11:44:02,2026-07-30 12:09:20,2026-08-18 11:42:48,
2659,同安35公園,park,🍀 公園,新北市三重區,三重區文化南路& 福德南路路口公園,25.059566,121.50129,verified,0,0,2026-07-25 09:19:41,2026-07-30 12:09:20,,
2658,南港,postoffice,📮 郵局,台北市台北市,園區街 3,25.0584167,121.6121111,verified,4,0,2026-07-25 06:21:47,2026-07-30 12:09:20,2026-08-21 07:38:08,
2657,,restaurant,🍽️ 餐廳,台中市后里,臺中市后里區義里里內東路220號,24.305171,120.730928,verified,0,1,2026-07-25 06:05:09,2026-07-30 12:09:20,,
2656,,diy,🔧 五金行,桃園市大溪區,新光路 20號,24.916383,121.281999,verified,2,0,2026-07-25 04:22:32,2026-07-30 12:09:20,2026-09-09 13:41:03,
2655,,minimart,🏪 便利商店,基隆市安樂區,安一路210巷與246巷口（提水女子壁畫前）,25.132996,121.731477,verified,0,2,2026-07-25 02:23:01,2026-07-30 12:09:20,,
2654,,ramen,🍜 拉麵店,凱恩斯,"Mulgrave Rd, Bungalow QLD 4870澳洲",-16.930376,145.75847,verified,0,0,2026-07-25 01:45:57,2026-07-30 12:09:20,,
2653,,korean,🥬 韓式餐廳,台中市北屯區,臺中市西屯區何仁里文心路三段119號,24.168572,120.654809,verified,0,1,2026-07-24 14:27:01,2026-07-30 12:09:20,,
2652,,diy,🔧 五金行,台中市南屯區,臺中市南屯區同心里大墩一街284巷19號,24.13859,120.647287,verified,0,2,2026-07-24 14:20:38,2026-07-30 12:09:20,,
2651,FIL - Pavilhão 1,stadium,🏟️ 體育館,葡萄牙里斯本,隔壁有里斯本東站能夠順便刷同樣有進階飾品的票券,38.770087,-9.09404,verified,0,0,2026-07-24 12:55:01,2026-07-30 12:09:20,,
2650,蚵寮國小,bus,🚌 公車站,高雄市梓官區,赤崁南路 142之5號,22.734252,120.249446,verified,1,0,2026-07-23 08:44:58,2026-07-24 02:28:48,2026-07-26 09:25:25,
2649,日菁行便利超商,supermarket,🍌 超市,高雄市,大舍東路 121號,22.750001,120.26443,verified,7,0,2026-07-23 08:37:53,2026-07-24 02:28:48,2026-09-01 16:39:20,
2648,燦坤3C大社店,electronics,🔋 電器行,高雄市,大新路 35號,22.725297,120.350253,verified,11,0,2026-07-22 11:49:27,2026-07-24 02:28:48,2026-08-28 08:34:58,
2647,,bakery,🥖 麵包店,台南市,安中路四段320巷 3號,23.051949,120.164828,verified,0,3,2026-07-22 11:44:44,2026-07-24 02:28:48,,
2646,,ramen,🍜 拉麵店,新北市 中和區,中和路217巷,25.000782,121.504854,verified,1,0,2026-07-22 10:57:05,2026-07-24 02:28:48,2026-09-09 10:11:03,
2645,,hairsalon,✂️ 美容院,新北市蘆洲區,長樂路56巷 21號,25.086688,121.463789,verified,1,2,2026-07-22 10:54:28,2026-07-24 02:28:48,2026-09-05 06:31:34,
2644,堃暘企業社,park,🍀 公園,彰化縣埔心鄉,明道路 226號,23.948257,120.554443,verified,0,0,2026-07-22 09:52:13,2026-07-24 02:28:48,,
2643,101文具（五甲店）,pharmacy,💊 藥局,高雄市鳳山區,830高雄市鳳山區福祥里忠誠路110號,22.596707,120.32577,verified,0,2,2026-07-22 09:34:46,2026-07-24 02:28:48,,
2642,信安街景勤公園純點,park,🍀 公園,台北市信義區,信安街47巷23號,25.027511,121.559604,verified,0,0,2026-07-22 09:23:47,2026-07-24 02:28:48,,
2641,湖內里上帝廟,bus,🚌 公車站,嘉義市,民生南路,23.453945,120.440848,verified,0,0,2026-07-22 05:02:44,2026-07-24 02:28:48,,
2640,舊宗路二段堤頂交流道下方,bridge,🌉 橋梁,台北市內湖區,舊宗路二段 167號,25.070768,121.574814,verified,0,0,2026-07-21 18:17:38,2026-07-24 02:28:48,,
2639,宏匯停車場靠中央路出口,electronics,🔋 電器行,新北市,新北大道四段 3,25.059178,121.44918,verified,0,1,2026-07-21 16:01:53,2026-07-24 02:28:48,,
2638,思源路藏壽司,sushi,🍣 壽司店,新北市新莊區,新北市新莊區思源路,25.02538,121.27373,verified,3,6,2026-07-21 15:58:04,2026-07-24 02:28:48,2026-08-28 11:43:22,
2637,馬德里阿托查車站,station,🚂 車站,西班牙馬德里,Calle de Antonio Nebrija,40.4034,-3.686199,verified,0,0,2026-07-21 14:46:10,2026-07-24 02:28:48,,
2636,東海遊園南路髮圈服裝店,clothesstore,👗 服飾店,台中市,遊園南路101巷 90號,24.183729,120.586714,verified,3,0,2026-07-21 09:28:06,2026-07-24 02:28:48,2026-09-02 17:24:10,
2635,,waterside,🎣 水邊,高雄市仁武區,八德東路 288號,22.686059,120.343916,verified,0,1,2026-07-21 05:59:48,2026-07-24 02:28:48,,
2634,吳利成議員仁武服務處跟Upper上健身房之間,diy,🔧 五金行,高雄市仁武區,八德一路 249之7號,22.689508,120.335285,verified,3,0,2026-07-21 05:54:18,2026-07-24 02:28:48,2026-07-28 10:18:56,
2633,興天地畫廊,artgallery,🎨 美術館,新北市中和區,興天地畫廊,24.98645059670573,121.51070565263143,verified,13,2,2026-07-20 06:48:15,2026-07-24 02:28:48,2026-09-13 03:26:06,
2632,Leipzig Hauptbahnhof,station,🚂 車站,德國萊比錫,Parkhaus Hauptbahnhof Ost,51.347025,12.384231,verified,0,0,2026-07-19 20:20:45,2026-07-24 02:28:48,,
2631,,forest,🌲 森林,新北市中和區,圓通路367巷13弄 40號,24.988027,121.493328,verified,6,0,2026-07-19 16:10:30,2026-07-24 02:28:48,2026-09-19 06:56:44,
2630,好市多,minimart,🏪 便利商店,檀香山,Alakawa Street 525,21.318939,-157.871392,verified,0,0,2026-07-19 07:20:11,2026-07-24 02:28:48,,
2629,,artgallery,🎨 美術館,台中市,和祥街 328號,24.180156,120.722569,verified,0,2,2026-07-19 05:18:37,2026-07-24 02:28:48,,
2628,史前博物館,hotel,🏨 飯店,台東縣台東市,博物館路 1,22.760369,121.091635,verified,0,0,2026-07-19 03:04:21,2026-07-24 02:28:48,,
2627,松山機場航空警察局前,airport,✈️ 機場,台北市松山區,台北市松山區精忠里敦化北路340附近,25.062739,121.553964,verified,7,0,2026-07-19 02:39:48,2026-07-24 02:28:48,2026-09-16 11:26:39,
2626,Tokyo big sight東京國際展示場岸邊,beach,🐚 海灘,日本東京台場,"3-chōme-15 Ariake, Koto City, Tokyo 135-0063日本附近",35.621876,139.798691,verified,1,0,2026-07-19 02:26:03,2026-07-24 02:28:48,2026-07-24 06:20:33,
2625,蘭雅國中後巷口,themePark,🎢 主題樂園,台北市士林區,111臺北市士林區三玉里德行東路229巷274附近,25.110563,121.532953,verified,1,0,2026-07-19 02:20:13,2026-07-24 02:28:48,2026-09-12 15:08:02,
2624,十字路口,library,📚 圖書館/書店,新竹縣竹北市,新光街 312號,24.836303,121.002232,verified,1,0,2026-07-18 21:32:03,2026-07-24 02:28:48,2026-08-07 08:05:28,
2623,,university,🎓 大學/學院,香港消防參觀博物館,"Pak Shing Kok Road, Tseung Kwan O, New Territories, 香港",22.306466,114.274166,verified,1,0,2026-07-18 01:57:41,2026-07-24 02:28:48,2026-08-13 03:26:11,
2622,水月道場,waterside,🎣 水邊,台北市,大度路 112,25.122352,121.495308,verified,1,1,2026-07-17 08:26:52,2026-07-24 02:28:48,2026-07-24 23:59:17,
2621,,movie,🎬 電影院,台北市,臺北市中山區中吉里長春路156號六樓號,25.054804,121.532246,verified,0,3,2026-07-17 01:43:23,2026-07-24 02:28:48,,
2620,麻豆國中後門,park,🍀 公園,台南市麻豆區,臺南市麻豆區南勢里南勢36號之196號,23.181149,120.260757,verified,0,1,2026-07-16 08:14:21,2026-07-24 02:28:48,,
2619,同仁街 信義路 路口,pharmacy,💊 藥局,台南市麻豆區,同仁街 16號,23.182048,120.255709,verified,5,0,2026-07-16 08:12:29,2026-07-24 02:28:48,2026-09-14 16:14:17,
2618,彰化市藥局牙刷,pharmacy,💊 藥局,彰化縣彰化市,建國西街 55號,24.094578,120.546621,verified,1,0,2026-07-15 10:13:30,2026-07-24 02:28:48,2026-08-10 14:40:44,
2617,天台寶宮牌樓,minimart,🏪 便利商店,屏東縣潮州鎮,屏東縣潮州鎮三共里延平路,22.561543,120.539972,verified,0,0,2026-07-14 23:28:00,2026-07-24 02:28:48,,
2616,中興新村郵局,postoffice,📮 郵局,南投縣草屯鎮,中興高中門口,23.949899,120.695297,verified,4,0,2026-07-13 04:33:46,2026-07-24 02:28:48,2026-09-13 12:02:16,
2615,大里區,sushi,🍣 壽司店,台中市,西湖路173巷1號,24.077547,120.685699,verified,0,3,2026-07-12 16:58:55,2026-07-24 02:28:48,,
2614,長春國小,minimart,🏪 便利商店,台北市中山區,長春路 165號,25.054835,121.533919,verified,0,0,2026-07-12 05:22:58,2026-07-24 02:28:48,,
2613,Rochester Train Station,station,🚂 車站,美國/羅徹斯特,Marietta Street 95,43.163573,-77.609782,verified,1,0,2026-07-11 20:45:29,2026-07-24 02:28:48,2026-08-01 05:18:53,
2612,Pacific Central Station,station,🚂 車站,加拿大/溫哥華,National Avenue 1100,49.272789,-123.0917,verified,1,0,2026-07-11 20:43:32,2026-07-24 02:28:48,2026-08-01 05:18:48,
2611,TMobile,cafe,☕ 咖啡店,美國/羅徹斯特,Jefferson Road 1180,43.089028,-77.601478,verified,0,0,2026-07-11 20:42:01,2026-07-24 02:28:48,,
2610,Roshester Post Office,postoffice,📮 郵局,美國/羅徹斯特,Jefferson Road 1335,43.084671,-77.596371,verified,1,0,2026-07-11 20:40:33,2026-07-24 02:28:48,2026-08-09 12:23:43,
2609,Wegmans,supermarket,🍌 超市,美國/羅徹斯特,Midway Place,43.067175,-77.610951,verified,2,1,2026-07-11 20:37:13,2026-07-24 02:28:48,2026-08-18 01:51:48,
2608,三重棒球場旁邊巷子,stadium,🏟️ 體育館,新北市,名源街61巷 7號,25.059458,121.48187,verified,12,1,2026-07-11 03:28:01,2026-07-11 09:57:59,2026-08-15 03:00:58,
2607,追分車站,station,🚂 車站,台中市大肚區,興和路155巷,24.12058,120.567555,verified,5,1,2026-07-11 03:21:30,2026-07-11 09:57:59,2026-08-28 15:27:36,
2606,Kwik Fill,forest,🌲 森林,美國/羅徹斯特,West Henrietta Road,43.089795,-77.637879,verified,1,1,2026-07-11 03:14:27,2026-07-11 09:57:59,2026-09-11 15:59:48,
2605,三重區,sweetshop,🍩 甜點店,新北市,新北市三重區五常里仁義街55號,25.078331,121.499143,verified,0,6,2026-07-11 00:11:34,2026-07-11 09:57:59,,
2604,,roadside,🪙 路邊,台北市南港區,昆陽街60巷 18號,25.051932,121.59201,verified,1,0,2026-07-10 11:02:46,2026-07-11 09:57:59,2026-09-10 04:48:49,
2603,捷運昆陽站後,station,🚂 車站,台北市南港區,昆陽街60巷,25.051588,121.592075,verified,5,0,2026-07-10 10:51:26,2026-07-11 09:57:59,2026-09-05 06:53:09,
2602,,park,🍀 公園,台北市南港區,昆陽街 171巷1弄20號,25.047572,121.5933,verified,0,1,2026-07-10 10:17:20,2026-07-11 09:57:59,,
2601,,park,🍀 公園,台北市南港區,昆陽街 182號,25.048026,121.59318,verified,3,0,2026-07-10 10:05:08,2026-07-11 09:57:59,2026-07-19 14:06:24,
2600,高雄市立美術館,park,🍀 公園,高雄市鼓山區,高雄市鼓山區美術館路165號,22.655166,120.684611,verified,0,1,2026-07-10 08:51:46,2026-07-11 09:57:59,,
2599,,park,🍀 公園,台中市,美村南路,24.121054,120.668435,verified,3,0,2026-07-10 06:16:29,2026-07-11 09:57:59,2026-09-13 16:38:12,
2598,,bus,🚌 公車站,台南市,同興路 318號,22.926324,120.188318,verified,0,0,2026-07-10 05:11:34,2026-07-11 09:57:59,,
2597,,bus,🚌 公車站,台南市,高鐵大道,22.924468,120.276074,verified,0,0,2026-07-10 04:52:45,2026-07-11 09:57:59,,
2596,,park,🍀 公園,台南市,高鐵大道,22.923101,120.279742,verified,3,0,2026-07-10 04:51:23,2026-07-11 09:57:59,2026-09-10 11:17:53,
2595,三井outlet,station,🚂 車站,台南市,歸仁大道 101,22.925085,120.28781,verified,3,0,2026-07-10 03:35:38,2026-07-11 09:57:59,2026-09-16 14:29:58,
2594,,postoffice,📮 郵局,台中市豐原區,豐西街 43號,24.251598,120.71277,verified,0,0,2026-07-09 13:33:01,2026-07-11 09:57:59,,
2593,,korean,🥬 韓式餐廳,台南市,臺南市新市區大營里大營18號,23.100867,120.313649,verified,0,2,2026-07-09 08:13:08,2026-07-11 09:57:59,,
2592,,ramen,🍜 拉麵店,新北市永和區,永利路84巷 9號,25.003523,121.520149,verified,1,0,2026-07-09 03:27:27,2026-07-11 09:57:59,2026-07-17 00:21:44,
2591,清水眷村主題樂園,themePark,🎢 主題樂園,台中市清水區,臺中市清水區中社里中社路信義巷44號清水眷村文化園區,24.267925,120.55719,verified,3,1,2026-07-08 16:48:14,2026-07-11 09:57:59,2026-08-24 10:39:33,
2590,,bus,🚌 公車站,台中市,豐田路64號,24.240967,120.719579,verified,0,0,2026-07-08 16:38:39,2026-07-11 09:57:59,,
2589,墨醬章魚燒嘉義民族店,korean,🥬 韓式餐廳,嘉義市東區,嘉義市東區過溝里成仁街36號,23.476096,120.452606,verified,0,2,2026-07-08 12:20:13,2026-07-11 09:57:59,,
2588,新北美術館,park,🍀 公園,新北市,館前路 300,24.952763,121.35904,verified,0,1,2026-07-08 09:48:22,2026-07-11 09:57:59,,
2587,,university,🎓 大學/學院,台北市,辛亥路自行車道(南側),25.018499,121.546859,verified,3,0,2026-07-07 10:04:53,2026-07-11 09:57:59,2026-08-04 12:58:04,
2586,,supermarket,🍌 超市,宜蘭縣礁溪鄉,林尾路,24.814207,121.755831,verified,3,0,2026-07-07 08:24:05,2026-07-11 09:57:59,2026-09-07 07:35:00,
2585,北埔火車站,station,🚂 車站,花蓮縣新城鄉,花蓮縣新城鄉北埔村自強街113號,24.032451,121.601545,verified,1,0,2026-07-07 03:01:56,2026-07-11 09:57:59,2026-09-16 14:31:12,
2584,福懋加油站對面,waterside,🎣 水邊,桃園市中壢區,中正路二段158號,24.975721,121.196689,verified,0,0,2026-07-06 15:12:04,2026-07-11 09:57:59,,
2583,芳沐花店,pharmacy,💊 藥局,桃園市中壢區,環西路二段11號,24.961867,121.208009,verified,2,5,2026-07-06 15:01:19,2026-07-11 09:57:59,2026-07-28 23:49:11,
2582,Times Parking,bus,🚌 公車站,桃園市中壢區,環西路二段185-1號,24.964341,121.209909,verified,0,0,2026-07-06 14:57:48,2026-07-11 09:57:59,,
2581,通營巨星大樓,park,🍀 公園,桃園市平鎮區,環南路 409號,24.94776,121.206897,verified,1,0,2026-07-06 14:29:22,2026-07-11 09:57:59,2026-07-22 18:09:27,
2580,宜誠恒美社區,roadside,🪙 路邊,桃園市平鎮區,環南路 459號,24.946779,121.207393,verified,0,0,2026-07-06 14:27:29,2026-07-11 09:57:59,,
2579,SPATIO PARKING,minimart,🏪 便利商店,桃園市平鎮區,新富四街/新富一街口,24.941961,121.213909,verified,0,0,2026-07-06 14:17:32,2026-07-11 09:57:59,,
2578,港富五金前,diy,🔧 五金行,苗栗縣通霄鎮,中山路 23號,24.478803,120.6749188,verified,0,1,2026-07-06 14:16:04,2026-07-11 09:57:59,,
2577,地下道旁邊,restaurant,🍽️ 餐廳,桃園市平鎮區,桃園市平鎮區環南路二段205號,24.941034,121.213258,verified,1,0,2026-07-06 14:13:47,2026-07-11 09:57:59,2026-08-03 08:47:02,
2576,垃圾不落地變電箱,roadside,🪙 路邊,桃園市平鎮區,桃園市平鎮區環南路三段159號,24.940206,121.220606,verified,0,0,2026-07-06 14:05:54,2026-07-11 09:57:59,,
2575,全聯,supermarket,🍌 超市,高雄市,頂聖街,22.586051,120.356204,verified,2,0,2026-07-06 13:16:10,2026-07-11 09:57:59,2026-08-07 13:43:04,
2574,倒店的古巴三明治,supermarket,🍌 超市,台中市南區,402臺中市南區福興里五權南路267巷1號,24.1236344,120.6698829,verified,4,0,2026-07-06 12:26:53,2026-07-11 09:57:59,2026-08-28 16:00:31,
2573,中華路二段416巷和西藏路125巷交叉口,forest,🌲 森林,台北市萬華區,中華路二段416巷 15號,25.026696,121.503135,verified,3,0,2026-07-06 03:42:55,2026-07-11 09:57:59,2026-09-18 03:27:07,
2572,三條崙海水浴場,beach,🐚 海灘,雲林縣口湖鄉,M572+2M 台灣雲林縣四湖鄉崙北村,23.662624,120.151705,verified,2,0,2026-07-06 02:47:14,2026-07-11 09:57:59,2026-08-01 05:24:35,
2571,Context Cafe ☕️ 컨텍스트카페,cafe,☕ 咖啡店,韓國浦市,嚕嚕米咖啡廳,37.656986,126.668483,verified,0,0,2026-07-05 17:15:40,2026-07-11 09:57:59,,
2570,寶島包子店,stationery,✏️ 文具,台中市大甲區,大甲街與五福街十字路口,24.3521989,120.6221597,verified,0,2,2026-07-05 17:05:49,2026-07-11 09:57:59,,
2569,,bus,🚌 公車站,台中市南屯區,豐富路199號,24.13129,120.64849,verified,0,0,2026-07-05 17:02:26,2026-07-11 09:57:59,,
2568,,mountain,⛰️ 山丘,桃園市,中原路二段 188號,24.841446,121.195796,verified,7,0,2026-07-05 06:26:58,2026-07-05 12:49:39,2026-08-04 05:14:20,
2567,,minimart,🏪 便利商店,台南市,25,23.187628,120.132768,verified,1,0,2026-07-05 02:49:36,2026-07-05 12:49:39,2026-08-01 18:36:47,
2566,米壽司,station,🚂 車站,高雄市前鎮區平等里,樹人路 110號,22.588046676785172,120.32039914855491,verified,0,1,2026-07-04 14:19:24,2026-07-05 12:49:39,,
2565,高雄成功物流園區,roadside,🪙 路邊,高雄市前鎮區興邦里,中華五路,22.598032,120.306001,verified,0,0,2026-07-04 14:14:47,2026-07-05 12:49:39,,
2564,君毅正勤里社區活動中心,station,🚂 車站,高雄市前鎮區忠純里,中華五路969巷 9號,22.601034,120.304316,verified,1,0,2026-07-04 14:00:09,2026-07-05 12:49:39,2026-07-26 15:22:29,
2563,臺南南區誠品書局,makeup,💄 化妝品商店,台南市南區,臺南市南區彰南里中華西路一段56巷2號,22.97204,120.184249,verified,0,0,2026-07-04 13:14:56,2026-07-05 12:49:39,,
2562,東石漁人碼頭,beach,🐚 海灘,嘉義縣東石鄉,彩霞大道 420號,23.448807,120.135231,verified,5,0,2026-07-04 08:19:17,2026-07-05 12:49:39,2026-09-19 06:52:27,
2561,箔子寮漁港,waterside,🎣 水邊,雲林縣口湖鄉,雲林縣口湖鄉下崙村,23.619229,120.140018,verified,0,0,2026-07-04 08:18:02,2026-07-05 12:49:39,,
2560,下崙剉冰店,minimart,🏪 便利商店,雲林縣口湖鄉,漁港路 臨1,23.61869,120.161273,verified,0,0,2026-07-04 08:15:43,2026-07-05 12:49:39,,
2559,魔力冰品屋前,pharmacy,💊 藥局,雲林縣口湖鄉,民生路 128,23.617187,120.161758,verified,2,0,2026-07-04 08:14:21,2026-07-05 12:49:39,2026-07-15 04:39:44,
2558,中壢區忠孝路282巷,laundry,👕 自助洗衣店,桃園市中壢區,32號前,24.9795,121.255306,verified,7,1,2026-07-04 04:47:16,2026-07-05 12:49:39,2026-09-20 03:44:12,
2557,中壢區榮安五街,supermarket,🍌 超市,桃園市中壢區,128號旁轉角處,24.963222,121.259306,verified,0,2,2026-07-04 04:44:35,2026-07-05 12:49:39,,
2556,,artgallery,🎨 美術館,桃園,桃園市楊梅區高榮里快速路五段825巷17弄6號,24.949499,121.161958,verified,8,2,2026-07-04 02:16:31,2026-07-05 12:49:39,2026-08-24 07:54:16,
2555,,movie,🎬 電影院,阿拉伯聯合大公國阿布達比,شارع خديجة بنت خويلد 68,24.464132,54.373918,verified,1,0,2026-07-03 18:08:45,2026-07-05 12:49:39,2026-08-05 01:33:46,
2554,民宅旁,electronics,🔋 電器行,桃園市龜山區,南美街 80號,25.045399,121.297989,verified,2,2,2026-07-03 16:30:40,2026-07-05 12:49:39,2026-07-16 06:54:01,
2553,新興公園,park,🍀 公園,桃園市中壢區,少康一街12號,24.9457257,121.2257319,verified,1,0,2026-07-03 09:30:39,2026-07-05 12:49:39,2026-07-05 15:27:51,
2552,自立街31巷36弄,clothesstore,👗 服飾店,苗栗縣頭份市,351苗栗縣頭份市中興里自立街31巷36弄,24.6917716,120.904249,verified,2,0,2026-07-03 07:27:26,2026-07-05 12:49:39,2026-07-25 01:48:46,
2551,中興街175巷,pharmacy,💊 藥局,新竹縣湖口鄉,中興街175巷,24.903732,121.04993,verified,2,0,2026-07-03 06:40:11,2026-07-05 12:49:39,2026-08-23 04:20:41,
2550,翔盛五金行,diy,🔧 五金行,新竹縣湖口鄉,新竹縣湖口鄉中勢村中平路一段29號,24.9019456,121.0498453,verified,1,0,2026-07-03 06:32:57,2026-07-05 12:49:39,2026-07-16 06:36:48,
2549,常立寺,shrine,⛩️ 神社/寺廟,日本東京都新宿區,夏目坂通り,35.701823,139.722592,verified,12,0,2026-07-03 06:26:52,2026-07-05 12:49:39,2026-09-20 14:50:35,
2548,7-11壽元門市,minimart,🏪 便利商店,屏東縣南州鄉,屏東縣南州鄉壽元村勝利路5號,22.491492,120.537648,verified,0,0,2026-07-03 04:34:43,2026-07-05 12:49:39,,
2547,,park,🍀 公園,新北市樹林區,新北市樹林區北園里西圳街一段116巷12號,24.963933,121.401764,verified,0,0,2026-07-03 02:55:38,2026-07-05 12:49:39,,
2546,,minimart,🏪 便利商店,桃園市,文中路 688號,24.993383,121.276373,verified,0,0,2026-07-02 23:37:06,2026-07-05 12:49:39,,
2545,,forest,🌲 森林,桃園市,大興西路三段 790號,24.9942022,121.2780939,verified,0,2,2026-07-02 11:37:29,2026-07-05 12:49:39,,
2544,,minimart,🏪 便利商店,桃園市,經國二路,25.030156,121.298237,verified,0,0,2026-07-02 11:31:29,2026-07-05 12:49:39,,
2543,,bridge,🌉 橋梁,宜蘭縣頭城鎮,青雲路一段100巷,24.835253,121.794501,verified,0,0,2026-07-02 10:42:14,2026-07-05 12:49:39,,
2542,愛の家 小規模多機能型居宅介護 交叉路口,bridge,🌉 橋梁,日本京都府,天神通 22,35.017207,135.734485,verified,0,0,2026-07-02 10:14:54,2026-07-05 12:49:39,,
2541,,minimart,🏪 便利商店,桃園市觀音區,福祥街 18之1號,25.04768,121.137104,verified,0,0,2026-07-02 08:11:52,2026-07-05 12:49:39,,
2540,,waterside,🎣 水邊,宜蘭縣礁溪鄉,白雲六路,24.832352,121.789108,verified,0,0,2026-07-02 08:07:28,2026-07-05 12:49:39,,
2539,竹蓮市場附近,park,🍀 公園,新竹市東區,竹蓮街 45號,24.79733,120.971797,verified,1,0,2026-07-02 07:07:02,2026-07-05 12:49:39,2026-09-09 13:54:39,
2538,新興路299～293號中間約一間房屋寬度,hairsalon,✂️ 美容院,嘉義縣梅山鄉,距離非常短（手機不同好像也會有差，本人拿i13),23.58533,120.5569,verified,0,1,2026-07-01 16:32:38,2026-07-05 12:49:39,,
2537,エアリアルタウン逗子海岸  建案前面,hotel,🏨 飯店,日本神奈川縣,"2 Chome-11-14 Shinjuku, Zushi, Kanagawa 249-0007日本",35.295286,139.570782,verified,1,0,2026-07-01 14:54:17,2026-07-05 12:49:39,2026-08-24 15:34:12,
2536,逗子海岸,beach,🐚 海灘,日本神奈川縣,"-chōme-14-28 Shinjuku, Zushi, Kanagawa 249-0007日本",35.294224,139.569256,verified,1,0,2026-07-01 14:34:51,2026-07-05 12:49:39,2026-08-11 14:26:51,
2535,半屏山南峰三角點(休息亭),mountain,⛰️ 山丘,高雄市左營區,半屏山南峰三角點(休息亭),22.698357,120.310169,verified,0,0,2026-07-01 13:33:01,2026-07-05 12:49:39,,
2534,苗栗縣苗栗市玉清路,restaurant,🍽️ 餐廳,苗栗縣苗栗市,苗栗縣苗栗市玉清里玉清路95號,24.56276,120.829396,verified,0,0,2026-07-01 09:40:54,2026-07-05 12:49:39,,
2533,雪梨動物園聚集地,zoo,🦁 動物園,澳洲雪梨,"a Bradleys Head Rd, Mosman NSW 2088澳洲",-33.843466080446355,151.24293308705091,verified,0,5,2026-07-01 08:03:01,2026-07-05 12:49:39,,
2532,佳新洗衣店,laundry,👕 自助洗衣店,雲林縣斗六市,640雲林縣斗六市忠孝里文化路120號,23.7109457,120.5484419,verified,1,3,2026-07-01 07:55:59,2026-07-05 12:49:39,2026-08-30 00:43:24,
2531,北22.68626° 東120.31072°,laundry,👕 自助洗衣店,高雄市左營區,重和路與文學路交界,22.686331,120.310666,verified,2,0,2026-06-30 16:34:24,2026-07-05 12:49:39,2026-08-30 00:46:56,
2530,北22.63367° 東120.32026°,ramen,🍜 拉麵店,高雄市苓雅區,建國一路與凱旋一路路口,22.633679,120.320194,verified,0,0,2026-06-30 16:28:47,2026-07-05 12:49:39,,
2529,瀬嵐集会所,beach,🐚 海灘,日本 / 七尾市,長浦中島線,37.111311,136.881292,verified,0,0,2026-06-30 11:56:10,2026-07-05 12:49:39,,
2528,,bridge,🌉 橋梁,台南市永康區,臺南市永康區建國里復興路80號之1號,22.999033,120.247277,verified,0,0,2026-06-30 08:23:07,2026-07-05 12:49:39,,
2527,,bridge,🌉 橋梁,台南市東區,臺南市仁德區太子里太子路735號,22.990475,120.248553,verified,0,0,2026-06-30 08:18:58,2026-07-05 12:49:39,,
2526,樹德汽車材料有限公司,clothesstore,👗 服飾店,彰化縣埔心鄉,明聖路二段 197號,23.942876,120.558437,verified,2,0,2026-06-29 14:29:47,2026-06-29 17:55:44,2026-08-19 09:12:33,
2525,聯翔餅店沙鹿店前,restaurant,🍽️ 餐廳,台中市沙鹿區,四平街 100號,24.2354404,120.5605578,verified,3,2,2026-06-29 13:22:34,2026-06-29 17:55:44,2026-07-16 04:45:13,
2524,,park,🍀 公園,台南市,城西街二段,23.05843,120.11271,verified,3,0,2026-06-29 12:03:41,2026-06-29 17:55:44,2026-07-31 15:19:08,
2523,,park,🍀 公園,台南市,城西街三段1052巷,23.06842,120.090802,verified,1,0,2026-06-29 12:02:15,2026-06-29 17:55:44,2026-07-02 07:44:41,
2522,南灣停車場,beach,🐚 海灘,屏東縣恆春鎮,屏東縣恆春鎮南灣里南灣路223之1號,21.960287,120.762207,verified,0,0,2026-06-29 04:52:07,2026-06-29 17:55:44,,
2521,南灣停車場,mountain,⛰️ 山丘,屏東縣恆春鎮,屏東縣恆春鎮南灣里南灣路223之1號,21.960287,120.762207,verified,3,1,2026-06-29 04:51:42,2026-06-29 17:55:44,2026-08-13 23:15:02,
2520,,forest,🌲 森林,彰化縣員林市,大同街 119之1,24.23964,120.55865,verified,2,2,2026-06-29 01:07:47,2026-06-29 17:55:44,2026-09-02 06:02:01,
2519,忠明國小校門口邊邊的小路(往忠明路方向),bus,🚌 公車站,台中市西區,忠明人行地下道,24.1577073,120.659315,verified,0,1,2026-06-28 17:02:42,2026-06-29 17:55:44,,
2518,潔林有限公司對面,hotel,🏨 飯店,台中市西屯區,西安街277巷 6之6號,24.183328,120.6481788,verified,2,0,2026-06-28 17:00:43,2026-06-29 17:55:44,2026-09-06 15:08:34,
2517,探索私旅對面(漢翔路方向),hotel,🏨 飯店,台中市西屯區,漢翔路 3號,24.1851145,120.6461802,verified,0,0,2026-06-28 16:58:38,2026-06-29 17:55:44,,
2516,僑光科大,university,🎓 大學/學院,台中市西屯區,福星北路(森典幼稚園斜對面),24.1872814,120.6429814,verified,0,0,2026-06-28 16:55:46,2026-06-29 17:55:44,,
2515,大台郵便局,postoffice,📮 郵局,日本三重縣大台町,"-7 Sawara, Odai, Taki District, Mie 519-2404日本",34.392329,136.40536,verified,0,0,2026-06-28 12:51:07,2026-06-29 17:55:44,,
2514,大台町立圖書館,library,📚 圖書館/書店,日本三重縣大台町,佐原勢和松阪線,34.392836,136.406701,verified,1,0,2026-06-28 12:44:18,2026-06-29 17:55:44,2026-08-24 15:35:20,
2513,全聯福利中心Pxmart 水上柳林,supermarket,🍌 超市,嘉義縣水上鄉,109-21,23.436803,120.415936,verified,1,0,2026-06-28 12:40:06,2026-06-29 17:55:44,2026-08-15 08:59:27,
2512,枋山六號,roadside,🪙 路邊,屏東縣枋山鄉,屏東縣枋山鄉枋山村中山路四段6號,22.258275,120.653928,verified,0,0,2026-06-28 11:53:56,2026-06-29 17:55:44,,
2511,全家便利商店 森美店,minimart,🏪 便利商店,台中市沙鹿區,保成路166巷 2號,24.211858,120.56561,verified,0,0,2026-06-28 11:46:11,2026-06-29 17:55:44,,
2510,土城區,diy,🔧 五金行,新北市,新北市土城區埤塘里千歲路20號,24.969001,121.441549,verified,1,3,2026-06-28 08:05:13,2026-06-29 17:55:44,2026-07-02 11:17:12,
2509,三重區,mexican,🌮 墨西哥餐廳,新北市,三民街300巷8弄 16號（2選1）,25.068158,121.478043,verified,4,9,2026-06-28 07:15:54,2026-06-29 17:55:44,2026-09-08 15:10:18,
2508,,waterside,🎣 水邊,高雄市林園區,高雄市林園區五福里工業三路9號,22.496652,120.415397,verified,2,0,2026-06-28 05:05:47,2026-06-29 17:55:44,2026-08-06 12:18:39,
2507,,roadside,🪙 路邊,屏東縣鹽埔鄉,屏東縣鹽埔鄉鹽南村勝利路52之4號,22.75545,120.573737,verified,0,0,2026-06-28 04:11:10,2026-06-29 17:55:44,,
2506,大雅露營區前段,roadside,🪙 路邊,屏東縣三地門鄉,RJPM+47 台灣屏東縣三地門鄉青葉村,22.835333,120.633188,verified,0,0,2026-06-28 03:48:36,2026-06-29 17:55:44,,
2505,南勢里福德寺,waterside,🎣 水邊,台中市沙鹿區,自由路 162號,24.218979,120.563641,verified,1,0,2026-06-28 03:45:10,2026-06-29 17:55:44,2026-08-06 12:27:11,
2504,戴雅露營區,forest,🌲 森林,屏東縣三地門鄉,RJMJ+WX 台灣屏東縣三地門鄉青葉村,22.834791,120.632379,verified,1,2,2026-06-28 03:19:53,2026-06-29 17:55:44,2026-09-11 09:14:21,
2503,進富商店,bus,🚌 公車站,高雄市小港區,復華路 120號,22.584103,120.363226,verified,2,0,2026-06-28 02:35:01,2026-06-29 17:55:44,2026-07-29 05:51:16,
2502,戴雅露營區,forest,🌲 森林,屏東縣三地門鄉,RJPM+49 台灣屏東縣三地門鄉青葉村,22.835357,120.633391,verified,0,2,2026-06-27 12:46:45,2026-06-29 17:55:44,,
2501,六路里福德寺（花點）,italian,🍕 義式餐廳,台中市沙鹿區,六路八街 31號,24.213206,120.57941,verified,1,0,2026-06-27 06:57:53,2026-06-29 17:55:44,2026-08-20 13:03:22,
2500,鳳龍宮指示牌前,bus,🚌 公車站,台中市沙鹿區,六路十四街 2號,24.214897,120.575375,verified,0,0,2026-06-27 06:53:53,2026-06-29 17:55:44,,
2499,文亨液化煤氣供應中心,supermarket,🍌 超市,高雄市阿蓮區南蓮里,民族路 31號,22.879896,120.330178,verified,0,0,2026-06-26 15:24:36,2026-06-29 17:55:44,,
2498,,clothesstore,👗 服飾店,台南市永康區大灣里,大同街 180號,23.010175,120.267088,verified,0,0,2026-06-26 15:18:11,2026-06-29 17:55:44,,
2497,後壁郵局,postoffice,📮 郵局,台南市後壁區後壁里,1號之1,23.364786,120.363035,verified,0,2,2026-06-26 15:09:58,2026-06-29 17:55:44,,
2496,上茄苳里路牌旁,minimart,🏪 便利商店,台南市後壁區,南88,23.387369,120.380802,verified,0,0,2026-06-26 15:06:00,2026-06-29 17:55:44,,
2495,外溪洲,waterside,🎣 水邊,嘉義市水上鄉,130號,23.412766,120.389321,verified,0,0,2026-06-26 15:03:24,2026-06-29 17:55:44,,
2494,大地電腦文理短期補習班,minimart,🏪 便利商店,嘉義市水上鄉,中正路155巷28弄 1號,23.427032,120.399191,verified,0,0,2026-06-26 14:59:45,2026-06-29 17:55:44,,
2493,北回歸線太空館附設公園,park,🍀 公園,嘉義市水上鄉,188號,23.451488,120.417007,verified,0,0,2026-06-26 14:56:07,2026-06-29 17:55:44,,
2492,7-ELEVEN 嘉榮門市,minimart,🏪 便利商店,嘉義市,自強街,23.464996,120.422848,verified,0,0,2026-06-26 14:53:44,2026-06-29 17:55:44,,
2491,菊亞司汽車玻璃修復,supermarket,🍌 超市,嘉義市,自強街 107,23.464725,120.42092,verified,1,0,2026-06-26 14:51:45,2026-06-29 17:55:44,2026-08-16 06:16:14,
2490,雅富音響,postoffice,📮 郵局,嘉義市,友忠路,23.470981,120.428717,verified,1,0,2026-06-26 14:48:37,2026-06-29 17:55:44,2026-06-30 15:37:21,
2489,榮光液化煤氣行有限公司,minimart,🏪 便利商店,嘉義市,大統路,23.470906,120.425777,verified,0,0,2026-06-26 14:45:42,2026-06-29 17:55:44,,
2488,林沐藝廊,hotel,🏨 飯店,嘉義市,福全街107巷,23.478785,120.430208,verified,0,0,2026-06-26 14:42:24,2026-06-29 17:55:44,,
2487,永煌電料行,electronics,🔋 電器行,嘉義市,友平街 40,23.480279,120.435315,verified,2,0,2026-06-26 14:39:26,2026-06-29 17:55:44,2026-09-09 15:29:14,
2486,豬小妹德明店,restaurant,🍽️ 餐廳,嘉義市,友和路,23.480619,120.432032,verified,0,0,2026-06-26 14:36:18,2026-06-29 17:55:44,,
2485,家樂福嘉義德明店,supermarket,🍌 超市,嘉義市,德明路 128-132,23.483138,120.431963,verified,0,0,2026-06-26 14:35:02,2026-06-29 17:55:44,,
2484,承德通信工程行,postoffice,📮 郵局,嘉義市,雙竹街,23.485072,120.438647,verified,0,1,2026-06-26 14:29:30,2026-06-29 17:55:44,,
2483,馬賽郵局,bus,🚌 公車站,宜蘭縣蘇澳鎮,大同路 218,24.624869,121.833841,verified,1,0,2026-06-26 14:23:43,2026-06-29 17:55:44,2026-07-20 02:48:04,
2482,新鎮生鮮便利超市-美山店,supermarket,🍌 超市,高雄市鳥松區,高雄市鳥松區仁美里美山路46-2號,22.642805,120.382553,verified,2,0,2026-06-26 11:38:41,2026-06-26 11:56:54,2026-08-03 01:09:13,
2481,,ramen,🍜 拉麵店,台北市北投區,新民路2巷 2號,25.140087,121.508221,verified,0,0,2026-06-26 11:01:13,2026-06-26 11:56:54,,
2480,彰化市忠孝國小森林,forest,🌲 森林,彰化縣彰化市,西勢街,24.08313,120.532229,verified,3,1,2026-06-26 10:15:38,2026-06-26 11:56:54,2026-09-20 16:57:07,
2479,張琯溪公宗祠前,waterside,🎣 水邊,南投縣南投市,南陽路196巷,23.913401,120.688092,verified,2,1,2026-06-26 08:07:07,2026-06-26 11:56:54,2026-09-07 13:35:06,
2478,,restaurant,🍽️ 餐廳,南投縣南投市,嘉和二路,23.896726,120.689353,verified,1,0,2026-06-26 08:00:10,2026-06-26 11:56:54,2026-08-04 14:18:17,
2477,哈囉Hello藝術美學,stationery,✏️ 文具,南投縣南投市,祖祠路238號前後,23.914541,120.678372,verified,1,2,2026-06-26 07:58:31,2026-06-26 11:56:54,2026-08-04 14:18:16,
2476,南陽健寶藥局附近,hairsalon,✂️ 美容院,南投縣南投市,建國路,23.911261,120.681202,verified,5,0,2026-06-26 07:53:43,2026-06-26 11:56:54,2026-09-07 10:59:11,
2475,,forest,🌲 森林,嘉義縣水上鄉,嘉138,23.423234,120.457251,verified,1,1,2026-06-26 03:26:11,2026-06-26 11:56:54,2026-09-19 02:38:37,
2474,同安路,park,🍀 公園,台南市安南區,台南市安南區同安路145巷,23.041861,120.189361,verified,0,0,2026-06-26 02:33:12,2026-06-26 11:56:54,,
2473,凱順洗衣店,laundry,👕 自助洗衣店,台北市內湖區,114台灣臺北市內湖區麗山街131號,25.0825453,121.5793922,verified,2,4,2026-06-25 18:28:54,2026-06-26 11:56:54,2026-08-11 11:51:04,
2471,7-11鎮北店,clothesstore,👗 服飾店,高雄市鳳山區,高雄市鳳山區鳳誠路16號,22.64403,120.368995,verified,0,0,2026-06-25 13:14:33,2026-06-26 11:56:54,,
2470,新竹物流沙鹿營業所前面,bus,🚌 公車站,台中市沙鹿區,斗抵里沙田路35號,24.227819,120.558517,verified,0,0,2026-06-25 10:47:21,2026-06-26 11:56:54,,
2469,耀武羊威,restaurant,🍽️ 餐廳,台中市大里區,益民路一段62巷 1號,24.109614,120.694056,verified,0,0,2026-06-25 10:29:22,2026-06-26 11:56:54,,
2468,銘鋒禮儀旁路口,clothesstore,👗 服飾店,台中市沙鹿區,沙田路永和巷28弄 1號,24.228885,120.557199,verified,0,0,2026-06-25 10:14:43,2026-06-26 11:56:54,,
2467,南陽國小操場,stadium,🏟️ 體育館,台中市豐原區,惠陽街 47號,24.249738,120.723465,verified,4,0,2026-06-24 19:01:47,2026-06-26 11:56:54,2026-07-27 13:13:58,
2466,Jennifer Effie's Hair Solutions,hairsalon,✂️ 美容院,🌏 英國倫敦,Upper Wimpole Street 21,51.520809,-0.149429,verified,1,0,2026-06-24 18:25:12,2026-06-26 11:56:54,2026-08-28 14:18:02,
2465,Bust of Lord Lister,station,🚂 車站,🌏 英國倫敦,Park Crescent 17,51.522601,-0.146494,verified,1,0,2026-06-24 18:19:45,2026-06-26 11:56:54,2026-08-01 05:19:08,
2464,Mimosa Health and Fertility Ltd,hairsalon,✂️ 美容院,🌏 英國倫敦,Devonshire Close 12,51.521028,-0.14693,verified,1,0,2026-06-24 18:15:24,2026-06-26 11:56:54,2026-09-04 09:16:31,
2463,五股訓練場,minimart,🏪 便利商店,新北市五股區,五權路17號,25.0663085,121.4490573,verified,1,0,2026-06-24 17:21:23,2026-06-26 11:56:54,2026-07-07 15:47:50,
2462,二哥三弟餐館,cafe,☕ 咖啡店,苗栗縣頭份市,苗栗縣頭份市文化里文化街72號,24.69809,120.89904,verified,7,0,2026-06-24 12:41:43,2026-06-26 11:56:54,2026-09-18 05:29:46,
2461,祥城祥城,bus,🚌 公車站,高雄市三民區,高雄市三民區自立一路413號,22.6473739,120.2964152,verified,0,0,2026-06-24 08:09:01,2026-06-26 11:56:54,,
2460,,mountain,⛰️ 山丘,新竹縣橫山鄉,新竹縣橫山鄉大肚村富林路一段60號附近,24.727626,121.128475,verified,3,0,2026-06-24 06:35:41,2026-06-26 11:56:54,2026-08-10 03:07:12,
2459,,laundry,👕 自助洗衣店,新竹市,新竹市北區中雅里凌雲街118號六樓號,24.8018,120.952602,verified,1,3,2026-06-24 03:54:41,2026-06-26 11:56:54,2026-09-09 13:54:41,
2458,員家書香,stationery,✏️ 文具,彰化縣員林市,旺客隆五金大賣場後方,23.950121,120.574721,verified,15,0,2026-06-24 02:08:53,2026-06-26 11:56:54,2026-09-01 13:59:16,
2457,美又美對面,station,🚂 車站,雲林縣斗六市,中興路 67之1,23.724244,120.579962,verified,1,0,2026-06-24 00:56:01,2026-06-26 11:56:54,2026-09-16 14:33:38,
2456,榴中自來水公園,park,🍀 公園,雲林縣斗六市,光復路 111之1,23.723567,120.58928,verified,2,0,2026-06-24 00:28:00,2026-06-26 11:56:54,2026-08-07 11:33:35,
2455,魯先生原滷滷味（嘉義中正店）,restaurant,🍽️ 餐廳,嘉義市西區,嘉義市西區文化里中正路409號,23.4787376,120.4489974,verified,0,1,2026-06-23 16:53:31,2026-06-23 16:53:31,,
2454,,cafe,☕ 咖啡店,苗栗縣,苗栗縣竹南鎮大厝里南大路190巷18號,24.681312,120.870727,verified,0,3,2026-06-23 14:17:27,2026-06-26 11:56:54,,
2453,,restaurant,🍽️ 餐廳,苗栗縣竹南鎮,苗栗縣竹南鎮大厝里南大路190巷18號,24.681312,120.870727,verified,0,0,2026-06-23 14:16:44,2026-06-26 11:56:54,,
2452,學府東路,roadside,🪙 路邊,新竹縣竹東鎮,新竹縣竹東鎮三重里學府東路314巷15弄5號,24.753087,121.056039,verified,1,0,2026-06-23 13:07:19,2026-06-26 11:56:54,2026-09-10 04:56:35,
2451,東泰街660巷32號～66號之間,forest,🌲 森林,桃園市中壢區,小巷子汽機車多要小心,24.965321,121.265395,verified,1,0,2026-06-23 12:40:13,2026-06-26 11:56:54,2026-09-19 17:07:30,
2450,南陽路和六路九街路口,bus,🚌 公車站,台中市沙鹿區,南陽路 168號,24.2147917,120.5786623,verified,0,0,2026-06-23 11:33:19,2026-06-26 11:56:54,,
2449,沙鹿清潔隊附近,bus,🚌 公車站,台中市沙鹿區,鎮南路二段 447號,24.2311354,120.5659175,verified,0,0,2026-06-23 11:27:47,2026-06-26 11:56:54,,
2448,明秀一街和六路十六街路口,waterside,🎣 水邊,台中市沙鹿區,六路十六街 56號,24.213919,120.573066,verified,0,0,2026-06-23 10:00:34,2026-06-26 11:56:54,,
2447,國立陽明大學,university,🎓 大學/學院,台北市,立農街二段 301,25.119814,121.515203,verified,0,0,2026-06-23 06:49:09,2026-06-26 11:56:54,,
2445,,cafe,☕ 咖啡店,台中市,臺中市南屯區豐樂里大墩南路379號,24.131286,120.648487,verified,0,5,2026-06-22 19:22:01,2026-06-26 11:56:54,,
2444,新高橋-大武藥局,electronics,🔋 電器行,屏東縣屏東市,900屏東縣屏東市大武里大武路157號附近,22.6576377,120.475461,verified,0,0,2026-06-22 14:01:36,2026-06-26 11:56:54,,
2443,中壢區,laundry,👕 自助洗衣店,桃園市,富村街,24.96832,121.256837,verified,0,2,2026-06-22 13:35:48,2026-06-26 11:56:54,,
2442,榮安一街281號,minimart,🏪 便利商店,桃園市中壢區,桃園市中壢區中興里榮安一街279號,24.963668,121.258642,verified,0,0,2026-06-22 11:41:31,2026-06-26 11:56:54,,
2440,公兒10公園,park,🍀 公園,高雄市,鳳仁路110巷,22.64174,120.375041,verified,0,0,2026-06-22 09:24:45,2026-06-26 11:56:54,,
2439,廣泰藥局,pharmacy,💊 藥局,桃園市八德區,桃園市八德區永福街80號,24.9603,121.2987,verified,2,5,2026-06-22 06:35:38,2026-06-26 11:56:54,2026-09-17 13:01:46,
2438,,supermarket,🍌 超市,花蓮縣玉里鎮,大同路,23.327574,121.312924,verified,1,0,2026-06-22 03:54:33,2026-06-26 11:56:54,2026-07-13 16:04:27,
2437,大開老人憩的家,sushi,🍣 壽司店,🌏 大阪市,野田阪神站附近,34.693885,135.471286,verified,2,0,2026-06-22 02:23:48,2026-06-26 11:56:54,2026-07-17 13:04:31,
2436,Ramraj Cutton,clothesstore,👗 服飾店,🌏 Eluru,Islampet Road,16.713989,81.096611,verified,0,0,2026-06-22 02:20:53,2026-06-26 11:56:54,,
2435,羽田機場,airport,✈️ 機場,🌏 大田區,"-chōme-4-4 Hanedakūkō, Ota City, Tokyo 144-0041日本",35.555905,139.784878,verified,7,0,2026-06-22 02:18:19,2026-06-26 11:56:54,2026-09-08 06:30:09,
2434,後龍里里長辦公室，地圖右側,laundry,👕 自助洗衣店,台中市西區,臺中市西區後龍里後龍街59巷5號,24.146974482969625,120.67051559686661,verified,0,2,2026-06-22 01:09:12,2026-06-26 11:56:54,,
2433,仁武運動公園,park,🍀 公園,高雄仁武區,高雄市仁武區里仁祥街199號,22.70448719092154,120.34455310553312,verified,0,0,2026-06-22 01:03:08,2026-06-26 11:56:54,,
2432,文中二公園,park,🍀 公園,高雄市大社區,高雄市大社區保安里大吉路文中二公園,22.733361460089288,120.35098269581795,verified,1,0,2026-06-22 01:00:10,2026-06-26 11:56:54,2026-07-09 11:02:40,
2431,長和宮,supermarket,🍌 超市,雲林縣斗六市,長和路 17之2,23.724861,120.576953,verified,0,1,2026-06-22 00:23:39,2026-06-26 11:56:54,,
2430,下湖土地公,themePark,🎢 主題樂園,苗栗縣三義鄉,苗栗縣三義鄉西湖村4之2號,24.387571,120.760598,verified,2,0,2026-06-21 23:07:22,2026-06-26 11:56:54,2026-09-08 14:10:22,
2429,,minimart,🏪 便利商店,桃園市楊梅區,環南路7-11路口附近,24.9015001,121.1464484,verified,1,0,2026-06-21 20:54:29,2026-06-26 11:56:54,2026-09-08 06:59:17,
2428,京旺寵物店門口前後才有純點,electronics,🔋 電器行,桃園市楊梅區,中山路 115號,24.9071016,121.1466171,verified,1,0,2026-06-21 20:50:26,2026-06-26 11:56:54,2026-07-26 03:31:39,
2427,楊梅國中Ubike對面往最近的紅綠燈走就是了,mountain,⛰️ 山丘,桃園市楊梅區,永寧里校前路118號,24.9036483,121.1473708,verified,0,1,2026-06-21 20:47:58,2026-07-05 12:49:39,,
2426,,waterside,🎣 水邊,宜蘭縣壯圍擬餌,宜蘭縣壯圍鄉吉祥村壯五路13-6號,24.748297,121.790149,verified,1,0,2026-06-21 18:51:57,2026-06-26 11:56:54,2026-07-28 00:12:23,
2425,,restaurant,🍽️ 餐廳,宜蘭縣,宜蘭縣壯圍鄉吉祥村壯五路13-5號,24.748299,121.790183,verified,0,0,2026-06-21 18:49:22,2026-06-26 11:56:54,,
2424,,hairsalon,✂️ 美容院,新北市新莊區,民安西路352巷 1號,25.011184,121.427207,verified,3,0,2026-06-21 18:41:59,2026-06-26 11:56:54,2026-07-30 04:06:26,
2423,民雄頭橋,diy,🔧 五金行,嘉義縣,嘉義縣民雄頭橋福樂村,23.525049,120.44036,verified,7,0,2026-06-21 16:31:10,2026-06-26 11:56:54,2026-07-18 15:24:20,
2422,里歐歐式早午餐-新竹關東店,restaurant,🍽️ 餐廳,新竹市東區,300新竹市東區關新里關東路127號,24.78711988626957,121.02076015063034,verified,0,0,2026-06-21 15:46:46,2026-06-26 11:56:54,,
2421,,artgallery,🎨 美術館,新北市樹林區,新北市樹林區山佳里佳園路一段75巷11弄40號,24.969516,121.395068,verified,2,10,2026-06-21 15:37:10,2026-06-26 11:56:54,2026-08-07 09:39:50,
2420,探索教育公園,park,🍀 公園,台南市永康區,永華路,23.020755,120.256909,verified,0,1,2026-06-21 14:37:17,2026-06-26 11:56:54,,
2419,244新北市林口區南勢里仁愛二路,park,🍀 公園,新北市林口區,244新北市林口區南勢里仁愛二路,25.076342,121.367049,verified,0,0,2026-06-21 14:22:23,2026-06-26 11:56:54,,
2418,林口廣停五停車場 244新北市林口區仁愛一路,cafe,☕ 咖啡店,新北市林口區,林口廣停五停車場 244新北市林口區仁愛一路,25.075678,121.371728,verified,4,0,2026-06-21 14:17:22,2026-06-26 11:56:54,2026-09-20 17:04:42,
2417,全聯通霄自強店停車場,waterside,🎣 水邊,苗栗縣通霄鎮,自強路 5號,24.4866329,120.6803063,verified,1,0,2026-06-21 13:39:24,,2026-06-21 15:56:46,
2416,苑裡CPE教會前,electronics,🔋 電器行,苗栗縣苑裡鎮,客庄里中山路89巷36號,24.4393349,120.6490465,verified,0,3,2026-06-21 13:37:20,,,
2415,7-11超商前,pharmacy,💊 藥局,雲林縣斗六市,榮譽路 128,23.704455,120.556152,verified,8,0,2026-06-21 12:54:18,,2026-09-17 13:01:53,
2414,台中港車站,station,🚂 車站,台中市大甲區,甲南路 2號,24.304429,120.602232,verified,0,0,2026-06-21 12:22:07,,,
2413,錦興不銹鋼企業社,sweetshop,🍩 甜點店,雲林縣斗南鎮,延平路一段 270,23.690182,120.479738,verified,5,2,2026-06-21 11:58:47,,2026-09-03 14:45:18,
2412,蘇澳鎮立圖書館,library,📚 圖書館/書店,宜蘭縣,蘇澳鎮立圖書館周圍,24.5946169,121.8363149,verified,2,0,2026-06-21 09:11:55,,2026-09-12 07:33:13,
2411,,shrine,⛩️ 神社/寺廟,🌏 名古屋市,豆田町線,35.125431,136.9049937,verified,7,0,2026-06-21 08:50:14,,2026-09-02 04:09:28,
2410,,korean,🥬 韓式餐廳,台中市南屯區,臺中市南屯區豐樂里文心南路488號,24.124579,120.647404,verified,0,1,2026-06-21 08:33:55,2026-06-26 11:56:54,,
2409,,sushi,🍣 壽司店,新北市中和區,新北市中和區民安里民安街25巷2弄1號,25.000136,121.480564,verified,2,6,2026-06-21 07:32:57,,2026-08-28 07:48:41,
2408,機場,airport,✈️ 機場,台中市,中清路六段 489號,24.248637,120.603189,verified,8,0,2026-06-21 06:55:30,,2026-08-21 01:23:02,
2407,好市多,hotel,🏨 飯店,新北市,"汐止好市多/1樓機車停車場,汽車出口車牌辨識處",25.055832,121.633179,verified,0,1,2026-06-21 03:44:59,,,
2406,好市多,forest,🌲 森林,新北市汐止區,大同路一段158號/二樓停車場出口處到一樓後面那段,25.05503,121.633759,verified,1,0,2026-06-21 03:41:47,,2026-06-26 05:47:59,
2405,全聯福利中心 鳳山保南,supermarket,🍌 超市,高雄市鳳山區,83093高雄市鳳山區保安里南二路207、209、211號全聯福利中心 鳳山保南,22.59625006626084,120.34954469650985,verified,3,0,2026-06-21 02:00:22,,2026-07-25 15:17:39,
2404,高雄,cafe,☕ 咖啡店,高雄市,高雄,23.328638,120.336882,verified,0,1,2026-06-21 01:54:24,2026-06-26 11:56:54,,
2403,101文具天堂,stationery,✏️ 文具,台中市,南興北一路 148號,24.186584,120.706319,verified,6,6,2026-06-21 00:30:03,,2026-09-16 14:44:08,
2402,聖壽宮,forest,🌲 森林,台中市,臺中市北屯區東山里東山路二段56號,24.182672,120.745107,verified,0,0,2026-06-20 23:44:12,,,
2401,,airport,✈️ 機場,台中市,J54+5M 台灣臺中市沙鹿區西勢里,24.257914,120.606684,verified,1,0,2026-06-20 22:47:48,2026-06-26 11:56:54,2026-06-26 23:41:59,
2400,Masria Plaza football court,park,🍀 公園,"埃及Zagazig 2,",大片公園純點,30.591343,31.49158,verified,0,0,2026-06-20 18:55:58,,,
2399,Ab store,supermarket,🍌 超市,埃及Zagazig 2,شارع المشير احمد اسماعيل 49,30.590849,31.496263,verified,0,0,2026-06-20 18:52:03,,,
2398,Almamalik Café,cafe,☕ 咖啡店,埃及Zagazig 2,شارع شبانه 2,30.59193,31.496746,verified,1,0,2026-06-20 18:49:16,,2026-06-29 07:52:10,
2397,Al-Keif Café,italian,🍕 義式餐廳,埃及Zagazig 2,حارة محمد عبده 3,30.589763,31.496668,verified,1,0,2026-06-20 18:46:30,,2026-08-13 15:20:15,
2396,Holy Church of Panagia Theoskepasti,mountain,⛰️ 山丘,希臘 Santorini,菇好看,36.432046,25.416763,verified,0,0,2026-06-20 18:16:05,,,
2395,NJOFRA D.O.O.,diy,🔧 五金行,克羅埃西亞別洛瓦爾,Ulica Željka Markovića,45.902298,16.831639,verified,1,0,2026-06-20 18:11:01,,2026-07-21 16:43:31,
2394,IMAGE eNTER D.O.O.,electronics,🔋 電器行,克羅埃西亞別洛瓦爾,Uica Krste Špoljara,45.898423,16.852094,verified,3,0,2026-06-20 18:08:33,,2026-09-08 13:08:19,
2393,,hairsalon,✂️ 美容院,克羅埃西亞別洛瓦爾,Ulica Petra Biškupa-Vene,45.905901,16.847266,verified,0,0,2026-06-20 18:05:28,,,
2392,,diy,🔧 五金行,克羅埃西亞別洛瓦爾,Ulica Andrije Kačića Miošića,45.902768,16.849307,verified,0,0,2026-06-20 18:01:27,,,
2391,阿波岐原森林公園,park,🍀 公園,宫崎市,一ツ葉有料道路,31.923515,131.462326,verified,0,0,2026-06-20 16:41:24,,,
2390,阿波岐原森林公園,shrine,⛩️ 神社/寺廟,宫崎市,一ツ葉有料道路,31.923512,131.462326,verified,0,3,2026-06-20 16:40:50,,,
2389,東森寵物苑裡中山店,stationery,✏️ 文具,苗栗縣苑裡鎮,中山路 243號,24.445709,120.6526393,verified,4,0,2026-06-20 16:21:11,,2026-08-28 04:21:40,
2388,BABA GATESWAR SALON,clothesstore,👗 服飾店,印度布巴內什瓦爾奧里薩邦,"RFV+XRX, Narula St, Industrial Area, Kharvela Nagar, Bhubaneswar, Odisha 751001印度",20.275047,85.844647,verified,0,0,2026-06-20 15:58:29,,,
2387,Học viện Chính sách và Phát triển 政策與發展學院,university,🎓 大學/學院,越南峴港,Đường Lạc Long Quân,16.075269,108.14693,verified,0,0,2026-06-20 15:34:41,,,
2386,Bia hơi Hà Nội河內生啤酒,bakery,🥖 麵包店,越南峴港,Đường Lạc Long Quân,16.075867,108.144779,verified,2,0,2026-06-20 15:30:41,,2026-09-10 01:05:28,
2385,太平原商店到檳榔攤之間,bakery,🥖 麵包店,苗栗縣通霄鎮,環市路一段,24.4914672,120.6894812,verified,4,1,2026-06-20 15:25:04,,2026-09-17 11:15:28,
2384,旺萊山,bakery,🥖 麵包店,嘉義縣民雄鄉,中正路 54號,23.518635,120.452246,verified,6,0,2026-06-20 14:43:49,,2026-09-20 23:07:44,
2383,Monarch court,diy,🔧 五金行,英國皇家利明頓礦泉市,Kingsway 83,52.27891,-1.543128,verified,0,0,2026-06-20 11:54:12,,,
2382,,park,🍀 公園,桃園市中壢區,領航南路一段 125號,25.0009323,121.2062154,verified,1,0,2026-06-20 10:34:58,,2026-07-03 19:34:29,
2381,馬賽郵局後面建鑫汽車外面,postoffice,📮 郵局,宜蘭縣,宜蘭縣蘇濱路二段,24.626647,121.8335151,verified,0,2,2026-06-20 08:38:13,,,
2380,湖山寺前(擬餌/森林),forest,🌲 森林,雲林縣斗六市,岩山路,23.708224,120.606336,verified,0,0,2026-06-20 08:32:24,,,
2379,,university,🎓 大學/學院,高雄市楠梓區,大學東路 708號,22.7357632,120.2903232,verified,1,0,2026-06-20 05:58:48,,2026-07-08 23:36:26,
2378,,pharmacy,💊 藥局,新北市板橋區,仁愛路 74號,24.999599,121.460391,verified,12,0,2026-06-20 05:21:08,,2026-09-20 12:09:07,
2377,Costco新莊店-自助加油站,park,🍀 公園,新北市新莊區,242新北市新莊區建安里建國一路138號,25.026237,121.434537,verified,0,0,2026-06-20 00:51:54,,,
2376,國立屏東大學,university,🎓 大學/學院,屏東縣屏東市,民教路 98之1號,22.668079,120.500134,verified,0,0,2026-06-19 18:23:03,,,
2375,屏東市鐵爐寺,forest,🌲 森林,屏東縣屏東市,民學路 34之2號,22.6727409,120.5056449,verified,1,0,2026-06-19 18:22:16,,2026-09-09 14:43:26,
2374,屏東棒球場,stadium,🏟️ 體育館,屏東縣屏東市,屏東市棒球路,22.6578419,120.485416,verified,0,1,2026-06-19 18:20:57,,,
2373,路竹區,pharmacy,💊 藥局,高雄市,大同路智仁街交叉路口,22.8582868,120.2666768,verified,2,0,2026-06-19 17:38:19,,2026-06-27 12:43:40,
2372,N Formosa Ave,supermarket,🍌 超市,美國洛杉磯,North Formosa Avenue 1616,34.099083,-118.346829,verified,1,0,2026-06-19 17:24:06,,2026-08-18 01:52:26,
2371,Fuller Apartments,curry,🍛 咖哩餐廳,美國洛杉磯,North Fuller Avenue 1411,34.096829,-118.349195,verified,5,0,2026-06-19 17:20:09,,2026-08-24 14:04:48,
2370,BEKI'S HAIR EXTENSIONS,hairsalon,✂️ 美容院,美國洛杉磯,North Fuller Avenue 1624,34.100318,-118.348492,verified,0,0,2026-06-19 17:15:57,,,
2369,Rio Ichu,waterside,🎣 水邊,秘魯萬卡韋利卡,"Jiron Jorge Anccasi 135, Huancavelica 09001秘魯",-12.783983,-74.983985,verified,0,0,2026-06-19 14:32:09,,,
2368,Teena Boutique,bakery,🥖 麵包店,印度哈里亞納邦賈加德里,", Santpura, Arjun Nagar, Huda, Jagadhri, Haryana 135003印度",30.156836,77.301852,verified,0,0,2026-06-19 14:28:21,,,
2367,久雅精藝搬家公司,minimart,🏪 便利商店,新北市板橋區,長江路一段106巷12弄 7號,25.028805,121.459812,verified,0,0,2026-06-19 13:11:52,,,
2366,互助街51巷,roadside,🪙 路邊,新北市,互助街51巷 6號,25.026159,121.460831,verified,0,0,2026-06-19 13:07:25,,,
2365,沅洹牙醫診所,pharmacy,💊 藥局,嘉義縣梅山鄉,過早安山丘那個路口之後到牙醫門口都是,23.5837,120.55976,verified,0,3,2026-06-19 11:58:52,2026-07-05 12:49:39,,
2364,早安山丘門口（招牌正下方）,italian,🍕 義式餐廳,嘉義縣大林鎮,對面大樹藥局到彰化銀行中間中段也是,23.60429,120.45227,verified,1,1,2026-06-19 11:55:46,2026-07-05 12:49:39,2026-08-13 15:20:51,
2363,天乙宮,bus,🚌 公車站,台中市東區東門里天乙街50號,天乙宮門口站牌,24.1273005,120.6962058,verified,0,0,2026-06-19 09:19:20,,,
2362,水世界休閒海釣場,park,🍀 公園,台南市北門區56-2號,臺南市北門區56-2號,23.254392,120.128809,verified,0,0,2026-06-19 07:54:49,,,
2361,,beach,🐚 海灘,屏東縣枋寮鄉,枋寮海堤,22.36674,120.590923,verified,1,0,2026-06-19 06:51:08,,2026-06-27 13:38:25,
2360,國道1號,forest,🌲 森林,苗栗縣造橋鄉,中山高速公路,24.610754,120.864832,verified,0,0,2026-06-19 05:54:26,,,
2359,麗寶樂園一期停車場出口,themePark,🎢 主題樂園,台中市后里區,月眉北路,24.325978,120.701051,verified,1,0,2026-06-19 05:41:52,,2026-07-14 06:25:17,
2358,丸坤魚行,waterside,🎣 水邊,花蓮縣花蓮市,長安街 85之1號,23.964324,121.602772,verified,0,0,2026-06-19 05:16:43,,,
2357,,postoffice,📮 郵局,嘉義市,北興街 245,23.485567,120.438493,verified,0,2,2026-06-19 04:57:48,,,
2356,水上鄉圖書館,library,📚 圖書館/書店,嘉義縣水上鄉,109-21,23.436822,120.415936,verified,1,0,2026-06-19 04:50:32,,2026-08-15 08:59:51,
2355,全家,minimart,🏪 便利商店,嘉義縣民雄鄉,正大路一段 919號,23.546288,120.458783,verified,0,0,2026-06-19 04:06:38,,,
2354,中正包子,sweetshop,🍩 甜點店,嘉義縣民雄鄉,大學路一段,23.562139,120.464078,verified,0,4,2026-06-19 04:04:33,,,
2353,,ramen,🍜 拉麵店,彰化縣鹿港鎮,永東街 43號,24.061421,120.430216,verified,0,0,2026-06-19 03:54:01,,,
2352,轉角遇見冰,roadside,🪙 路邊,新竹縣竹北市,新光街52巷 9號,24.840829,120.9974229,verified,0,1,2026-06-19 03:37:28,,,
2351,85度C,cafe,☕ 咖啡店,嘉義縣中埔鄉,中華路 792;794,23.4485,120.459124,verified,4,0,2026-06-19 02:27:53,,2026-06-30 19:20:35,
2350,資源莊冰店門口,roadside,🪙 路邊,新竹縣竹東鎮,東峰路 219之3號,24.717267,121.0982438,verified,1,0,2026-06-19 02:15:44,,2026-09-10 05:03:54,
2349,,waterside,🎣 水邊,新竹縣竹東鎮,南清公路,24.6990138,121.0959552,verified,0,0,2026-06-19 02:11:02,,,
2348,協同中學,bus,🚌 公車站,嘉義縣民雄鄉,建國路二段 38號,23.532247,120.437057,verified,0,0,2026-06-19 01:05:05,,,
2347,,forest,🌲 森林,台北市,秀明路一段197號,24.991794,121.569132,verified,0,0,2026-06-18 14:44:36,2026-06-26 11:56:54,,
2346,太平洋房屋沙鹿市中心加盟店門口,minimart,🏪 便利商店,台中市沙鹿區,鎮南路二段 581號,24.234167,120.560475,verified,0,0,2026-06-18 14:22:16,,,
2345,春生堂門口,pharmacy,💊 藥局,台中市沙鹿區,四平街 32號,24.232318,120.559496,verified,2,0,2026-06-18 14:18:50,2026-06-29 17:55:44,2026-09-11 05:45:39,
2344,沙鹿國中門口,forest,🌲 森林,台中市沙鹿區,中正街 1號,24.235926,120.562104,verified,2,0,2026-06-18 14:02:17,,2026-09-19 06:57:43,
2343,新竹竹北生醫科技與產品研發大樓,bus,🚌 公車站,新竹縣竹北市,生醫路二段 8號,24.8070526,121.0478189,verified,0,0,2026-06-18 13:30:28,,,
2342,寶雅停車場,bus,🚌 公車站,台中市沙鹿區,英才路 68號,24.226335,120.573217,verified,0,0,2026-06-18 13:28:34,,,
2341,藥華藥竹北廠,park,🍀 公園,新竹縣竹北市,生醫路一段,24.808529,121.0432055,verified,0,0,2026-06-18 13:28:22,,,
2340,,cafe,☕ 咖啡店,台南市,光州路 127號,22.992552,120.159552,verified,2,0,2026-06-18 12:03:46,,2026-08-05 00:56:12,
2339,,ramen,🍜 拉麵店,台南市,城西街一段 179號,23.060728,120.126604,verified,0,0,2026-06-18 11:58:34,,,
2338,輪胎行前面,minimart,🏪 便利商店,雲林縣斗六市,文化路 347之1,23.71293,120.5573,verified,0,0,2026-06-18 06:07:40,,,
2337,大仁國小（右側側門）,italian,🍕 義式餐廳,台中市西屯區,臺中市西屯區何德里寧夏西一街16號,24.1668002,120.6593579,verified,2,0,2026-06-18 05:43:18,,2026-09-13 04:54:51,
2336,翡翠灣海水浴場,beach,🐚 海灘,新北市萬里區,聽濤路,25.1868632,121.6867892,verified,4,0,2026-06-18 04:34:34,,2026-09-06 06:54:27,
2335,得來素蔬食早午餐-中壢福州店 (店內用餐區),bus,🚌 公車站,桃園市中壢區,福州二街348號,24.967140569368027,121.2303211396628,verified,0,0,2026-06-18 04:03:16,,,
2334,,supermarket,🍌 超市,雲林縣斗六市,文敬路 28,23.69807,120.54043,verified,2,0,2026-06-18 03:18:20,,2026-08-03 01:14:07,
2333,電線桿旁,waterside,🎣 水邊,雲林縣斗六市,石榴路369巷143號,23.73237,120.58923,verified,0,0,2026-06-18 03:11:19,,,
2332,福德宮前面,minimart,🏪 便利商店,雲林縣斗六市,北環路 9之6,23.72491,120.58128,verified,0,0,2026-06-18 03:08:08,,,
2331,廁所前,park,🍀 公園,雲林縣斗六市榴北里,文明路26號,23.73153,120.58013,verified,0,0,2026-06-18 03:01:20,2026-06-26 11:56:54,,
2330,茶好喝前面,ramen,🍜 拉麵店,雲林縣斗六市,文化路 422之3,23.71225,120.55567,verified,0,0,2026-06-18 02:57:17,,,
2329,石榴郵局,postoffice,📮 郵局,雲林縣斗六市,工業路,23.721907,120.5890422,verified,3,0,2026-06-18 02:46:52,,2026-07-03 15:52:14,
2328,善性寺,shrine,⛩️ 神社/寺廟,日本三條市,"-chōme-8-9 Higashiuradate, Sanjo, Niigata 955-0081日本",37.633341,138.958415,verified,2,0,2026-06-18 02:44:39,,2026-08-14 05:27:24,
2327,侯榮郎婦產,bus,🚌 公車站,雲林縣斗六市,侯榮郎婦產,23.70694,120.5483,verified,1,0,2026-06-18 02:44:11,,2026-06-29 10:28:04,
2326,名家汽旅,hotel,🏨 飯店,雲林縣斗六市八德里,雲林縣斗六市八德里文化路665號,23.7178337,120.5705798,verified,0,0,2026-06-18 02:41:07,2026-06-26 11:56:54,,
2324,東港海事,beach,🐚 海灘,屏東縣東港鎮,豐漁街 66號,22.464972,120.442378,verified,1,0,2026-06-17 23:25:58,,2026-06-25 15:39:49,
2323,VZW Bijbelhuis Antwerpen,restaurant,🍽️ 餐廳,比利時安特衛普,Lange Dijkstraat 56,51.228163,4.419348,verified,1,0,2026-06-17 20:10:14,2026-06-17 20:33:56,2026-06-20 15:59:40,
2322,Bisbrick,laundry,👕 自助洗衣店,比利時安特衛普,Marnixstraat 32,51.227923,4.42138,verified,3,2,2026-06-17 19:55:40,2026-06-17 20:33:56,2026-08-30 00:48:24,
2321,Gemeente School,bakery,🥖 麵包店,比利時安特衛普,Sint-Jobstraat 64-70,51.227736,4.424449,verified,2,0,2026-06-17 19:35:16,2026-06-17 20:33:56,2026-09-18 00:49:02,
2320,Urban CLB Antwerp,minimart,🏪 便利商店,比利時安特衛普,Biekorfstraat 56,51.227797,4.424942,verified,0,0,2026-06-17 19:25:41,2026-06-17 20:33:56,,
2319,全家台中富翁店,minimart,🏪 便利商店,台中市北屯區,敦富路與敦富十二街 交叉口,24.19535,120.70742,verified,2,0,2026-06-17 14:41:22,2026-06-17 20:33:56,2026-06-18 17:56:50,
2318,和美鎮糖友里全聯,minimart,🏪 便利商店,彰化縣和美鎮,糖友一街 48號,24.107401,120.53412,verified,0,0,2026-06-17 12:44:24,2026-06-17 20:33:56,,
2317,毛毛蟲幼稚園,stationery,✏️ 文具,花蓮縣吉安鄉,北安街 102號,23.983825,121.581082,verified,6,0,2026-06-17 12:42:57,2026-06-17 20:33:56,2026-07-04 05:04:29,
2316,致理科大,university,🎓 大學/學院,新北市板橋區,新北市板橋區忠誠里文化路一段313號,25.021825,121.462869,verified,2,0,2026-06-17 11:27:00,2026-06-17 20:33:56,2026-08-14 07:36:00,
2315,威爾網羽球用品專賣店前,park,🍀 公園,台中市沙鹿區,北中路 88號,24.228321,120.569093,verified,1,0,2026-06-17 10:33:32,2026-06-17 20:33:56,2026-06-19 14:26:00,
2314,天天來釣魚池,forest,🌲 森林,新北市土城區,石門路 81號,24.960127,121.463884,verified,0,2,2026-06-17 10:28:42,2026-06-17 20:33:56,,
2313,鹿寮成衣商圈,clothesstore,👗 服飾店,台中市沙鹿區,錦上街 105號,24.249692,120.563307,verified,1,0,2026-06-17 09:35:13,2026-06-17 20:33:56,2026-06-20 08:56:12,
2312,莓香山丘,bridge,🌉 橋梁,苗栗縣銅鑼鄉,苗27,24.475404,120.811959,verified,0,0,2026-06-17 08:37:31,2026-06-17 20:33:56,,
2311,,minimart,🏪 便利商店,花蓮縣吉安鄉,東海十五街 1號,23.96231,121.591271,verified,1,0,2026-06-17 08:37:25,2026-06-17 20:33:56,2026-07-24 13:38:52,
2310,巷子三叉口,ramen,🍜 拉麵店,台北市,中山北路六段290巷7弄 8號,25.110093,121.527183,verified,0,0,2026-06-17 05:42:05,2026-06-17 20:33:56,,
2309,火車站附近,stationery,✏️ 文具,桃園市,萬壽路三段 159號,24.9908699,121.3198879,verified,15,0,2026-06-17 05:36:29,2026-06-17 20:33:56,2026-09-20 04:16:05,
2308,境福街79巷,stationery,✏️ 文具,新竹市北區,新竹市北區境福里中正路626巷6弄71號,24.81755,120.96007,verified,7,0,2026-06-17 05:33:34,2026-06-17 20:33:56,2026-09-06 10:51:51,
2307,苑裡鎮農會農民直銷站(愛情果園)溫室,park,🍀 公園,苗栗縣苑裡鎮,苗栗縣苑裡鎮舊社里37-21號,24.413148,120.685711,verified,1,0,2026-06-17 02:32:37,2026-06-17 20:33:56,2026-06-19 15:27:25,
2306,漫漫美學（門口郵票純點）,postoffice,📮 郵局,雲林縣斗南鎮,雲林縣斗南鎮光興路68號,23.689417,120.48156,verified,3,0,2026-06-17 01:25:06,2026-06-17 20:33:56,2026-09-03 14:48:47,
2305,TCBD湖邊,waterside,🎣 水邊,台北市內湖區,南京東路六段380～390號中間湖邊,25.060874,121.587536,verified,0,1,2026-06-17 00:33:33,2026-06-17 20:33:56,,
2304,福澤精機股份有限公司,stationery,✏️ 文具,新北市新莊區,化成路696巷 6號,25.056563,121.466559,verified,5,1,2026-06-16 15:41:43,2026-06-17 20:33:56,2026-08-18 18:27:59,
2303,英孜博國際美語學校,ramen,🍜 拉麵店,新北市鶯歌區,尖山埔路 183號,24.9506421,121.3455458,verified,0,0,2026-06-16 15:28:18,2026-06-17 20:33:56,,
2302,,bakery,🥖 麵包店,台中市西屯區,台中市西屯區惠中路智惠街交口,24.166939,120.647703,verified,6,0,2026-06-16 13:07:54,2026-06-17 20:33:56,2026-09-17 02:16:18,
2301,全國加油站 竹東站,bus,🚌 公車站,新竹縣竹東鎮,中興路四段 876,24.7784397,121.0315845,verified,0,0,2026-06-16 11:46:18,2026-06-17 20:33:56,,
2300,太平運動場,ramen,🍜 拉麵店,臺中市太平區,臺中市太平區永平里中興東路99號太平區運動場,24.132361,120.720599,verified,0,0,2026-06-16 11:35:36,2026-06-17 20:33:56,,
2299,太平運動場,electronics,🔋 電器行,臺中市太平區,臺中市太平區永平里中興東路99號太平區運動場,24.131835,120.721312,verified,0,0,2026-06-16 11:32:47,2026-06-17 20:33:56,,
2298,二雲殿,mountain,⛰️ 山丘,台中市太平區,臺中太平區光興路2140巷60號,24.127472,120.738105,verified,0,2,2026-06-16 09:06:32,2026-06-17 20:33:56,,
2297,PLANT 出雲店,hamburger,🍔 漢堡店,日本出雲市,多伎江南出雲線旧道,35.359483,132.749644,verified,0,0,2026-06-16 08:27:17,2026-06-17 20:33:56,,
2296,,laundry,👕 自助洗衣店,臺北,新北市林口區南勢里三民路34號,25.06715,121.35873,verified,1,3,2026-06-15 23:06:48,2026-06-17 20:33:56,2026-07-17 15:32:27,
2295,海大通往和平島,beach,🐚 海灘,基隆市中正區,和平島聯外道路,25.1524246,121.7746469,verified,1,0,2026-06-15 19:29:34,2026-06-17 20:33:56,2026-06-20 06:19:15,
2294,大和町広場,park,🍀 公園,日本金澤市,大片公園純點,36.570396,136.639581,verified,1,0,2026-06-15 18:28:03,2026-06-17 20:33:56,2026-06-20 04:45:29,
2293,豐邑建設,bus,🚌 公車站,台中市,市政路 500,24.160464,120.636993,verified,0,0,2026-06-15 13:02:14,2026-06-15 16:37:37,,
2292,興富發國家一號院,supermarket,🍌 超市,台中市,市政路 539號,24.159746,120.63661,verified,2,1,2026-06-15 12:59:25,2026-06-15 16:37:37,2026-08-14 16:53:01,
2291,三村里活動中心,waterside,🎣 水邊,台中市,豐原大道一段595巷 609,24.237683,120.704183,verified,0,1,2026-06-15 12:03:28,2026-06-15 16:37:37,,
2290,三村兒童公園,park,🍀 公園,台中市,同心街 8號,24.237944,120.70631,verified,1,0,2026-06-15 11:59:35,2026-06-15 16:37:37,2026-06-15 16:43:31,
2289,小木笛藝術工作坊,park,🍀 公園,台北市松山區,南京東路五段291巷44弄 35號,25.053376,121.565166,verified,0,2,2026-06-15 11:39:56,2026-06-15 16:37:37,,
2288,經國大橋,bridge,🌉 橋梁,新竹縣竹北市,經國大橋,24.8033251,121.0153608,verified,0,0,2026-06-15 10:23:43,2026-06-15 16:37:37,,
2287,,stationery,✏️ 文具,苗栗縣頭份市,苗栗縣頭份市蟠桃里大亨街167巷8號,24.692703,120.902242,verified,3,3,2026-06-15 10:16:13,2026-06-15 16:37:37,2026-06-20 10:11:41,
2286,,stationery,✏️ 文具,台南市,裕豐路185巷 29號,22.988212,120.22657,verified,5,0,2026-06-15 10:14:52,2026-06-15 16:37:37,2026-06-19 09:18:18,
2285,,airport,✈️ 機場,桃園市龍潭區,中正路佳安段619巷217弄 136之1號,24.852358,121.237441,verified,3,0,2026-06-15 08:20:00,2026-06-15 16:37:37,2026-08-08 13:51:40,
2284,生活玩家寵物水族館,themePark,🎢 主題樂園,桃園市大溪區,文化路 123號,24.880382,121.292423,verified,6,0,2026-06-15 08:17:46,2026-06-15 16:37:37,2026-08-28 21:23:46,
2283,蟹仔埔公園,park,🍀 公園,新竹市北區,仁和路16號,24.841005,120.928139,verified,1,0,2026-06-15 01:50:30,2026-06-15 16:37:37,2026-06-17 17:47:33,
2282,觀音草漯沙丘,beach,🐚 海灘,桃園市觀音區,桃園市觀音區草漯里保障六路86號,25.064414,121.135035,verified,0,1,2026-06-15 01:02:17,2026-06-15 16:37:37,,
2281,,stationery,✏️ 文具,台北市士林區,中山北路六段290巷7弄 20號,25.109912,121.527441,verified,2,2,2026-06-14 17:16:37,2026-07-11 09:57:59,2026-07-26 14:24:18,
2280,彩虹文具旁,stationery,✏️ 文具,台南市永康區,中華一路182巷 26號,23.005595,120.234525,verified,8,0,2026-06-14 15:23:36,2026-06-15 16:37:37,2026-08-21 02:21:30,
2279,T字路口,electronics,🔋 電器行,台中市石岡區,豐勢路458巷 4號附近,24.269694,120.799978,verified,2,0,2026-06-14 13:57:28,2026-06-15 16:37:37,2026-06-23 00:28:07,
2278,土牛運動公園,park,🍀 公園,台中市石岡區,國校巷,24.27007,120.812677,verified,1,0,2026-06-14 13:48:30,2026-06-15 16:37:37,2026-06-20 04:47:28,
2277,小品雅集~鋼筆專賣店,stationery,✏️ 文具,台北市,建國南路二段69巷 58號,25.031116,121.540347,verified,15,0,2026-06-14 13:17:45,2026-06-15 16:37:37,2026-08-24 17:23:41,
2276,梧棲雷令宮,stationery,✏️ 文具,台中市梧棲區,居仁街217巷 38號,24.257326,120.533208,verified,8,0,2026-06-14 08:06:31,2026-06-15 16:37:37,2026-09-15 04:23:22,
2274,光華路橋下,pharmacy,💊 藥局,台中市沙鹿區,洛泉里中正街,24.23577,120.564078,verified,2,0,2026-06-14 07:32:09,2026-06-15 16:37:37,2026-06-27 12:44:42,
2273,公安停車場,bakery,🥖 麵包店,雲林縣虎尾鎮,公安路,23.709832,120.432888,verified,2,1,2026-06-14 05:40:21,2026-06-15 16:37:37,2026-09-12 10:20:30,
2272,,restaurant,🍽️ 餐廳,台中市,山美路 813,24.331822,120.615129,verified,0,1,2026-06-14 03:45:32,2026-06-15 16:37:37,,
2271,,forest,🌲 森林,台中市,二崁路697號,24.329661,120.620413,verified,0,2,2026-06-14 03:41:50,2026-06-15 16:37:37,,
2270,,sweetshop,🍩 甜點店,台中市,二崁路 370號,24.324419,120.638015,verified,15,0,2026-06-14 03:39:23,2026-06-15 16:37:37,2026-09-14 11:19:50,
2269,優的運動風民宿,minimart,🏪 便利商店,宜蘭縣冬山鄉,長春路,24.68752,121.740346,verified,2,0,2026-06-13 22:20:31,2026-06-14 00:15:51,2026-06-15 13:18:47,
2268,文光國小站牌,bus,🚌 公車站,臺中市沙鹿區,沙田路25號,24.225649,120.557567,verified,1,0,2026-06-13 20:21:45,2026-06-14 00:15:51,2026-06-15 06:37:38,
2267,源立汽車服務廠,italian,🍕 義式餐廳,南投縣南投市,集賢路,23.903492,120.682028,verified,1,0,2026-06-13 16:31:38,2026-06-14 00:15:51,2026-06-14 09:08:44,
2266,草屯肉多多,italian,🍕 義式餐廳,南投縣草屯鎮,太平路二段78巷,23.971089,120.683126,verified,1,0,2026-06-13 16:01:10,2026-06-14 00:15:51,2026-07-13 06:37:10,
2265,神岡和平廠房C棟,airport,✈️ 機場,台中市,臺中市神岡區山皮里和平路34-10c號,24.2527171,120.642453,verified,2,0,2026-06-13 13:58:50,2026-06-13 13:58:50,2026-06-16 03:40:33,
2264,久千代書事務所,italian,🍕 義式餐廳,台中市豐原區,豐西街 137號,24.2512703,120.7102358,verified,4,1,2026-06-13 13:40:25,2026-06-13 13:40:25,2026-08-27 12:42:35,
2263,豐原區豐圳公園(大眾爺)公廁,park,🍀 公園,台中市豐原區,成功路630巷,24.2534568,120.7077939,verified,3,0,2026-06-13 13:39:16,2026-06-13 13:39:16,2026-08-15 06:59:17,
2262,飯不著痕跡,cafe,☕ 咖啡店,台中市豐原區,三豐路一段 379號,24.2626463,120.7200322,verified,8,0,2026-06-13 13:36:08,2026-06-13 13:36:08,2026-08-15 08:08:43,
2261,麥味登 豐原圓環店,diy,🔧 五金行,台中市豐原區,圓環南路 193,24.2484958,120.7094053,verified,2,1,2026-06-13 13:35:20,2026-06-13 13:35:20,2026-07-19 16:58:28,
2260,西勢公園,korean,🥬 韓式餐廳,台中市豐原區,圓環南路39巷 7號,24.244968,120.7118716,verified,8,2,2026-06-13 13:32:41,2026-06-13 13:32:41,2026-09-02 13:32:53,
2259,金冠KTV旁,restaurant,🍽️ 餐廳,台中市梧棲區,大仁路二段 229號,24.261702,120.539223,verified,0,0,2026-06-13 13:27:42,2026-06-13 13:27:42,,
2258,金雞排對面,park,🍀 公園,台中市梧棲區,居仁街 32號,24.256641,120.537673,verified,3,0,2026-06-13 13:19:08,2026-06-13 13:19:08,2026-07-07 01:33:12,
2257,昭揚天韻社區附近,supermarket,🍌 超市,桃園市桃園區,正光路 582號,25.0024312,121.2941661,verified,1,1,2026-06-13 12:50:28,2026-06-13 12:50:28,2026-08-15 02:08:39,
2256,炯炯岩燒牛排旁,park,🍀 公園,台中市沙鹿區,中正街育才巷 18號,24.235627,120.566149,verified,0,0,2026-06-13 12:36:33,2026-06-13 12:36:33,,
2255,清水國小,library,📚 圖書館/書店,新北市土城區,236新北市土城區清溪里金城路二段356號,24.998593,121.461668,verified,1,0,2026-06-13 12:04:12,2026-06-13 12:04:12,2026-06-14 05:32:17,
2254,国際日語教会天母会堂,hamburger,🍔 漢堡店,台北市士林區,中山北路六段728巷9弄 3之1號,25.114631,121.528939,verified,9,1,2026-06-13 09:59:42,2026-06-13 09:59:42,2026-08-01 15:43:25,
2253,孩子國補習班,artgallery,🎨 美術館,宜蘭縣,宜蘭縣宜蘭市新東里陽明三路9巷29號,24.748915,121.765212,verified,0,5,2026-06-13 08:51:27,2026-06-13 08:51:27,,
2252,,forest,🌲 森林,彰化縣秀水鄉金興村,彰化縣秀水鄉金興村新興街251號,24.024382,120.516469,verified,1,0,2026-06-13 07:46:19,2026-06-13 07:46:19,2026-06-20 03:49:44,
2251,農聯社附近,supermarket,🍌 超市,屏東縣枋寮鄉,屏東縣枋寮鄉人和村中華路73號,22.383639,120.597248,verified,0,0,2026-06-13 05:45:16,2026-06-13 05:45:16,,
2250,東南街巷內,restaurant,🍽️ 餐廳,新竹市,東南街210巷18弄 19號,24.7945,120.9746,verified,1,0,2026-06-13 05:25:41,2026-06-13 05:25:41,2026-09-09 13:54:41,
2249,統蓋青蔬果,restaurant,🍽️ 餐廳,桃園市龜山區,樂善二路 520號,25.046163,121.388074,verified,0,1,2026-06-13 05:20:46,2026-06-13 05:20:46,,
2248,白丁書店,cafe,☕ 咖啡店,台南市白河區,40之13號,23.365084,120.429949,verified,1,0,2026-06-13 04:39:36,2026-06-13 04:39:36,2026-08-18 15:50:45,
2247,桃園市大園區埔心里,airport,✈️ 機場,桃園市大園區,"""第三航廈機場咖啡""那條路進去，第一個轉彎處，下去都是純點",25.058347,121.21653,verified,6,0,2026-06-13 03:05:06,2026-06-13 03:05:06,2026-09-04 09:12:19,
2246,南英,supermarket,🍌 超市,台南市,臺南市中西區小西門里健康路一段348號,22.98148,120.199897,verified,0,2,2026-06-13 02:04:23,2026-06-13 02:04:23,,
2245,菲羚髮藝剪燙染鹿茸外泌體藴髮（中國醫藥大學協作店家）,bus,🚌 公車站,台中市,復興路一段 2之24號,24.201208,120.706165,verified,0,0,2026-06-12 17:02:33,2026-06-12 17:02:33,,
2244,菲比美學,park,🍀 公園,花蓮縣玉里鎮,興國路一段 161號,23.329441,121.320736,verified,1,0,2026-06-12 14:19:17,2026-06-12 14:19:17,2026-06-20 04:50:39,
2243,竑志金屬工業股份有限公司,forest,🌲 森林,台中市太平區,華安街100巷 16號,24.105436,120.713543,verified,2,0,2026-06-12 14:01:13,2026-06-12 14:01:13,2026-09-11 22:04:38,
2242,花咲スポーツ公園陸上競技場前公衆トイレ,shrine,⛩️ 神社/寺廟,🌏 旭川市,4条東鷹栖通,43.792477,142.374213,verified,1,7,2026-06-12 13:49:55,2026-06-12 13:49:55,2026-06-14 15:37:49,
2241,新港海邊,beach,🐚 海灘,高雄市永安區,沿路一帶都是純點,22.819371,120.208957,verified,2,0,2026-06-12 13:48:16,2026-06-12 13:48:16,2026-07-28 10:40:35,
2240,7-11附近,minimart,🏪 便利商店,高雄市永安區,高雄市永安區永安里永安路83號,22.817863,120.223728,verified,0,0,2026-06-12 13:45:12,2026-06-12 13:45:12,,
2239,佳洋鮮魚附近,supermarket,🍌 超市,高雄市永安區,高雄市永安區永安里永新路2號,22.818623,120.217989,verified,0,0,2026-06-12 13:42:42,2026-06-12 13:42:42,,
2238,忠孝運動公園,park,🍀 公園,台南市永康區,中山南路316巷,23.015419,120.241699,verified,3,0,2026-06-12 13:24:01,2026-06-12 13:24:01,2026-09-21 00:41:29,
2237,佳新輪胎行,forest,🌲 森林,嘉義縣朴子市,嘉義縣朴子市平和里四維路一段280號,23.459675,120.249115,verified,3,1,2026-06-12 11:28:08,2026-06-12 12:41:54,2026-06-15 13:19:05,
2236,府昕設計家具,bus,🚌 公車站,嘉義縣朴子市,嘉義縣朴子市1500號,23.463714,120.268291,verified,0,0,2026-06-12 11:24:29,2026-06-12 12:41:54,,
2235,阿美水果店,forest,🌲 森林,嘉義縣朴子市,嘉義縣朴子市大鄉里大槺榔1116 號,23.464467,120.267175,verified,2,1,2026-06-12 11:19:28,2026-06-12 12:41:54,2026-06-13 00:59:28,
2234,北聯文教-竹北東興分校、部落_森 學院 竹北東興分校,ramen,🍜 拉麵店,新竹縣竹北市,嘉豐六路一段 101,24.811271,121.0312606,verified,0,1,2026-06-12 11:04:42,2026-06-12 12:41:54,,
2233,蝦皮清水港都智取店,minimart,🏪 便利商店,台中市清水區,臺中市清水區頂寮里港都三路100號1樓,24.26848,120.536244,verified,1,0,2026-06-12 09:32:01,2026-06-12 12:41:54,2026-06-12 16:31:41,
2232,全勝汽車股份有限公司,bus,🚌 公車站,台北市士林區,福國路承和路口,25.101354,121.507819,verified,0,0,2026-06-12 07:53:35,2026-06-12 12:41:54,,
2231,YouBike微笑單車 2.0: 立功立德路口,bus,🚌 公車站,台北市北投區,立德路 15號,25.124877,121.471656,verified,0,0,2026-06-12 06:56:40,2026-06-12 12:41:54,,
2230,YouBike微笑單車 2.0: 寶橋路235巷,cafe,☕ 咖啡店,新北市三峽區,新北市新店區寶福里寶橋路235巷118號五樓,24.98282,121.550979,verified,0,1,2026-06-12 01:58:16,2026-06-12 12:41:54,,
2229,大和屋日本國際美食館附近,restaurant,🍽️ 餐廳,彰化縣彰化市,金馬路二段 臨248號,24.095437,120.543196,verified,0,0,2026-06-12 01:00:04,2026-06-12 12:41:54,,
2228,虎尾溪福德宮（公車紙模型）,bus,🚌 公車站,雲林縣虎尾鎮,"無 地址, 斗六市雲林縣台灣 640",23.720462,120.517625,verified,1,0,2026-06-12 00:06:27,2026-06-12 12:41:54,2026-07-05 09:42:17,
2227,六房媽祖舊址（餐廳帽子）,restaurant,🍽️ 餐廳,雲林縣斗南鎮,雲林縣斗南鎮新光里正福路165號,23.689476,120.483613,verified,1,0,2026-06-11 23:33:21,2026-06-12 12:41:54,2026-09-03 14:50:24,
2226,Slumberland英國斯林百蘭名床-新竹專賣店,electronics,🔋 電器行,新竹縣竹北市,成功六街 272,24.8168352,121.024422,verified,0,5,2026-06-11 16:21:42,2026-06-12 12:41:54,,
2225,新竹市北區新雅里長廖佐華服務處,airport,✈️ 機場,新竹縣新竹市,成功路192巷 203號,24.8125098,120.9449345,verified,1,0,2026-06-11 16:19:37,2026-06-12 12:41:54,2026-07-31 07:01:31,
2224,內埔警察局對面的路,laundry,👕 自助洗衣店,屏東縣內埔鄉,陽濟路 2號,22.6128602,120.5692307,verified,1,0,2026-06-11 15:56:08,2026-06-11 15:56:08,2026-07-05 10:11:48,
2223,空軍司令部,bus,🚌 公車站,台北市中山區,北安路 409,25.08376,121.541493,verified,0,0,2026-06-11 14:33:12,2026-06-11 14:33:12,,
2222,崇光中學（崇光女中）,korean,🥬 韓式餐廳,新北市新店區,崇光中學大門口，對面有幼稚園，旁邊有天橋,24.973413,121.539148,verified,1,1,2026-06-11 14:29:15,2026-06-11 14:29:15,2026-07-26 04:05:03,
2221,德聲工業社,sweetshop,🍩 甜點店,台中市,崇倫街183巷 9號,24.1260916,120.6576711,verified,3,1,2026-06-11 08:47:17,2026-06-11 08:47:17,2026-08-24 10:04:56,
2220,Mother and Child Sculpture,park,🍀 公園,新竹縣竹北市,嘉豐南路一段 30號,24.8121128,121.0349172,verified,0,0,2026-06-11 07:47:16,2026-06-11 07:47:16,,
2219,允承法律事務所,bus,🚌 公車站,新竹縣竹北市,復興一街 193號,24.81307,121.033443,verified,0,0,2026-06-11 07:41:11,2026-06-11 07:41:11,,
2218,卡迪蓮咖啡So.Home.Cafe,station,🚂 車站,新北市鶯歌區,新北市鶯歌區大湖里晨曦街二棟1號,24.976238,121.33682,verified,0,4,2026-06-11 07:40:59,2026-06-11 07:40:59,,
2217,中華電信側大門,bus,🚌 公車站,台北市大安區,愛國東路35號,25.03226453616104,121.5255587539448,verified,0,0,2026-06-11 07:14:51,2026-06-11 07:14:51,,
2216,iRent杭州南門站,park,🍀 公園,台北市中正區,杭州南路二段53巷,25.033058678754493,121.52307518048596,verified,0,1,2026-06-11 07:13:35,2026-06-11 07:13:35,,
2215,三益電器行,restaurant,🍽️ 餐廳,台北市中正區,連雲街26弄23號,25.03679013983245,121.53170908098953,verified,0,1,2026-06-11 07:12:34,2026-06-11 07:12:34,,
2214,連雲華廈,roadside,🪙 路邊,台北市中正區,中正區連雲街26弄16號,25.034445402039417,121.53182638153577,verified,0,1,2026-06-11 07:11:19,2026-06-11 07:11:19,,
2213,連雲街26弄10號,park,🍀 公園,台北市中正區,臺北市中正區三愛里連雲街20號五樓號,25.0367127896584,121.5316663494621,verified,0,2,2026-06-11 07:09:14,2026-06-11 07:09:14,,
2212,中華電信前,bus,🚌 公車站,雲林縣斗六市,文化路,23.711169,120.545484,verified,1,0,2026-06-11 06:09:06,2026-06-11 06:09:06,2026-06-29 10:28:02,
2211,魯麵申,clothesstore,👗 服飾店,台南市下營區,中正北路 60號,23.236131,120.262326,verified,0,0,2026-06-11 05:08:07,2026-06-11 05:08:07,,
2210,Zipcar力行全聯,supermarket,🍌 超市,新北市三重區,"中正北路168號（車道周圍來回偵測25.0661123, 121.4841553）",25.068623,121.484472,verified,0,1,2026-06-11 03:39:13,2026-06-11 03:39:13,,
2209,台塑石油沙鹿中興路站,bus,🚌 公車站,台中市沙鹿區,向上路七段,24.208646,120.560698,verified,0,0,2026-06-11 02:54:19,2026-06-11 02:54:19,,
2208,PJ Mart 竹北店,electronics,🔋 電器行,新竹縣竹北市,中華路312號,24.834263,121.004046,verified,0,2,2026-06-11 00:32:51,2026-06-11 00:32:51,,
2207,高雄煉製事業部-白宮,laundry,👕 自助洗衣店,高雄市,宏毅一路 1之4號,22.7071653,120.3000901,verified,2,0,2026-06-11 00:07:17,2026-06-11 00:07:17,2026-07-24 23:21:28,
2206,洪媽媽爆漿餡餅,electronics,🔋 電器行,南投縣草屯鎮,博愛路,23.98609,120.683187,verified,1,0,2026-06-10 18:07:35,2026-06-10 18:07:35,2026-09-08 09:31:20,
2205,好鮮屋米粉湯（原夜市）,restaurant,🍽️ 餐廳,桃園市,桃園市中壢區光明里民權路320號,24.962728,121.217757,verified,0,1,2026-06-10 16:00:32,2026-06-10 16:00:32,,
2204,輔仁路巷子,electronics,🔋 電器行,高雄市苓雅區,"22.631916, 120.335269",22.631916,120.335269,verified,1,0,2026-06-10 15:01:03,2026-06-10 15:01:03,2026-07-07 14:24:38,
2203,金勝利商店(勝利行),minimart,🏪 便利商店,新北市,富國路,25.024303,121.418391,verified,0,0,2026-06-10 14:19:33,2026-06-10 14:19:33,,
2202,樹義公園,park,🍀 公園,台中市,402臺中市南區福田三街269號1樓,24.111132,120.654941,verified,0,0,2026-06-10 12:43:27,2026-06-10 12:43:27,,
2201,多福祿小館,italian,🍕 義式餐廳,台中市沙鹿區,北勢東路714巷 29號,24.230558,120.571775,verified,1,0,2026-06-10 12:43:13,2026-06-10 12:43:13,2026-09-07 15:19:55,
2200,楊記重慶麵館前,cafe,☕ 咖啡店,台中市沙鹿區,北勢東路680巷 10號,24.230889,120.572565,verified,0,0,2026-06-10 12:41:28,2026-06-10 12:41:28,,
2199,路易莎靜宜店門口,restaurant,🍽️ 餐廳,台中市沙鹿區,英才路 102號,24.225706,120.571432,verified,3,0,2026-06-10 12:34:33,2026-06-10 12:34:33,2026-09-12 09:22:28,
2198,洪皇帝冰淇淋,forest,🌲 森林,宜蘭縣礁溪鄉,白石腳路,24.841491,121.782748,verified,0,0,2026-06-10 10:24:03,2026-06-10 10:24:03,,
2197,埤塘33,waterside,🎣 水邊,桃園市,內定三街170巷 201之3號,24.99677,121.253096,verified,0,0,2026-06-10 09:33:39,2026-06-10 09:33:39,,
2196,田間小路,forest,🌲 森林,桃園市,內定六街263巷 86號,24.999684,121.251495,verified,1,1,2026-06-10 09:30:51,2026-06-10 09:30:51,2026-09-08 11:20:08,
2195,全聯福利中心沙鹿店停車場,supermarket,🍌 超市,台中市沙鹿區,大同街105巷,24.239645,120.558654,verified,4,0,2026-06-10 09:28:08,2026-06-10 09:28:08,2026-08-19 17:59:13,
2194,台中市南屯區 工具純點,diy,🔧 五金行,台中市南屯區,台中市南屯區284巷5號門口(有時需走動或重開app才找得到),24.1382188,120.6472635,verified,0,4,2026-06-10 09:09:30,2026-06-10 09:09:30,,
2193,Secret beauty秘密美學,hairsalon,✂️ 美容院,台中市南屯區,台中市南屯區大墩七街245號,24.1437168,120.6475022,verified,6,0,2026-06-10 08:50:38,2026-06-10 08:50:38,2026-09-06 18:36:41,
2192,施肯柚木對面停車格,artgallery,🎨 美術館,桃園市,環中東路 910號,24.952131,121.241185,verified,1,3,2026-06-10 08:28:42,2026-06-10 08:28:42,2026-09-16 12:14:05,
2191,長榮里綠園道附近巷內,park,🍀 公園,臺中市大里區,臺中市大里區益民路二段81巷26小號,24.105972,120.686602,verified,0,0,2026-06-10 08:17:39,2026-06-10 08:17:39,,
2190,JERA park YOKOSUKA,park,🍀 公園,日本橫須賀市,久里浜港線/不要太靠海 地圖上的綠地整塊都是公園純點,35.214192,139.721058,verified,0,0,2026-06-10 04:42:04,2026-06-10 04:42:04,,
2189,香岳實業股份有限公司,cafe,☕ 咖啡店,台北市中山區,臺北市中山區成功里敬業二路69巷59號8號,25.082331,121.553053,verified,1,1,2026-06-10 01:47:47,2026-06-10 01:47:47,2026-06-12 15:42:41,
2188,公館yes行旅,park,🍀 公園,苗栗縣公館鄉,弘南街 71號,24.501516,120.824274,verified,0,0,2026-06-09 18:27:47,2026-06-09 18:27:47,,
2187,銓暉汽車維修中心,park,🍀 公園,苗栗縣公館鄉,1號,24.506157,120.825604,verified,0,0,2026-06-09 18:26:39,2026-06-09 18:26:39,,
2186,名坊,minimart,🏪 便利商店,苗栗縣公館鄉,近光路 90號,24.503299,120.827537,verified,0,0,2026-06-09 18:23:17,2026-06-09 18:23:17,,
2185,公館鄉圖書館,library,📚 圖書館/書店,苗栗縣公館鄉,宮前路 6-1,24.499801,120.826272,verified,1,0,2026-06-09 18:19:47,2026-06-09 18:19:47,2026-06-18 18:07:20,
2184,初夏汽車旅館,park,🍀 公園,苗栗縣公館鄉,通明街 166號,24.501667,120.821785,verified,0,0,2026-06-09 18:18:39,2026-06-09 18:18:39,,
2183,公館鄉農會隘寮下,supermarket,🍌 超市,苗栗縣公館鄉,館孝路,24.489586,120.827306,verified,0,0,2026-06-09 18:17:10,2026-06-09 18:17:10,,
2182,櫻之芳庭,forest,🌲 森林,苗栗縣公館鄉,227之9號,24.486956,120.838686,verified,0,0,2026-06-09 18:12:16,2026-06-09 18:12:16,,
2181,,park,🍀 公園,苗栗縣公館鄉,苗25,24.511512,120.816323,verified,0,0,2026-06-09 18:10:00,2026-06-09 18:10:00,,
2180,Villa 13 khaldia,sweetshop,🍩 甜點店,阿布達比,شارع سيح السَّلَم 15,24.480224,54.353043,verified,2,0,2026-06-09 15:00:00,2026-06-09 15:00:00,2026-08-29 14:13:30,
2179,四維路57號,minimart,🏪 便利商店,新北市板橋區,四維路57號,25.027193,121.460841,verified,1,0,2026-06-09 14:46:03,2026-06-09 14:46:03,2026-06-15 12:22:16,
2178,惟美社區門口,station,🚂 車站,台中市龍井區,太平路 6之2號,24.170624,120.574605,verified,0,2,2026-06-09 13:05:43,2026-06-09 13:05:43,,
2177,羅東晶園會館,ramen,🍜 拉麵店,宜蘭縣羅東鎮,宜蘭縣羅東鎮中山路二段2巷,24.673553,121.785293,verified,0,0,2026-06-09 12:24:22,2026-06-09 12:24:22,,
2176,⁠Marimo Holdings 西區體育中心,park,🍀 公園,日本廣島市,廣島市西區庚午南二丁目41番1號,34.375996,132.409399,verified,0,0,2026-06-09 10:21:05,2026-06-09 10:21:05,,
2175,Shinkoundo Park 新港運動広場,park,🍀 公園,日本岩國市,臨港道路,34.18727,132.235066,verified,0,0,2026-06-09 10:16:39,2026-06-09 10:16:39,,
2174,Sakae Parkさかえ公園,park,🍀 公園,日本大竹市,"Sakae Park, 1-chōme-7 Higashisakae, Otake, Hiroshima 739-0601日本",34.220341,132.228363,verified,0,0,2026-06-09 10:13:59,2026-06-09 10:13:59,,
2173,晴海臨海公園,park,🍀 公園,日本大竹市,不要太靠海都是公園純點,34.238201,132.226295,verified,0,0,2026-06-09 10:11:13,2026-06-09 10:11:13,,
2172,海老山公園,park,🍀 公園,日本廣島市佐伯區,"日本〒731-5133 Hiroshima, Saeki Ward, Asahien, 22−３ 宮原ハイツ",34.363525,132.36635,verified,0,0,2026-06-09 10:07:44,2026-06-09 10:07:44,,
2171,海老山山頂,park,🍀 公園,日本廣島市佐伯區,"6 Kairoyamacho, Saeki Ward, Hiroshima, 731-5134日本",34.361307,132.365529,verified,0,0,2026-06-09 10:06:04,2026-06-09 10:06:04,,
2170,Marine Park,park,🍀 公園,日本廣島縣廿日市市,"日本〒738-0021 Hiroshima, Saeki Ward, 1, 廿日市市木材港北５－５２",34.352644,132.351496,verified,0,0,2026-06-09 10:00:41,2026-06-09 10:00:41,,
2169,Calbee Hiroshima nishi Plant,beach,🐚 海灘,日本廣島縣廿日市市,"-61 Mokuzaikōkita, Hatsukaichi, Hiroshima 738-0021日本",34.351466,132.349479,verified,1,0,2026-06-09 09:58:30,2026-06-09 09:58:30,2026-07-17 09:51:19,
2168,Supermercado São Cristovão Loja 6 Barbosa,bakery,🥖 麵包店,巴西聖保羅州巴爾博薩,Avenida Dona Ricardina,-21.267442,-49.947742,verified,1,0,2026-06-09 09:46:21,2026-06-09 09:46:21,2026-09-10 20:58:56,
2167,美河市己梯下方,forest,🌲 森林,新北市新店區,中央路 179號,24.970139,121.535038,verified,1,0,2026-06-09 09:06:41,2026-06-09 09:06:41,2026-07-20 17:48:03,
2166,金開發房屋,cafe,☕ 咖啡店,新北市新店區,中央路 181號,24.969825,121.535462,verified,2,2,2026-06-09 09:04:45,2026-06-09 09:04:45,2026-07-29 00:31:13,
2165,Home villa number 9,hairsalon,✂️ 美容院,阿布達比,شارع ندُود جهام 8,24.473155,54.370383,verified,1,0,2026-06-09 07:57:32,2026-06-09 07:57:32,2026-08-11 18:38:12,
2164,大佳河濱公園,park,🍀 公園,台北市,行動巨蛋廣場,25.074725,121.539752,verified,1,0,2026-06-09 07:53:59,2026-06-09 07:53:59,2026-06-20 05:25:38,
2163,墓園和鹽洲國小中間的香鋪店周圍,pharmacy,💊 藥局,屏東縣新園鄉,香鋪店周圍,22.485749,120.442024,verified,1,0,2026-06-09 07:53:46,2026-06-09 07:53:46,2026-06-27 12:44:58,
2162,花博公園圓山園區,park,🍀 公園,台北市,中山北路三段,25.071824,121.522205,verified,0,0,2026-06-09 07:48:21,2026-06-09 07:48:21,,
2161,花博公園新生園區 臺北典藏植物園,park,🍀 公園,台北市,濱江街,25.070765,121.531609,verified,1,0,2026-06-09 07:46:21,2026-06-09 07:46:21,2026-06-24 13:37:25,
2160,花博公園新生園區怡情園,park,🍀 公園,台北市,新生北路三段,25.070007,121.528814,verified,0,0,2026-06-09 07:44:32,2026-06-09 07:44:32,,
2159,花博公園新生園區迷宮花園,park,🍀 公園,台北市,民族東路,25.069203,121.529807,verified,0,0,2026-06-09 07:42:12,2026-06-09 07:42:12,,
2158,Luzia Naves dos Reis Beluti Professora Emeief,supermarket,🍌 超市,巴西聖保羅州,Rua Antônio João,-21.094856,-47.15177,verified,0,0,2026-06-09 07:38:41,2026-06-09 07:38:41,,
2157,Life a Beech,supermarket,🍌 超市,紐約,Oak Terrace 603,40.809122,-73.914283,verified,1,0,2026-06-09 07:35:23,2026-06-09 07:35:23,2026-06-12 16:22:11,
2156,Khalidiya Parking Lot,supermarket,🍌 超市,阿布達比,شارع الشُّكُر,24.474938,54.354944,verified,0,0,2026-06-09 07:32:31,2026-06-09 07:32:31,,
2155,Lulu Hypermarket,supermarket,🍌 超市,阿布達比,شارع الركيسة 10,24.478334,54.373087,verified,0,0,2026-06-09 07:28:23,2026-06-09 07:28:23,,
2154,Embajada de Dios Long Beach Blv CA,minimart,🏪 便利商店,美國長灘,Long Beach Boulevard,33.878461,-118.204651,verified,0,0,2026-06-09 07:26:01,2026-06-09 07:26:01,,
2153,棋栓有限公司,hairsalon,✂️ 美容院,新北市,民權路49巷5弄 14號,24.9976603,121.5210696,verified,1,0,2026-06-09 07:15:01,2026-06-09 07:15:01,2026-06-25 18:02:41,
2152,大盤價生活百貨,diy,🔧 五金行,桃園市桃園區,新埔七街 139-1,25.0216299,121.3004528,verified,5,0,2026-06-09 01:05:25,2026-06-09 01:05:25,2026-09-01 20:36:56,
2151,太平區公車純點,bus,🚌 公車站,台中市,光興路與光興路1896巷口,24.126268,120.735161,verified,0,0,2026-06-08 22:20:19,2026-06-08 22:20:19,,
2150,麗都商務旅館,hotel,🏨 飯店,台中市西屯區,台中市西屯區中康街81號,24.196374,120.659477,verified,0,1,2026-06-08 18:09:11,2026-06-08 18:09:11,,
2149,基隆市信義區東信國民小學,roadside,🪙 路邊,基隆市201台灣基隆市信義區信綠里正信路26號,正信路 26號,25.1310188,121.7599219,verified,2,0,2026-06-08 18:02:08,2026-06-08 18:02:08,2026-08-27 16:22:44,
2148,OK便利商店 基隆東峰店,minimart,🏪 便利商店,基隆市201台灣基隆市信義區孝德里東峰街24號,東峰街 24號,25.132358,121.7744267,verified,0,0,2026-06-08 17:53:00,2026-06-08 17:53:00,,
2147,亞路科技股份有限公司,artgallery,🎨 美術館,台北市,市民大道三段 2,25.045507,121.531117,verified,0,4,2026-06-08 16:44:16,2026-06-08 16:44:16,,
2146,台中清泉崗機場,airport,✈️ 機場,台中市沙鹿區,JCC+W4 台灣臺中市清水區,24.2723130626,120.6202758104,verified,1,0,2026-06-08 16:34:30,2026-06-08 16:34:30,2026-06-15 15:43:00,
2145,Port Lincoln Airport,airport,✈️ 機場,澳洲阿德雷德,Lincoln Highway,-34.602109,135.872164,verified,0,0,2026-06-08 16:24:17,2026-06-08 16:24:17,,
2144,北龍路巷子,diy,🔧 五金行,桃園市龍潭區,北龍路59巷 20號,24.866506,121.212644,verified,0,2,2026-06-08 12:54:28,2026-06-08 12:54:28,,
2143,惟美社區門口,bus,🚌 公車站,台中市龍井區,太平路 13號,24.170481,120.574596,verified,0,0,2026-06-08 11:48:07,2026-06-08 11:48:07,,
2142,蘇澳蘭陽隧道（馬賽往蘇澳市區的方向中間過後）,mountain,⛰️ 山丘,宜蘭縣,宜蘭縣蘇澳鎮蘇東里蘇東北路,24.6032295,121.8559035,verified,3,0,2026-06-08 10:38:03,2026-06-08 10:38:03,2026-07-01 14:54:37,
2141,冬山全聯對面豆菜麵門口,supermarket,🍌 超市,宜蘭縣,宜蘭縣冬山鄉香和村冬山路一段856號,24.631364,121.7966072,verified,0,0,2026-06-08 10:26:58,2026-06-08 10:26:58,,
2140,全家利澤店附近,bakery,🥖 麵包店,宜蘭縣,宜蘭縣五結鄉利澤村台2戊線325號,24.664705,121.823249,verified,3,0,2026-06-08 10:20:06,2026-06-08 10:20:06,2026-09-10 21:05:59,
2139,台中大肚瑞井麵包,bakery,🥖 麵包店,台中市大肚區,瑞井路 96之6號 一斤面包,24.165632,120.573547,verified,2,0,2026-06-08 09:38:51,2026-06-08 09:38:51,2026-06-29 11:09:13,
2138,基隆月眉山靈泉寺道點,forest,🌲 森林,基隆市信義區,月眉路,25.1238594,121.7580514,verified,0,0,2026-06-08 05:15:15,2026-06-08 05:15:15,,
2137,黑狗曾碗粿,restaurant,🍽️ 餐廳,高雄市湖內區,湖中路 1號,22.905585,120.228892,verified,1,0,2026-06-08 04:52:21,2026-06-08 04:52:21,2026-06-18 08:24:03,
2136,順德聯誼總會翁祐中學 Shun Tak Fraternal Association Yung Yau College,station,🚂 車站,香港天水圍天恒邨,天水圍天瑞路83號,22.470788,113.999786,verified,1,0,2026-06-08 04:03:38,2026-06-08 04:03:38,2026-08-13 03:30:06,
2135,天恒邨恒卓樓,waterside,🎣 水邊,香港天水圍,香港新界元朗區天水圍天恒邨恒欣樓,22.471193,113.999502,verified,2,0,2026-06-08 04:01:43,2026-06-08 04:01:43,2026-09-08 22:14:33,
2134,沙江圍16 號,roadside,🪙 路邊,香港,香港流浮山民德路23號,22.462129,113.99058,verified,1,0,2026-06-08 03:58:50,2026-06-08 03:58:50,2026-08-13 03:29:35,
2133,峪欣工程行,ramen,🍜 拉麵店,基隆市,培德路 9之1號,25.128434,121.769211,verified,1,0,2026-06-08 02:53:29,2026-06-08 02:53:29,2026-06-15 19:45:07,
2132,公親寮清水寺金爐,bus,🚌 公車站,台南市安南區,公學路一段230巷 1號,23.077472,120.199532,verified,0,0,2026-06-08 02:41:40,2026-06-08 02:41:40,,
2131,安吉路一段290巷 78號,park,🍀 公園,台南市安南區,不動產廣告招牌旁,23.046786,120.190475,verified,0,0,2026-06-08 01:50:09,2026-06-08 01:50:09,,
2130,聖威企業社,diy,🔧 五金行,台中市大甲區,水美路285巷 2號,24.335445,120.624647,verified,1,0,2026-06-08 00:47:26,2026-06-08 00:47:26,2026-07-16 06:39:11,
2129,凱帝爾工業,clothesstore,👗 服飾店,台中市大甲區,重義三路13巷 56號,24.332265,120.611794,verified,0,1,2026-06-08 00:45:20,2026-06-08 00:45:20,,
2128,瓦瑤溪(水美溪),waterside,🎣 水邊,台中市大甲區,中山路一段568巷 349號,24.339514,120.621563,verified,1,0,2026-06-08 00:42:17,2026-06-08 00:42:17,2026-08-16 13:14:04,
2127,吾達實業公司,ramen,🍜 拉麵店,台中市大甲區,永順街 28號,24.342066,120.619342,verified,0,0,2026-06-08 00:40:45,2026-06-08 00:40:45,,
2126,義和里綠地公園,park,🍀 公園,台中市大甲區,義和二街110巷 75號,24.336375,120.621506,verified,0,0,2026-06-08 00:36:25,2026-06-08 00:36:25,,
2125,夢幻誠,minimart,🏪 便利商店,台中市烏日區,高鐵路二段,24.113367,120.610421,verified,5,0,2026-06-07 15:52:02,2026-06-08 00:19:25,2026-06-12 02:43:35,
2124,東津聖興堂,park,🍀 公園,屏東縣東港鎮,92845屏東縣東港鎮鎮海路1-75號,22.461613,120.442857,verified,2,0,2026-06-07 13:10:03,2026-06-08 00:19:25,2026-06-10 02:10:20,
2123,十字路口,park,🍀 公園,嘉義縣太保市,中興路一段 78號,23.498756,120.385164,verified,5,0,2026-06-07 12:24:20,2026-06-08 00:19:25,2026-07-07 01:36:10,
2122,宣教練團隊北區店,cafe,☕ 咖啡店,台中市,臺中市北區頂厝里學士路318號,24.162781,120.6813,verified,1,3,2026-06-07 07:01:34,2026-06-08 00:19:25,2026-06-11 05:52:06,
2121,公車站牌電線桿,bus,🚌 公車站,新北市五股區,中興路三段 33之3號,25.0813993,121.4422585,verified,0,0,2026-06-07 05:45:32,2026-06-08 00:19:25,,
2120,大同水上樂園舊址,themePark,🎢 主題樂園,新北市板橋區,江翠民智街185巷25號,25.03225,121.480763,verified,0,8,2026-06-06 14:34:23,2026-06-06 14:34:23,,
2119,Extreme Pro 極致鍍膜 - 大林店,movie,🎬 電影院,嘉義縣大林鎮,中正路 822號,23.606053,120.45921,verified,2,4,2026-06-06 12:49:38,2026-06-06 12:49:38,2026-06-20 12:49:39,
2118,文森幼兒園門口,italian,🍕 義式餐廳,台中市沙鹿區,北中五街 20號,24.229087,120.571689,verified,2,0,2026-06-06 12:21:29,2026-06-06 12:21:29,2026-09-17 17:39:11,
2117,青山彩繪牆旁三叉路口,bakery,🥖 麵包店,台中市沙鹿區,東晉路清雲巷 7號,24.223933,120.572874,verified,1,0,2026-06-06 11:40:51,2026-06-06 11:40:51,2026-09-17 15:16:08,
2116,震日行企業股份有限公司,library,📚 圖書館/書店,嘉義市,廣州街,23.462212,120.434285,verified,1,0,2026-06-06 09:39:23,2026-06-06 09:39:23,2026-06-10 14:24:09,
2115,想你歌友會,hairsalon,✂️ 美容院,嘉義市,廣州街,23.462354,120.435852,verified,1,2,2026-06-06 09:37:43,2026-06-06 09:37:43,2026-08-17 13:54:04,
2114,華興橋靠近肉品市場,bridge,🌉 橋梁,嘉義縣嘉義市,文化路,23.508713,120.435676,verified,0,0,2026-06-06 09:31:24,2026-06-06 09:31:24,,
2113,加油站與橋樑之間,waterside,🎣 水邊,嘉義縣民雄鄉,嘉83,23.513201,120.431815,verified,0,1,2026-06-06 09:29:56,2026-06-06 09:29:56,,
2112,重新大橋,bridge,🌉 橋梁,新北市,重新橋觀光市集,25.050573,121.481882,verified,0,0,2026-06-06 08:00:32,2026-06-06 08:00:32,,
2111,鑫悅車坊,waterside,🎣 水邊,宜蘭縣頭城鎮,宜三路二段290巷,24.858773,121.802538,verified,0,0,2026-06-06 07:48:24,2026-06-06 07:48:24,,
2110,柳媽媽手工蛋捲前,hairsalon,✂️ 美容院,彰化縣員林市,萬年路二段 臨96號,23.956363,120.57615,verified,0,1,2026-06-06 04:23:51,2026-06-06 04:23:51,,
2109,創世紀,diy,🔧 五金行,新北市新莊區,新北市新莊區福營里中正路525號,25.0332701,121.4391727,verified,4,0,2026-06-06 01:48:58,2026-06-06 01:48:58,2026-08-15 20:24:51,
2108,平鎮南勢郵局,postoffice,📮 郵局,桃園市,興安路 135號,24.916941,121.209129,verified,5,0,2026-06-05 17:55:16,2026-06-05 17:55:16,2026-08-01 15:36:24,
2107,旻昌車業,clothesstore,👗 服飾店,桃園市平鎮區,新光路四段45巷 1之1號,24.919449,121.204094,verified,3,0,2026-06-05 17:43:38,2026-06-05 17:43:38,2026-07-19 10:03:48,
2106,楊義良花生老店,sweetshop,🍩 甜點店,台南市關廟區,松安街 85號,22.9564439,120.3362745,verified,18,0,2026-06-05 15:11:29,2026-06-05 15:11:29,2026-09-14 13:49:29,
2105,五營兄弟小廟前,minimart,🏪 便利商店,台中市沙鹿區,北中五街 55號,24.228663,120.5733,verified,1,0,2026-06-05 12:59:50,2026-06-05 13:30:36,2026-06-06 13:44:58,
2104,華佑食品有限公司,minimart,🏪 便利商店,桃園市平鎮區,平東路659巷 18號,24.911563,121.240356,verified,0,0,2026-06-05 12:59:01,2026-06-05 13:30:36,,
2103,政軒欣業有限公司,sweetshop,🍩 甜點店,桃園市平鎮區,平東路679巷 5號,24.911614,121.239589,verified,4,0,2026-06-05 12:56:51,2026-06-05 13:30:36,2026-08-18 07:34:21,
2102,平鎮區蔬菜產銷班第2班,supermarket,🍌 超市,桃園市平鎮區,平東路 688號,24.912361,121.238709,verified,2,0,2026-06-05 12:49:42,2026-06-05 13:30:36,2026-06-08 14:48:26,
2101,盈嘉汽車,waterside,🎣 水邊,台北市北投錢,立德路120巷 15號,25.126295,121.473298,verified,1,0,2026-06-05 09:22:00,2026-06-05 13:30:36,2026-06-09 09:24:16,
2100,明道中學附近,restaurant,🍽️ 餐廳,台中市烏日區,414臺中市烏日區仁德里信義街279巷,24.1042246,120.6365511,verified,1,1,2026-06-05 07:32:53,2026-06-05 13:30:36,2026-06-08 05:14:49,
2099,富市多生鮮蔬果超市,supermarket,🍌 超市,新竹縣北埔鄉,中山路85之5臨,24.702717,121.054111,verified,7,0,2026-06-05 07:03:51,2026-06-05 13:30:36,2026-06-27 14:17:06,
2098,嘉基醫療專車乘車處,cafe,☕ 咖啡店,嘉義市東區,600嘉義市東區中庄里忠孝路539號,23.4997,120.45076,verified,0,5,2026-06-05 04:28:11,2026-06-05 10:14:09,,
2097,嘉基急診室附近,bus,🚌 公車站,嘉義市東區,忠孝路的路口,23.49882,120.45019,verified,0,0,2026-06-05 04:19:47,2026-06-05 10:14:09,,
2096,再耕園咖啡庇護工場,bus,🚌 公車站,嘉義市西區,600嘉義市西區西平里玉康路160號,23.47204,120.4281,verified,0,0,2026-06-05 04:07:51,2026-06-05 10:14:09,,
2095,詠裕家具行 附近,forest,🌲 森林,嘉義市東區,600嘉義市東區忠孝路541~7號,23.499249,120.44799,verified,1,0,2026-06-05 03:59:29,2026-06-05 10:14:09,2026-06-06 09:33:13,
2094,馬公分局光明派出所,bus,🚌 公車站,澎湖縣馬公市,新生路201號,25.5703617,119.5758719,verified,0,0,2026-06-05 03:43:14,2026-06-05 10:14:09,,
2093,廚師存點,restaurant,🍽️ 餐廳,宜蘭縣,宜蘭縣羅東鎮成功里體育路11號,24.670174,121.766701,verified,0,0,2026-06-05 02:25:42,2026-06-05 10:14:09,,
2092,健麗銘版有限公司,sweetshop,🍩 甜點店,新北市,貴陽街47巷19弄 17號,25.0621153,121.4848119,verified,14,2,2026-06-04 18:33:49,2026-06-05 10:14:09,2026-08-21 05:28:12,
2091,Repos Gentleman 瑞波士訂製西服 新北,sweetshop,🍩 甜點店,新北市,四川路一段286巷 5號,25.0009529,121.458358,verified,10,1,2026-06-04 18:32:43,2026-06-05 10:14:09,2026-09-14 22:45:03,
2090,臺北市大同區延平國民小學,sweetshop,🍩 甜點店,台北市,昌吉街 97,25.066703,121.512204,verified,7,5,2026-06-04 18:29:44,2026-06-05 10:14:09,2026-08-17 15:58:41,
2089,群義房屋十四期梅川南店,clothesstore,👗 服飾店,台中市北屯區,台中市北屯區梅川南街47號,24.1839422,120.691586,verified,3,0,2026-06-04 17:12:48,2026-06-05 10:14:09,2026-07-02 16:38:15,
2088,玉清宮,waterside,🎣 水邊,宜蘭縣礁溪鄉,茅埔一路,24.805505,121.797785,verified,1,0,2026-06-04 15:57:56,2026-06-04 15:57:56,2026-09-08 04:06:48,
2087,停車場入口旁,restaurant,🍽️ 餐廳,台中市沙鹿區,北中二街 10號,24.226379,120.571069,verified,1,0,2026-06-04 13:50:41,2026-06-04 13:50:41,2026-06-08 05:16:51,
2086,蔬寶包蔬食（以前：來來牛肉麵）,ramen,🍜 拉麵店,台中市東區振興里立德街141號,靠近大樹花盆位置，有機會變成純點拉麵（一瞬間會變動）,24.135049,120.692423,verified,0,1,2026-06-04 13:35:19,2026-06-04 13:35:19,,
2085,日本 石恆島 寶來神社,shrine,⛩️ 神社/寺廟,日本沖繩縣石垣市,日本 石恆島 寶來神社,24.356836764108152,124.16606369613456,verified,21,0,2026-06-04 10:56:29,2026-06-04 10:56:29,2026-09-06 07:01:26,
2084,群浩鼎會計師事務所,roadside,🪙 路邊,台中市北屯區,水景街 13號,24.170063,120.711638,verified,0,0,2026-06-04 10:55:39,2026-06-04 10:55:39,,
2083,牛頓安親課輔班,library,📚 圖書館/書店,桃園市,泰昌十二街 99號,24.987338,121.290593,verified,1,1,2026-06-04 08:42:33,2026-06-04 08:42:33,2026-09-20 11:37:20,
2082,澎湖縣林務公園管理所,forest,🌲 森林,澎湖縣馬公市,大案山,23.55781,119.60828,verified,0,1,2026-06-04 07:50:22,2026-06-04 07:50:22,,
2081,澎湖縣立網球場,stadium,🏟️ 體育館,澎湖縣馬公市,館前路,23.57071,119.57911,verified,1,0,2026-06-04 07:48:15,2026-06-04 07:48:15,2026-07-07 18:57:32,
2080,草樹仔尾公園,beach,🐚 海灘,澎湖縣馬公市,民族路 183號,23.57684,119.56758,verified,1,0,2026-06-04 07:47:08,2026-06-04 07:47:08,2026-06-10 15:02:56,
2079,尖山角觀海亭,beach,🐚 海灘,澎湖縣馬公市,600號,23.59401,119.58382,verified,0,0,2026-06-04 07:44:10,2026-06-04 07:44:10,,
2078,Calmhere Caffe｜自家烘焙．甜點．寵物友善．留白空間,minimart,🏪 便利商店,宜蘭縣礁溪鄉,白雲三路30巷,24.837762,121.785877,verified,0,0,2026-06-04 07:18:48,2026-06-04 07:18:48,,
2077,金威廟拱門,roadside,🪙 路邊,宜蘭縣頭城鎮,宜三路一段,24.846548,121.795632,verified,0,0,2026-06-04 07:10:01,2026-06-04 07:10:01,,
2076,二城派出所,bus,🚌 公車站,宜蘭縣頭城鎮,青雲路一段 145,24.838823,121.793455,verified,0,0,2026-06-04 06:28:06,2026-06-04 06:28:06,,
2075,全家宜蘭二城店,minimart,🏪 便利商店,宜蘭縣頭城鎮,青雲路一段,24.838857,121.794702,verified,0,0,2026-06-04 06:20:36,2026-06-04 06:20:36,,
2074,新永全水產,waterside,🎣 水邊,宜蘭縣頭城鎮,中崙路,24.834982,121.801438,verified,0,0,2026-06-04 06:04:21,2026-06-04 06:04:21,,
2073,龜山島稻田火車拍攝點,bridge,🌉 橋梁,宜蘭縣頭城鎮,中崙路,24.83729,121.79545,verified,0,0,2026-06-04 05:57:14,2026-06-04 05:57:14,,
2072,頭城鎮路燈02493,park,🍀 公園,宜蘭縣頭城鎮,二城路6巷,24.837694,121.792765,verified,3,0,2026-06-04 05:49:23,2026-06-04 05:49:23,2026-06-25 00:25:47,
2071,佳女美容院,bus,🚌 公車站,宜蘭縣頭城鎮,二城路,24.837848,121.792833,verified,0,0,2026-06-04 05:46:31,2026-06-04 05:46:31,,
2070,1022巷小巷子裡,bridge,🌉 橋梁,桃園市八德區,介壽路二段1022巷 90號,24.932503,121.29444,verified,0,0,2026-06-04 05:18:01,2026-06-04 05:18:01,,
2069,八方雲集 嘉義八德店,restaurant,🍽️ 餐廳,嘉義市西區,600嘉義市西區保福里八德路97號,23.4789,120.4358,verified,0,1,2026-06-04 04:36:27,2026-06-04 04:36:27,,
2067,小人國主題樂園,themePark,🎢 主題樂園,桃園市龍潭區,高原里高原路891號,24.832977,121.188,verified,0,5,2026-06-04 01:33:05,2026-06-04 01:33:05,,
2066,六福村主題遊樂園,themePark,🎢 主題樂園,新竹縣關西鎮,R5CP+58 台灣新竹縣關西鎮仁安里,24.8204,121.185837,verified,1,6,2026-06-03 19:28:56,2026-06-03 19:28:56,2026-06-07 22:32:29,
2065,京緯工貿有限公司,forest,🌲 森林,宜蘭縣礁溪鄉,五峰路,24.827096,121.758754,verified,0,0,2026-06-03 15:01:45,2026-06-03 15:01:45,,
2064,伊比丫丫婦幼館,park,🍀 公園,新北市蘆洲區,民族路236巷 51號附近,25.088832,121.481431,verified,1,1,2026-06-03 11:21:43,2026-06-03 11:21:43,2026-06-14 10:23:40,
2063,漢好汽車修護(修車廠.保養廠.二手車買賣.鈑金烤漆.無色差烤漆.專業鈑金.保險出險理賠),forest,🌲 森林,新北市蘆洲區,復興路323巷 51號,25.09378,121.481182,verified,0,0,2026-06-03 11:07:21,2026-06-03 11:07:21,,
2062,彰化市超市蘑菇香蕉,supermarket,🍌 超市,彰化縣彰化市,自強南路22巷 44號,24.088902,120.535602,verified,0,2,2026-06-03 10:33:52,2026-06-03 10:33:52,,
2061,期盛企業有限公司,restaurant,🍽️ 餐廳,新北市新店區,華興街 27號,24.969013,121.537457,verified,0,0,2026-06-03 06:48:29,2026-06-03 06:48:29,,
2060,明水然・樂-宜蘭礁溪店(田園景觀店),waterside,🎣 水邊,宜蘭縣礁溪鄉,淇武蘭路,24.808892,121.786665,verified,0,0,2026-06-03 05:30:23,2026-06-03 05:30:23,,
2059,中壢南園郵局,postoffice,📮 郵局,桃園市中壢區,南園二路 4號,24.971743,121.238135,verified,1,2,2026-06-03 03:50:50,2026-06-03 03:50:50,2026-06-16 14:57:14,
2058,國立臺灣科學教育館,hamburger,🍔 漢堡店,台北市,士商路 150,25.095277,121.516199,verified,6,2,2026-06-02 16:41:17,2026-06-02 16:41:17,2026-09-05 10:17:20,
2057,新港國小,bus,🚌 公車站,嘉義縣新港鄉,操場,23.5559609,120.3449078,verified,0,0,2026-06-02 15:41:39,2026-06-02 15:41:39,,
2055,介壽路39巷子裡,bridge,🌉 橋梁,新北市三重區,巷子裡的中間,25.0709371,121.5030511,verified,0,0,2026-06-02 11:14:19,2026-06-02 11:14:19,,
2054,金威廟附近,cafe,☕ 咖啡店,宜蘭縣頭城鎮,金盈路25巷,24.847629,121.796051,verified,4,0,2026-06-02 09:22:38,2026-06-02 09:22:38,2026-08-29 16:02:01,
2053,金盈社區活動中心,roadside,🪙 路邊,宜蘭縣頭城鎮,宜三路一段248巷,24.847232,121.79613,verified,0,0,2026-06-02 09:16:49,2026-06-02 09:16:49,,
2052,金鋒(棉廠)[社巴],forest,🌲 森林,宜蘭縣頭城鎮,宜三路一段,24.843692,121.793295,verified,0,0,2026-06-02 08:40:18,2026-06-02 08:40:18,,
2051,Yes 充电站,waterside,🎣 水邊,宜蘭縣頭城鎮,宜三路一段,24.842237,121.791654,verified,0,0,2026-06-02 08:38:09,2026-06-02 08:38:09,,
2050,萬隆變電所,park,🍀 公園,台北市文山區,景隆街21號,25.000089,121.541556,verified,6,0,2026-06-02 08:28:48,2026-06-02 08:28:48,2026-07-08 01:32:46,
2049,遼寧街長春路口,restaurant,🍽️ 餐廳,台北市中山區,遼寧街長春路口,25.054025,121.543502,verified,0,2,2026-06-02 04:01:04,2026-06-02 04:01:04,,
2048,南京復興捷運站,ramen,🍜 拉麵店,台北市中山區,南京東路三段223巷,25.054011,121.543546,verified,0,0,2026-06-02 03:51:29,2026-06-02 03:51:29,,
2047,嘟嘟房停車場,park,🍀 公園,新北市汐止區,捷運內湖機廠站,25.061548,121.617567,verified,1,0,2026-06-01 16:50:30,2026-06-01 16:50:30,2026-06-09 11:53:08,
2046,儷寶化粧品股份有限公司-彰濱陽極廠,beach,🐚 海灘,彰化縣鹿港鎮,工業西二路,24.0625,120.395803,verified,2,0,2026-06-01 06:53:35,2026-06-01 06:53:35,2026-06-16 04:46:22,
2045,寶源素食,restaurant,🍽️ 餐廳,台中市,福人街53號,24.142894,120.660168,verified,2,0,2026-06-01 04:39:41,2026-06-01 04:39:41,2026-08-05 14:27:55,
2044,致均實業股份有限公司,clothesstore,👗 服飾店,宜蘭縣礁溪鄉,白石腳路,24.837424,121.782015,verified,1,0,2026-06-01 04:08:03,2026-06-01 04:08:03,2026-09-07 07:35:37,
2043,巷口丸子燒/關東煮,forest,🌲 森林,宜蘭縣礁溪鄉,玉石路,24.836684,121.781321,verified,0,0,2026-06-01 03:56:49,2026-06-01 03:56:49,,
2042,環保局舊衣回收箱,waterside,🎣 水邊,宜蘭縣礁溪鄉,奇立丹路,24.822634,121.775934,verified,0,0,2026-06-01 03:25:59,2026-06-01 03:25:59,,
2041,金車礁溪蘭花園附近,bridge,🌉 橋梁,宜蘭縣礁溪鄉,宜蘭縣礁溪鄉德陽村奇立丹路103-5號,24.821858,121.783287,verified,0,0,2026-06-01 03:20:52,2026-06-01 03:20:52,,
2040,陳亭妃服務處旁,hamburger,🍔 漢堡店,台南市安南區,安中路二段2巷 22號,23.0458641,120.1910191,verified,6,2,2026-06-01 03:09:32,2026-06-01 03:09:32,2026-07-14 18:28:25,
2039,燦新眼鏡,bus,🚌 公車站,台南市安南區,海佃路三段 11號,23.0476591,120.1835901,verified,0,0,2026-05-31 17:27:27,2026-05-31 17:27:27,,
2038,天玥別墅社區,diy,🔧 五金行,嘉義市西區,青年街 52號,23.4690494,120.4369726,verified,1,1,2026-05-31 15:47:49,2026-05-31 15:47:49,2026-07-25 17:08:30,
2037,夏研牙醫診所,park,🍀 公園,新竹市,介壽路 62號,24.7799629,121.0196396,verified,3,0,2026-05-31 12:48:06,2026-05-31 12:48:06,2026-06-15 01:57:02,
2036,永康轉運站,bus,🚌 公車站,台南市永康區,永運路,23.043159,120.24782,verified,0,0,2026-05-31 11:47:36,2026-05-31 11:47:36,,
2035,協和國小,bus,🚌 公車站,台中市,安和路,24.169945,120.61986,verified,0,0,2026-05-31 10:09:50,2026-05-31 10:09:50,,
2034,磊豐建設有限公司,restaurant,🍽️ 餐廳,台中市西屯區,安和路,24.172961,120.621426,verified,0,0,2026-05-31 10:06:38,2026-05-31 10:06:38,,
2033,介壽路39巷子裡,bridge,🌉 橋梁,新北市三重區,"25.0709569, 121.5030475",25.042703,121.559845,verified,0,0,2026-05-31 09:55:46,2026-05-31 09:55:46,,
2032,日福 OH HAPPY DAY 風禾店,park,🍀 公園,桃園市,文中二路 正光二街口,24.999972,121.289767,verified,1,0,2026-05-31 08:11:17,2026-05-31 08:11:17,2026-06-07 15:48:14,
2031,愛木村,hotel,🏨 飯店,嘉義市,文化路,23.502124,120.438436,verified,0,0,2026-05-31 07:53:03,2026-05-31 07:53:03,,
2030,LÄCHELN 雷訊 專業機能服飾,clothesstore,👗 服飾店,台中市南區,樹義路 30號,24.112099,120.652852,verified,1,2,2026-05-31 06:33:12,2026-05-31 06:33:12,2026-06-10 12:45:51,
2029,弘爺漢堡附近,restaurant,🍽️ 餐廳,台中市南區,樹德二巷 17號,24.11409,120.648462,verified,1,0,2026-05-31 06:28:44,2026-05-31 06:28:44,2026-09-12 10:15:07,
2028,學田村路邊,mountain,⛰️ 山丘,花蓮縣富里鄉,南興路 1號,23.148205,121.219056,verified,0,0,2026-05-31 05:55:21,2026-05-31 05:55:21,,
2027,馨緣金香佛具,forest,🌲 森林,桃園市,龍東路445巷 127號,24.934776,121.253506,verified,0,1,2026-05-31 04:48:10,2026-05-31 04:48:10,,
2026,三芝區古庄里,university,🎓 大學/學院,新北市三芝區,荷韻蓮蓮,25.256845,121.493039,verified,1,0,2026-05-31 03:26:21,2026-05-31 03:26:21,2026-06-14 02:31:55,
2025,鹽田里籃球場,park,🍀 公園,台南市,鹽安路 30號,23.034128,120.144575,verified,1,0,2026-05-30 16:13:30,2026-05-30 16:13:30,2026-06-07 15:50:26,
2024,頂蔦松 天保宮,pharmacy,💊 藥局,雲林縣水林鄉,雲林縣水林鄉松西村下庄路16號,23.512321,120.227341,verified,10,0,2026-05-30 15:07:30,2026-05-30 15:07:30,2026-08-11 07:51:56,
2023,樹貓子專人廚娘,roadside,🪙 路邊,台中市南區,正義街 229號,24.126726,120.681136,verified,0,0,2026-05-30 13:17:15,2026-05-30 13:17:15,,
2022,大明中醫診所,bakery,🥖 麵包店,嘉義市西區,湖子內路336號,23.44845,120.44056,verified,8,0,2026-05-30 12:10:33,2026-05-30 12:10:33,2026-09-11 14:05:57,
2021,土城國小游泳池,supermarket,🍌 超市,台南市,尊安街 225號,23.065043,120.129627,verified,1,0,2026-05-30 11:57:35,2026-05-30 11:57:35,2026-06-07 11:08:09,
2020,,university,🎓 大學/學院,台南市,台江大道三段,23.062004,120.159831,verified,1,0,2026-05-30 11:52:15,2026-05-30 11:52:15,2026-09-03 13:38:12,
2019,藍田開發-青耘五,restaurant,🍽️ 餐廳,台南市,台江大道三段,23.061797,120.172716,verified,0,0,2026-05-30 11:47:55,2026-05-30 11:47:55,,
2018,台南狗寮,park,🍀 公園,台南市,台江大道三段,23.061431,120.190773,verified,1,0,2026-05-30 11:45:11,2026-05-30 11:45:11,2026-06-07 15:52:58,
2017,鹿耳門會館二館西邊香客房,waterside,🎣 水邊,台南市,城安路 160,23.068349,120.126502,verified,1,0,2026-05-30 11:44:10,2026-05-30 11:44:10,2026-06-08 09:13:44,
2016,金冠成,restaurant,🍽️ 餐廳,台南市,城北路 960號之12,23.080023,120.130852,verified,0,0,2026-05-30 11:43:23,2026-05-30 11:43:23,,
2015,紅樹林生態步道,forest,🌲 森林,台中市大安區,紅樹林生態步道,24.375083,120.5828,verified,1,0,2026-05-30 10:17:41,2026-05-30 10:17:41,2026-06-07 14:57:57,
2014,外木山附近有魚餌,waterside,🎣 水邊,基隆市,協和街,25.158936,121.733396,verified,0,0,2026-05-30 10:13:22,2026-05-30 10:13:22,,
2012,聖順興業有限公司,park,🍀 公園,基隆市,台北往基隆的中山高速公路,25.080304,121.666384,verified,1,0,2026-05-30 10:06:38,2026-05-30 10:06:38,2026-06-07 15:56:13,
2011,南興金城武樹,mountain,⛰️ 山丘,花蓮縣富里鄉,南興路 1號,23.148779,121.219901,verified,4,0,2026-05-30 07:52:45,2026-05-30 07:52:45,2026-09-05 01:43:19,
2010,台北神德宮,airport,✈️ 機場,台北市中山區,濱江街180巷13號,25.06901,121.538243,verified,4,0,2026-05-30 05:01:04,2026-05-30 05:01:04,2026-07-26 14:10:00,
2009,台南市立新營體育場,stadium,🏟️ 體育館,台南市新營區,長榮路二段,23.32074,120.311751,verified,0,0,2026-05-30 02:49:00,2026-05-30 02:49:00,,
2008,中華基督教新營浸信會,hairsalon,✂️ 美容院,台南市新營區,富源街 13號,23.302894,120.316161,verified,0,1,2026-05-30 02:46:27,2026-05-30 02:46:27,,
2007,工研院71館,park,🍀 公園,新竹市竹東鎮,中興路四段195號71館前草地,24.773063,121.046245,verified,2,0,2026-05-30 02:03:23,2026-05-30 02:03:23,2026-09-03 22:51:05,
2006,綜綸傢俱廠「大象傢俱」,airport,✈️ 機場,台中機場,彰化縣秀水鄉金興村番花路66巷28之9號,24.018525,120.527308,verified,0,2,2026-05-29 21:24:45,2026-05-29 21:24:45,,
2005,蝦皮店到店 大甲臨江 - 智取店,restaurant,🍽️ 餐廳,台中市大甲區,437臺中市大甲區孟春里臨江路48號1樓,24.380224,120.65257,verified,0,0,2026-05-29 14:21:52,2026-05-29 14:21:52,,
2004,吉興自助餐,ramen,🍜 拉麵店,台中市大甲區,經國路 2000號，經國路通天路口,24.382349,120.651841,verified,0,1,2026-05-29 14:14:06,2026-05-29 14:14:06,,
2003,冰呷倈,ramen,🍜 拉麵店,苗栗縣通霄鎮,信義路 70號,24.487363,120.679385,verified,0,0,2026-05-29 12:58:23,2026-05-29 12:58:23,,
2002,中壢帝璽社區,cafe,☕ 咖啡店,桃園市,桃園市中壢區振興里龍岡路二段321巷102弄21號,24.942641,121.229207,verified,2,4,2026-05-29 09:36:29,2026-05-29 09:36:29,2026-07-23 02:45:31,
2001,民雄農會秀林分部,bus,🚌 公車站,嘉義縣民雄鄉,嘉178,23.508515,120.46866,verified,0,0,2026-05-28 23:30:38,2026-05-28 23:30:38,,
2000,大花朵整條路都是,waterside,🎣 水邊,新北市林口區,中華一路 77號,25.085044,121.380055,verified,0,0,2026-05-28 21:49:22,2026-05-28 21:49:22,,
1999,湖山水庫路上,mountain,⛰️ 山丘,雲林縣古坑鄉,梅南路,23.687158,120.620044,verified,1,1,2026-05-28 16:13:31,2026-05-28 16:13:31,2026-06-12 12:22:22,
1998,便利商店,minimart,🏪 便利商店,高雄市,鼎新路199巷 1號,22.667176,120.323481,verified,0,0,2026-05-28 13:42:10,2026-05-28 13:42:10,,
1997,健身工廠(仁武廠),bridge,🌉 橋梁,高雄市,澄德路 18號,22.683344,120.34552,verified,0,0,2026-05-28 13:39:58,2026-05-28 13:39:58,,
1996,興林路151巷口 Ubike站,diy,🔧 五金行,新北市林口區,興林路151巷 2號,25.073489,121.3892239,verified,0,0,2026-05-28 12:37:26,2026-05-28 12:37:26,,
1995,雨童髮型工作室,roadside,🪙 路邊,屏東縣潮州鎮,屏東縣潮州鎮三共里曲江街33號,22.558709,120.546296,verified,0,0,2026-05-28 06:06:04,2026-05-28 06:06:04,,
1994,東大高架道 北大入口附近(禁行機車),restaurant,🍽️ 餐廳,新竹市,東大高架道,24.80968626501286,120.9708452224731,verified,1,0,2026-05-28 03:53:50,2026-05-28 03:53:50,2026-06-12 14:08:24,
1993,五鼎生物技術股份有限公司APEX BIOTECHNOLOGY CORP,forest,🌲 森林,新竹市,力行路,24.7650230909532,121.018403857589,verified,1,0,2026-05-28 03:48:44,2026-05-28 03:48:44,2026-09-10 08:37:23,
1992,林耀堂會計師事務所,waterside,🎣 水邊,桃園市,大慶街,24.981298,121.272524,verified,0,0,2026-05-28 01:18:58,2026-05-28 01:18:58,,
1991,自強梧南路口站牌,bus,🚌 公車站,台中市梧棲區,自強路,24.237779,120.520626,verified,1,0,2026-05-28 01:17:06,2026-05-28 01:17:06,2026-08-24 23:41:11,
1990,大新國小,library,📚 圖書館/書店,台南市新化區,校門口,23.037864,120.29907,verified,0,1,2026-05-28 01:13:51,2026-05-28 01:13:51,,
1989,信義街247巷,waterside,🎣 水邊,台中市,信義街247巷82弄 58號,24.1030255,120.6363221,verified,1,0,2026-05-27 23:21:07,2026-05-27 23:21:07,2026-07-31 03:28:21,
1988,皇慶保溫,roadside,🪙 路邊,台中市,信義街 371號,24.1053673,120.6344007,verified,0,0,2026-05-27 23:11:23,2026-05-27 23:11:23,,
1987,金代新電機實業有限公司,bus,🚌 公車站,台中市烏日區,信義街381巷 31號,24.105363,120.6335588,verified,0,0,2026-05-27 23:07:27,2026-05-27 23:07:27,,
1986,明道公園,park,🍀 公園,台中市烏日區,明道中學後門旁邊的公園,24.1038303,120.6352507,verified,0,0,2026-05-27 22:59:56,2026-05-27 22:59:56,,
1985,北屯迪卡儂的停車場,sweetshop,🍩 甜點店,台中市北屯區,經貿五路 60號,24.190938,120.659729,verified,5,2,2026-05-27 16:11:24,2026-05-27 16:11:24,2026-09-21 03:46:15,
1984,桃園機場,airport,✈️ 機場,新北市鶯歌區,新北市鶯歌區鳳福里鶯桃路668巷27弄27號,24.970592,121.328552,verified,0,2,2026-05-27 15:57:54,2026-05-27 15:57:54,,
1983,7-ELEVEN 力一門市,electronics,🔋 電器行,桃園市桃園區,桃園市桃園區文中里力行路515號1樓,24.99823,121.293512,verified,0,2,2026-05-27 15:43:43,2026-05-27 15:43:43,,
1982,香港神學院,university,🎓 大學/學院,香港,金巴倫道 17,22.328681,114.176995,verified,3,1,2026-05-27 15:23:39,2026-05-27 15:23:39,2026-06-14 02:31:51,
1981,中國醫藥大學學院大樓前,university,🎓 大學/學院,雲林縣北港鎮,雲林縣北港鎮新街里新德路123之1號,23.590963,120.308061,verified,1,0,2026-05-27 13:59:44,2026-05-27 13:59:44,2026-06-23 04:48:42,
1980,黃金海岸,beach,🐚 海灘,雲林縣口湖鄉,堤防邊,23.575324,120.140111,verified,0,0,2026-05-27 13:57:48,2026-05-27 13:57:48,,
1979,下崙清潔隊,bridge,🌉 橋梁,雲林縣口湖鄉,西部濱海快速公路,23.619264,120.172105,verified,0,0,2026-05-27 13:55:47,2026-05-27 13:55:47,,
1978,維妮雅企業股份有限公司,bus,🚌 公車站,彰化縣埔心鄉,鎮國路 13號,23.942853,120.560776,verified,0,0,2026-05-27 13:34:12,2026-05-27 13:34:12,,
1977,小虎平價日式料理,bakery,🥖 麵包店,彰化縣埔心鄉,員鹿路二段 171號,23.952598,120.547177,verified,1,0,2026-05-27 13:32:37,2026-05-27 13:32:37,2026-06-10 16:24:51,
1976,悠客馬場前的馬路,hotel,🏨 飯店,屏東縣車城鄉,統埔路,22.077895,120.732766,verified,0,0,2026-05-27 12:57:15,2026-05-27 12:57:15,,
1975,翰逸工程行,clothesstore,👗 服飾店,新北市蘆洲區,新北市蘆洲區仁愛街118巷13之11號附近,25.09602,121.468229,verified,4,0,2026-05-27 11:48:02,2026-05-27 11:48:02,2026-08-02 08:07:52,
1974,僑愛國小,library,📚 圖書館/書店,桃園市,介壽路212巷 （僑愛國小側門最後一格停車格）,24.921525,121.292242,verified,0,1,2026-05-27 10:17:19,2026-05-27 10:17:19,,
1973,飽食婕早餐店,minimart,🏪 便利商店,新北市蘆洲區,光華路150巷,25.083325,121.465084,verified,0,0,2026-05-27 09:13:55,2026-05-27 09:13:55,,
1972,嘉義縣健康生活館,stadium,🏟️ 體育館,嘉義縣鹿草鄉,豐稠村61,23.449448,120.277913,verified,3,0,2026-05-27 06:03:43,2026-05-27 06:03:43,2026-07-25 21:36:54,
1971,明泉站停車場,cafe,☕ 咖啡店,彰化縣埔心鄉,明泉街 185號,23.9499449,120.5647866,verified,1,2,2026-05-27 02:08:12,2026-05-27 02:08:12,2026-06-12 15:13:01,
1970,彰化縣私立經典幼兒園 育光親子教育,hairsalon,✂️ 美容院,彰化縣員林市,大仁南街 127號,23.9662767,120.5755979,verified,4,0,2026-05-27 02:06:15,2026-05-27 02:06:15,2026-07-03 15:06:07,
1969,臺中市環境保護局梧棲區清潔隊,waterside,🎣 水邊,台中市,南橫八路,24.230216,120.512768,verified,0,0,2026-05-26 23:11:27,2026-05-26 23:11:27,,
1968,DHL Express Service Point - (7-11_大聖門市),restaurant,🍽️ 餐廳,台中市,臨港路三段 351號,24.239356,120.518225,verified,0,0,2026-05-26 23:10:45,2026-05-26 23:10:45,,
1967,貓咪與貓熊童裝用品,forest,🌲 森林,台中市梧棲區,臨港路四段730號,24.2685833,120.5309167,verified,1,0,2026-05-26 23:06:45,2026-05-26 23:06:45,2026-08-15 07:40:47,
1966,和信診所,ramen,🍜 拉麵店,新北市永和區,秀朗路二段82巷 14號,25.001469,121.523316,verified,0,0,2026-05-26 17:22:05,2026-05-26 17:22:05,,
1965,萊爾富,roadside,🪙 路邊,新北市板橋區,互助街50號,25.027025,121.461655,verified,0,5,2026-05-26 14:48:01,2026-05-26 14:48:01,,
1964,贊美酒店,hotel,🏨 飯店,台南市善化區,成功路 252之1號,23.130307,120.308897,verified,0,0,2026-05-26 13:15:51,2026-05-26 13:15:51,,
1963,灣裡公園,park,🍀 公園,台南市善化區,建國路409號對面,23.134748,120.292499,verified,0,0,2026-05-26 13:13:29,2026-05-26 13:13:29,,
1962,裕民液化煤氣行,korean,🥬 韓式餐廳,台南市善化區,民權路245巷 2號,23.130683,120.297651,verified,0,2,2026-05-26 13:11:18,2026-05-26 13:11:18,,
1961,陳倚箴律師事務所,park,🍀 公園,台北市大安區,瑞安街208巷76號,25.0299,121.5413,verified,0,1,2026-05-26 12:06:17,2026-05-26 12:06:17,,
1960,南濱公園步道,beach,🐚 海灘,花蓮縣吉安鄉,海濱,23.948803,121.60636,verified,0,0,2026-05-26 11:59:55,2026-05-26 11:59:55,,
1959,松柏港北堤沙灘,beach,🐚 海灘,台中市大甲區,船頭埔號海堤自行車道,24.432753,120.619253,verified,1,0,2026-05-26 10:33:54,2026-05-26 10:33:54,2026-07-22 03:24:07,
1958,棒球場銀河桌遊,cafe,☕ 咖啡店,雲林縣斗六市,三平里明德北路二段376號,23.714663,120.534529,verified,2,0,2026-05-26 10:33:45,2026-05-26 10:33:45,2026-09-03 15:17:07,
1957,仁德金香銀舖,bakery,🥖 麵包店,台南市歸仁區,中正南路一段 573號,22.959114,120.285614,verified,3,0,2026-05-26 08:57:17,2026-05-26 08:57:17,2026-07-24 19:47:03,
1956,六壹咖啡-自家烘焙咖啡館,cafe,☕ 咖啡店,彰化縣員林市,510彰化縣員林市溝皂里溝皂北二街57號,23.948803,120.57153,verified,2,0,2026-05-26 06:43:57,2026-05-26 06:43:57,2026-06-29 12:09:33,
1955,自立社區D02,bus,🚌 公車站,桃園市中壢區,榮安一街441號,24.965294,121.253913,verified,0,0,2026-05-26 06:33:16,2026-05-26 06:33:16,,
1954,洋蔥道路一小段都是（50-100公尺左右）,airport,✈️ 機場,屏東縣恆春鎮,仁保路,22.041313,120.736055,verified,1,0,2026-05-26 05:51:10,2026-05-26 05:51:10,2026-08-21 02:33:21,
1953,快到恆春機場前方路邊,airport,✈️ 機場,屏東縣恆春鎮,省北路二段,22.04378,120.731753,verified,0,0,2026-05-26 05:49:40,2026-05-26 05:49:40,,
1952,自然楓造型沙龍,supermarket,🍌 超市,高雄市燕巢區,824高雄市燕巢區南燕里燕南二街19號,22.792198,120.358067,verified,1,1,2026-05-26 05:40:09,2026-05-26 05:40:09,2026-06-07 11:08:39,
1951,天朝宮(礁溪白雲路),roadside,🪙 路邊,宜蘭縣礁溪鄉,白雲一路,24.839255,121.782389,verified,1,0,2026-05-26 04:29:38,2026-05-26 04:29:38,2026-09-07 07:35:39,
1950,坪林森林公園,park,🍀 公園,台中市太平區,炮仗花架涼亭的花點附近有四葉幸運草,24.149003,120.732557,verified,1,1,2026-05-25 20:00:28,2026-05-25 20:00:28,2026-06-20 07:31:43,
1949,大同北路60巷40號,park,🍀 公園,新北市三重區,大同北路60巷40號,25.0638747,121.4935903,verified,0,0,2026-05-25 17:14:03,2026-05-25 17:14:03,,
1948,星巴克虎尾清雲門市,cafe,☕ 咖啡店,雲林縣虎尾鎮,雲林縣虎尾鎮清雲路685號,23.735347,120.428949,verified,1,0,2026-05-25 16:51:27,2026-05-25 16:51:27,2026-06-11 13:00:32,
1947,長春石油化學麥寮廠,beach,🐚 海灘,雲林縣麥寮鄉,經過台塑工業園區南門後，再往前開一點就出現海邊純點,23.758845,120.171295,verified,1,0,2026-05-25 16:48:35,2026-05-25 16:48:35,2026-06-22 18:20:42,
1946,兆豐銀行,electronics,🔋 電器行,雲林縣斗六市,兆豐銀行到hotbox漢堡間,23.711378,120.536644,verified,5,1,2026-05-25 16:36:00,2026-05-25 16:36:00,2026-08-28 08:39:32,
1945,日光大橋,bridge,🌉 橋梁,台東縣台東市,日光大橋,22.773338,121.123757,verified,0,0,2026-05-25 15:35:56,2026-05-25 15:35:56,,
1944,台東專科學校民航路的圍牆邊,university,🎓 大學/學院,台東縣台東市,台東專科學校的籃球場附近，民航路的紅綠燈往康樂國小方向,22.757685,121.118912,verified,0,0,2026-05-25 15:30:13,2026-05-25 15:30:13,,
1943,大巴六九景觀餐廳,forest,🌲 森林,台東縣卑南鄉,利嘉林道接近大巴六九餐廳的路上，或是停車場，都是純點,22.808866,121.050144,verified,0,0,2026-05-25 15:22:17,2026-05-25 15:22:17,,
1942,知本溫泉防汛道路,forest,🌲 森林,台東縣台東市,市區往知本溫泉方向，過了橋右轉後，一整段防汛道路都可以掃到森林,22.699523,121.037996,verified,0,0,2026-05-25 15:19:56,2026-05-25 15:19:56,,
1941,台東靈霄寶殿,forest,🌲 森林,台東縣台東市,從志航路二段紅綠燈左轉，往凌霄寶殿的路上，都可以掃到森林,22.792944,121.151832,verified,0,0,2026-05-25 15:16:22,2026-05-25 15:16:22,,
1940,朝陽市場遮雨棚十字路口,ramen,🍜 拉麵店,新北市板橋區,四維路30號,25.027985,121.461663,verified,0,0,2026-05-25 14:52:59,2026-05-25 14:52:59,,
1939,坷奉有限公司,minimart,🏪 便利商店,新北市蘆洲區,民族路422巷 128號附近,25.094366,121.472349,verified,2,0,2026-05-25 12:05:33,2026-05-25 12:05:33,2026-08-01 00:55:04,
1938,山西路三段與榮德路口,cafe,☕ 咖啡店,台中市北屯區,山西路二段 580之1號,24.18332,120.677522,verified,2,1,2026-05-25 11:52:25,2026-05-25 11:52:25,2026-06-15 15:29:52,
1937,松竹三路與軍榮街口,hairsalon,✂️ 美容院,台中市北屯區,軍榮街 111號,24.181175,120.715536,verified,3,0,2026-05-25 11:43:52,2026-05-25 11:43:52,2026-08-22 13:25:14,
1936,住宅區路口,restaurant,🍽️ 餐廳,新北市永和區,中正路283巷70弄 1號,24.9992778,121.5157778,verified,0,0,2026-05-25 10:12:25,2026-05-25 10:12:25,,
1935,住宅區,postoffice,📮 郵局,新北市永和區,安樂路143巷2弄 1號,24.9974167,121.5142778,verified,1,1,2026-05-25 10:10:15,2026-05-25 10:10:15,2026-06-10 13:15:30,
1934,鵬偉冷氣行,waterside,🎣 水邊,台北市士林區,芝玉路二段 58號,25.111976,121.53503,verified,0,0,2026-05-25 08:55:33,2026-05-25 08:55:33,,
1933,超商,supermarket,🍌 超市,雲林縣二崙鄉,文化路 219,23.795221,120.38559,verified,2,0,2026-05-25 08:44:32,2026-05-25 08:44:32,2026-06-07 14:09:48,
1932,全聯博愛店,supermarket,🍌 超市,嘉義市,五顯街,23.486792,120.44473,verified,1,0,2026-05-24 20:07:38,2026-05-24 20:07:38,2026-06-07 11:09:36,
1931,兒二公園,park,🍀 公園,雲林縣斗六市,棒球一街 59,23.720016,120.540758,verified,1,0,2026-05-24 20:01:52,2026-05-24 20:01:52,2026-08-07 11:33:33,
1930,安隆汽車板金,hotel,🏨 飯店,雲林縣斗南鎮,延平路二段 219,23.678347,120.479776,verified,2,1,2026-05-24 20:00:18,2026-05-24 20:00:18,2026-09-03 14:51:23,
1929,上升油漆行,laundry,👕 自助洗衣店,嘉義市,竹圍路,23.48724,120.431688,verified,8,0,2026-05-24 15:41:06,2026-05-24 15:41:06,2026-08-11 11:58:50,
1928,安平健康616團購,hairsalon,✂️ 美容院,台南市安平區,健康二街506之1號門口轉角處,22.995451,120.174539,verified,0,1,2026-05-24 14:11:28,2026-05-24 14:11:28,,
1927,搖滾斗笠農場門市,forest,🌲 森林,嘉義市西區,自由路,23.4863598,120.4403489,verified,0,0,2026-05-24 13:25:25,2026-05-24 13:25:25,,
1926,嘉義市埤肚福德宮,waterside,🎣 水邊,嘉義市西區,嘉義市西區紅瓦里新民路239附1號，往前紅綠燈路口,23.4549372,120.4347068,verified,1,1,2026-05-24 12:54:24,2026-05-24 12:54:24,2026-06-19 05:36:46,
1925,爭鮮三峽店,university,🎓 大學/學院,新北市,復興路 449號,24.938571,121.362603,verified,0,1,2026-05-24 12:26:49,2026-05-24 12:26:49,,
1924,Bon Voyage Patisserie 感官之旅,cafe,☕ 咖啡店,彰化縣彰化市,自強路102號,24.08973,120.540663,verified,1,0,2026-05-24 12:06:50,2026-05-24 12:06:50,2026-06-07 16:20:45,
1923,台西海巡所,beach,🐚 海灘,雲林縣台西鄉,漁船港口置放處,23.721978,120.170989,verified,0,0,2026-05-24 11:51:44,2026-05-24 11:51:44,,
1922,路易凡爾賽正門口附近,restaurant,🍽️ 餐廳,台北市士林區,芝玉路二段 56號,25.111776,121.534836,verified,0,0,2026-05-24 11:41:10,2026-05-24 11:41:10,,
1921,NekoWhisper,roadside,🪙 路邊,台北市士林區,芝玉路二段20巷 91號,25.111322,121.53488,verified,0,0,2026-05-24 11:33:55,2026-05-24 11:33:55,,
1920,彰化市探索中興幼兒園,hairsalon,✂️ 美容院,彰化縣彰化市,華山路273巷 30號,24.074393,120.535532,verified,2,0,2026-05-24 10:16:20,2026-05-24 10:16:20,2026-08-15 15:38:09,
1919,沃希門迅企業社 洗衣機維修 零件,restaurant,🍽️ 餐廳,桃園市中壢區,松仁路 175號,24.96101,121.168778,verified,0,1,2026-05-24 08:11:34,2026-05-24 08:11:34,,
1918,秘境小峇里,beach,🐚 海灘,新北市三芝區,7F6H+XW 三芝區 台灣新北市,25.262576,121.47982,verified,0,1,2026-05-24 05:16:44,2026-05-24 05:16:44,,
1917,佛心素食批發,park,🍀 公園,桃園市中壢區,五族三街51號,24.960115,121.205275,verified,0,0,2026-05-23 15:33:10,2026-05-23 15:33:10,,
1916,黃竣楠,restaurant,🍽️ 餐廳,台中市,臺中市北屯區廍子里太和路一段2巷160號,24.157693,120.725773,verified,0,1,2026-05-23 13:42:39,2026-05-23 13:42:39,,
1915,黃竣楠,forest,🌲 森林,台中市,臺中市北屯區廍子里太和路一段2巷160號,24.157693,120.725773,verified,0,1,2026-05-23 13:41:33,2026-05-23 13:41:33,,
1914,勁亨軸承有限公司,minimart,🏪 便利商店,新北市蘆洲區,和平路 107號附近,25.079604,121.467862,verified,0,0,2026-05-23 10:06:07,2026-05-23 10:06:07,,
1913,欣林鐵板燒附近,waterside,🎣 水邊,新北市蘆洲區,長樂路 140號附近,25.090288,121.462245,verified,2,0,2026-05-23 09:27:02,2026-05-23 09:27:02,2026-08-02 09:25:13,
1912,環中四平路口,sweetshop,🍩 甜點店,台中市,臺中市北屯區環中四平路口,24.200873,120.682977,verified,0,2,2026-05-23 07:16:33,2026-05-23 07:16:33,,
1911,舒漾聖境SPA養生館,bridge,🌉 橋梁,花蓮縣花蓮市,國風里和平路721號,23.980384,121.595135,verified,0,0,2026-05-23 06:59:18,2026-05-23 06:59:18,,
1910,富邦產險門口,postoffice,📮 郵局,台北市南港區,東新街64巷7號,25.047091,121.585621,verified,7,1,2026-05-23 05:21:23,2026-05-23 05:21:23,2026-08-02 15:47:44,
1909,富邦產險後面,park,🍀 公園,台北市南港區,東新街 64巷7號,25.047321,121.58553,verified,0,0,2026-05-23 05:11:32,2026-05-23 05:11:32,,
1908,忠孝醫院後面,roadside,🪙 路邊,台北市南港區,東新街64巷 7號,25.047259,121.585794,verified,1,0,2026-05-23 04:59:06,2026-05-23 04:59:06,2026-07-04 02:59:02,
1907,永豐農會,bus,🚌 公車站,南投縣南投市,彰南路三段,23.937372,120.669443,verified,0,0,2026-05-23 02:57:28,2026-05-23 02:57:28,,
1906,果植,postoffice,📮 郵局,台南市柳營區,柳營路一段741巷,23.273956,120.313105,verified,1,0,2026-05-22 14:35:31,2026-05-22 14:35:31,2026-07-25 19:56:34,
1905,體育館附近加油站,stadium,🏟️ 體育館,台南市新營區,長榮路二段 66號,23.319784,120.314691,verified,2,0,2026-05-22 14:31:42,2026-05-22 14:31:42,2026-07-12 04:17:05,
1904,體育館對面,postoffice,📮 郵局,台南市新營區,長榮路二段 41號,23.319632,120.314856,verified,0,1,2026-05-22 14:30:11,2026-05-22 14:30:11,,
1903,思夢樂,clothesstore,👗 服飾店,台南市新營區,思夢樂門口,23.314691,120.301892,verified,1,0,2026-05-22 14:28:58,2026-05-22 14:28:58,2026-06-10 16:21:20,
1902,彰新路二段全家,minimart,🏪 便利商店,彰化縣和美鎮,東發路 26號,24.095989,120.536029,verified,7,0,2026-05-22 12:04:18,2026-05-22 14:11:37,2026-06-05 07:25:37,
1901,阿奇臭豆腐號 旁,bakery,🥖 麵包店,台中市大里區,台中市大里區善化路,24.0983641,120.7025546,verified,3,0,2026-05-22 10:40:00,2026-05-22 14:11:37,2026-06-10 16:28:33,
1900,晃點仁愛店,supermarket,🍌 超市,台中市大里區,台中市大里仁愛路,24.0977256,120.70401,verified,0,3,2026-05-22 10:36:54,2026-05-22 14:11:37,,
1899,大里區仁愛路,cafe,☕ 咖啡店,台中市大里區,台中市大里區仁德里仁愛路10巷,24.091702,120.702698,verified,0,5,2026-05-22 10:29:53,2026-05-22 14:11:37,,
1898,玉南天宮,postoffice,📮 郵局,台中市大里區,台中市大里區仁德里仁愛路33號,24.0932121,120.7025579,verified,0,3,2026-05-22 10:26:09,2026-05-22 14:11:37,,
1897,夏林路口新興館附近,stadium,🏟️ 體育館,台南市南區,夏林路 248號,22.978635,120.195167,verified,2,3,2026-05-22 08:48:11,2026-05-22 14:11:37,2026-06-02 06:16:44,
1896,建邦雜貨店旁路口,supermarket,🍌 超市,新北市永和區,建邦雜貨店旁路口,25.0167778,121.5121667,verified,9,0,2026-05-22 08:18:38,2026-05-22 14:11:37,2026-09-03 09:42:03,
1895,基隆監理站,restaurant,🍽️ 餐廳,基隆市安樂區,基隆市七堵區基隆監理站,25.088425,121.696264,verified,0,1,2026-05-22 05:24:13,2026-05-22 05:24:13,,
1894,安樂區,hamburger,🍔 漢堡店,基隆市七堵區,基隆市七堵區基隆監理站,25.088424,121.696265,verified,0,5,2026-05-22 05:23:07,2026-05-22 14:11:37,,
1893,昌哲空調科技有限公司,electronics,🔋 電器行,嘉義市西區,湖子內路49巷 21,23.454147,120.443836,verified,4,0,2026-05-22 03:01:50,2026-05-22 14:11:37,2026-08-28 08:40:07,
1892,金鑽公寓大廈管理維護有限公司,minimart,🏪 便利商店,台南市,西門路一段279巷,22.976646,120.197535,verified,0,0,2026-05-22 01:33:18,2026-05-22 01:33:18,,
1891,景和街十字路口,waterside,🎣 水邊,台中市北屯區,東山路一段192巷 23號,24.169841,120.709972,verified,1,0,2026-05-21 12:35:42,2026-05-22 14:11:37,2026-06-17 14:34:57,
1890,路邊,clothesstore,👗 服飾店,台南市永康區,聖龍街 181號,23.030465,120.26153,verified,1,0,2026-05-21 11:59:13,2026-05-22 14:11:37,2026-05-24 05:13:54,
1889,中路非營利幼兒園前，公園純點,park,🍀 公園,桃園市桃園區,吉昌街 126號,24.989237,121.290504,verified,4,0,2026-05-21 11:57:17,2026-05-22 14:11:37,2026-07-08 14:15:21,
1888,水上火車站,station,🚂 車站,嘉義縣水上鄉,水上火車站後方小徑,23.435529,120.401866,verified,2,2,2026-05-21 10:58:56,2026-05-22 14:11:37,2026-08-21 16:20:28,
1887,家,diy,🔧 五金行,台中市,臺中市梧棲區興農里中華路一段826巷35號,24.234717,120.549018,verified,0,2,2026-05-21 10:29:51,2026-05-21 10:29:51,,
1886,鴻富資源回收,cafe,☕ 咖啡店,南投縣南投市,星巴克到祖祠夜市之間,23.917567,120.685047,verified,3,0,2026-05-21 04:35:14,2026-05-21 04:35:14,2026-06-08 17:21:28,
1885,屏東縣立棒球場,stadium,🏟️ 體育館,屏東市區,屏東縣屏東市永安里棒球路1號,22.656894,120.48516,verified,0,0,2026-05-20 22:42:39,2026-05-20 22:42:39,,
1884,Noodoe 充電站,stadium,🏟️ 體育館,新北市三重區,名源街61巷 1號,25.059382,121.482345,verified,2,0,2026-05-20 18:33:35,2026-05-20 18:33:35,2026-07-07 19:00:43,
1882,亨亨炸雞,minimart,🏪 便利商店,桃園市中壢區,中正路 1230號,24.970012,121.202146,verified,1,0,2026-05-20 14:26:12,2026-05-20 14:26:12,2026-06-15 11:59:18,
1881,藤野口罩布,pharmacy,💊 藥局,台中市大雅區,臺中市大雅區六寶里光復路16之8號,24.238176,120.638328,verified,0,5,2026-05-20 14:25:13,2026-05-20 14:25:13,,
1880,面對南屯區公所的最左側ubike,ramen,🍜 拉麵店,台中市南屯區,永春東路 679,24.134685,120.644506,verified,1,0,2026-05-20 14:23:39,2026-05-22 14:11:37,2026-06-10 03:20:17,
1879,公車站牌-三民,bus,🚌 公車站,桃園市中壢區,志廣路 292,24.964564,121.20438,verified,0,0,2026-05-20 14:20:58,2026-05-22 14:11:37,,
1878,志廣自助洗車,bridge,🌉 橋梁,桃園市中壢區,志廣路220號,24.963189,121.205092,verified,0,0,2026-05-20 14:19:10,2026-05-22 14:11:37,,
1877,芯芸隔音南部展示中心,restaurant,🍽️ 餐廳,高雄市,高雄市鳥松區大華里山腳路138號,22.656303,120.343392,verified,0,1,2026-05-20 13:16:34,2026-05-20 13:16:34,,
1876,埤頭鄉,forest,🌲 森林,彰化縣埤頭鄉,埤頭庄仔保安宮五府千歲,23.897858,120.46577,verified,1,0,2026-05-20 11:08:03,2026-05-22 14:11:37,2026-05-24 05:17:20,
1875,Thai mart (เพื่อนไทย),bus,🚌 公車站,桃園市,文化二路 111號,25.054156,121.369803,verified,0,0,2026-05-20 10:32:32,2026-05-20 10:32:32,,
1874,花蓮縣消防局,ramen,🍜 拉麵店,花蓮縣花蓮市,中央路三段 842號,23.993599,121.592688,verified,0,0,2026-05-20 10:29:40,2026-05-22 14:11:37,,
1873,屏東沛蓉經絡美容美體,electronics,🔋 電器行,屏東,屏東縣屏東市信和里11-10號,22.700569,120.506391,verified,0,0,2026-05-20 08:20:29,2026-05-20 08:20:29,,
1872,小舅的家民宿招牌下方,pharmacy,💊 藥局,宜蘭縣蘇澳鎮,福德路346巷,24.644866,121.829621,verified,0,3,2026-05-20 08:07:52,2026-05-22 14:11:37,,
1871,汽車保養所前後及對面,hotel,🏨 飯店,宜蘭縣五結鄉,利成路一段,24.656222,121.82541,verified,0,0,2026-05-20 08:05:50,2026-05-22 14:11:37,,
1870,郡大林道 K12 觀景平台,forest,🌲 森林,南投縣信義鄉,H3G2+78 台灣南投縣信義鄉東埔村,23.57568,121.05083,verified,0,0,2026-05-20 07:07:40,2026-05-20 07:07:40,,
1869,野銀部落北側涼亭,roadside,🪙 路邊,台東縣蘭嶼鄉,H22+76 台灣臺東縣蘭嶼鄉東清村,22.05071,121.55056,verified,1,2,2026-05-20 07:07:40,2026-05-20 07:07:40,2026-05-20 18:30:16,
1868,東莒燈塔南步道,forest,🌲 森林,連江縣莒光鄉,PQXXX8J+8J,25.96578,119.98153,verified,0,0,2026-05-20 07:07:40,2026-05-20 07:07:40,,
1867,田埔水庫南岸步道,waterside,🎣 水邊,金門縣金沙鎮,PPWFCMJ+4V,24.48283,118.43221,verified,2,1,2026-05-20 07:07:40,2026-05-20 07:07:40,2026-05-22 08:52:19,
1866,望安天台山觀景台,mountain,⛰️ 山丘,澎湖縣望安鄉,澎湖縣望安鄉1之1號,23.36251,119.50673,verified,0,4,2026-05-20 07:07:40,2026-05-20 07:07:40,,
1865,呆呆move停車場,italian,🍕 義式餐廳,桃園市大園區,致祥三街 105號,25.00778,121.212151,verified,1,1,2026-05-20 02:35:32,2026-05-22 14:11:37,2026-09-01 11:12:41,
1864,臺中國際機場,airport,✈️ 機場,台中市大雅區,和平路,24.255968933422626,120.63432431481918,verified,4,0,2026-05-19 17:23:15,2026-05-22 14:11:37,2026-06-20 00:06:06,
1863,台中海洋館,forest,🌲 森林,台中市清水區,海洋路,24.295983,120.52349,verified,0,0,2026-05-19 17:21:03,2026-05-22 14:11:37,,
1862,毛毛之家寵物沙龍/寵物洗澡/狗貓洗澡/狗狗洗澡/貓咪洗澡,bus,🚌 公車站,高雄市,鳥松區中正路20號,22.641446,120.365629,verified,0,0,2026-05-19 16:26:51,2026-05-19 16:26:51,,
1861,立德商行,mountain,⛰️ 山丘,嘉義縣阿里山鄉,77號,23.2984664426,120.6650522724,verified,0,0,2026-05-19 16:25:10,2026-05-19 16:25:10,,
1860,北二汽車音響,ramen,🍜 拉麵店,桃園市中壢區,環西路二段 406號,24.965453,121.216102,verified,0,1,2026-05-19 15:38:17,2026-05-22 14:11:37,,
1859,,bridge,🌉 橋梁,桃園市中壢區,高鐵南路四段 630之1號,24.976432,121.178237,verified,0,0,2026-05-19 14:49:42,2026-05-19 14:49:42,,
1858,豫章之家,waterside,🎣 水邊,桃園市中壢區,中正路二段 512號,24.982145,121.19104,verified,0,0,2026-05-19 14:43:22,2026-05-22 14:11:37,,
1857,蝦皮店到店 和美美寮 - 智取店,ramen,🍜 拉麵店,彰化縣和美鎮,美寮路二段 506號,24.113339,120.503426,verified,1,0,2026-05-19 14:05:41,2026-05-22 14:11:37,2026-06-09 02:54:37,
1856,尖頭油飯（彌月禮盒、市集活動）,electronics,🔋 電器行,彰化縣和美鎮,和光路33巷 7號,24.11098,120.495493,verified,2,0,2026-05-19 14:01:38,2026-05-19 14:01:38,2026-08-28 08:40:38,
1855,彰化縣大城鄉第三公墓,waterside,🎣 水邊,彰化縣大城鄉,中山路 249號,23.839545,120.324061,verified,0,0,2026-05-19 13:20:08,2026-05-19 13:20:08,,
1854,彰化縣大城鄉公所,library,📚 圖書館/書店,彰化縣大城鄉,中平路197巷 2號,23.852176,120.320768,verified,0,0,2026-05-19 13:19:06,2026-05-19 13:19:06,,
1853,木木家食品,supermarket,🍌 超市,彰化縣大城鄉,大山路 22號,23.841192,120.320221,verified,0,0,2026-05-19 13:18:00,2026-05-19 13:18:00,,
1852,榮林陸橋,bridge,🌉 橋梁,嘉義縣大林鎮,榮林陸橋,23.597046,120.455264,verified,0,0,2026-05-19 12:52:35,2026-05-22 14:11:37,,
1851,彰化縣溪湖鎮大突運動公園,park,🍀 公園,彰化縣溪湖鎮,彰化縣溪湖鎮大突運動公園,23.961862,120.475327,verified,1,0,2026-05-19 10:06:40,2026-05-22 14:11:37,2026-06-02 11:27:23,
1850,溪頂橋,waterside,🎣 水邊,彰化縣田尾鄉,塗墩巷溪頂橋,23.893207,120.508765,verified,0,0,2026-05-19 09:40:32,2026-05-22 14:11:37,,
1849,田溪路自光復路端至光復路三段655巷,pharmacy,💊 藥局,彰化縣田尾鄉,田溪路 2號,23.89985,120.515749,verified,5,0,2026-05-19 09:38:52,2026-05-22 14:11:37,2026-08-11 08:00:54,
1848,北斗菜市場旁,bus,🚌 公車站,彰化縣北斗鎮,光復路 558號,23.881897,120.52283,verified,0,0,2026-05-19 09:32:43,2026-05-22 14:11:37,,
1847,田尾加油站,cafe,☕ 咖啡店,彰化縣田尾鄉,富農路三段,23.890546,120.5268,verified,2,0,2026-05-19 09:31:02,2026-05-22 14:11:37,2026-06-06 06:27:01,
1846,民族路小熊果子至新市街前,restaurant,🍽️ 餐廳,彰化縣北斗鎮,民族路 85號,23.870743,120.527036,verified,1,0,2026-05-19 03:39:41,2026-05-22 14:11:37,2026-06-04 16:41:03,
1845,合順堂金香舖,bakery,🥖 麵包店,新北市板橋區,溪北路 94號,24.989379,121.428482,verified,1,4,2026-05-18 18:13:37,2026-05-22 14:11:37,2026-09-05 04:09:26,
1844,睡過頭,park,🍀 公園,新北市板橋區,金門街 92號,24.992565,121.433134,verified,1,0,2026-05-18 18:11:52,2026-05-22 14:11:37,2026-06-14 16:33:00,
1843,【多芮米 | 藝術中心】 樂器教學,bus,🚌 公車站,新北市樹林區,中山路二段 42號,24.984786,121.416942,verified,0,0,2026-05-18 18:08:29,2026-05-18 18:08:29,,
1842,廣達公園,park,🍀 公園,桃園市平鎮區,環南路35巷,24.955736,121.208168,verified,0,0,2026-05-18 16:42:08,2026-05-22 14:11:37,,
1841,好市多加油站,waterside,🎣 水邊,桃園市中壢區,桃園市中壢區過嶺里民族路六段86-1號,24.96534,121.155873,verified,0,0,2026-05-18 16:39:51,2026-05-22 14:11:37,,
1840,蔬醒早午餐｜森心時光·療癒按摩,italian,🍕 義式餐廳,台南市北區,成德里育德路80號,23.007542,120.204278,verified,1,1,2026-05-18 14:03:13,2026-05-22 14:11:37,2026-06-12 01:45:27,
1839,火車站附近,roadside,🪙 路邊,高雄市三民區,鐵道二街 512號,22.639845,120.304824,verified,0,0,2026-05-18 13:00:31,2026-05-22 14:11:37,,
1838,綠園山莊社區,laundry,👕 自助洗衣店,新竹縣湖口鄉,德和路60巷  面對社區左邊樹旁,24.916158,121.049085,verified,2,0,2026-05-18 12:11:27,2026-05-22 14:11:37,2026-08-23 06:28:42,
1837,怡安盛市,postoffice,📮 郵局,台南市,臺南市安南區鳳凰里怡安路二段109號,23.0436196,120.2001453,verified,0,1,2026-05-18 11:13:04,2026-05-18 11:13:04,,
1836,克萊門四號粉圓專賣店,restaurant,🍽️ 餐廳,台南市麻豆區,光復路 58號,23.184482,120.247256,verified,3,0,2026-05-18 10:14:21,2026-05-22 14:11:37,2026-05-31 15:18:25,
1835,芳義電機行,clothesstore,👗 服飾店,宜蘭縣羅東鎮,冬山路五段,24.667201,121.769124,verified,0,0,2026-05-18 06:16:15,2026-05-18 06:16:15,,
1834,,bridge,🌉 橋梁,屏東縣高雄市,福爾摩沙高速公路,22.762449,120.457699,verified,0,0,2026-05-17 17:06:49,2026-05-17 17:06:49,,
1833,巨蛋,stadium,🏟️ 體育館,桃園市桃園區,德育街,24.993246,121.322951,verified,8,0,2026-05-17 17:04:38,2026-05-22 14:11:37,2026-09-02 13:27:10,
1832,文心秀泰（正後方停車場入口附近）,movie,🎬 電影院,台中市南屯區,文心南七路,24.1298889,120.645,verified,4,4,2026-05-17 14:28:00,2026-05-22 14:11:37,2026-09-07 10:24:04,
1831,總元菸酒,postoffice,📮 郵局,桃園市平鎮區,延平路二段 300號,24.945427,121.208774,verified,0,1,2026-05-17 10:44:15,2026-05-22 14:11:37,,
1830,即享咖啡,supermarket,🍌 超市,新北市桃園市,廣東路 41號,24.9546389,121.2113056,verified,2,0,2026-05-17 09:18:05,2026-05-17 09:18:05,2026-09-08 15:58:23,
1829,楓江路 137號巷口,ramen,🍜 拉麵店,新北市泰山區,楓江路 137號,25.065038,121.439577,verified,0,1,2026-05-17 09:15:15,2026-05-22 14:11:37,,
1828,碧竹軒社區,postoffice,📮 郵局,台中市,406臺中市北屯區松勇里松竹北路71號,24.185308,120.699967,verified,1,1,2026-05-17 07:28:07,2026-05-17 07:28:07,2026-08-11 02:20:12,
1827,湖口好客文創園區,supermarket,🍌 超市,新竹縣湖口鄉,中平路一段 510,24.89636,121.062128,verified,2,0,2026-05-17 07:15:32,2026-05-22 14:11:37,2026-07-03 11:56:57,
1826,彰化縣溪湖鎮溪湖糖廠,station,🚂 車站,彰化縣溪湖鎮,溪湖糖廠五分車展示館外面往溪湖湖的方向鐵軌附近,23.953085,120.481646,verified,0,1,2026-05-17 06:39:48,2026-05-22 14:11:37,,
1825,巧市代廣東粥,park,🍀 公園,桃園市大園區,南和路 171號,25.046308,121.170464,verified,1,0,2026-05-17 06:33:08,2026-05-17 06:33:08,2026-06-15 05:46:03,
1824,虹鈞系統自動化（桃園辦事處）,park,🍀 公園,桃園市大園區,南和路 39號,25.048143,121.166285,verified,0,0,2026-05-17 06:30:46,2026-05-17 06:30:46,,
1823,健翔機車行,bus,🚌 公車站,台南市楠西區,福德小廟周圍,23.142728,120.482487,verified,0,0,2026-05-17 00:47:07,2026-05-22 14:11:37,,
1822,萊爾富,minimart,🏪 便利商店,宜蘭縣壯圍鄉,壯五路 130,24.7456557,121.7876583,verified,0,0,2026-05-16 15:28:14,2026-05-22 14:11:37,,
1821,公車站-中央大學,bus,🚌 公車站,桃園市中壢區,中正路 1217號,24.968785,121.202437,verified,0,0,2026-05-16 15:27:37,2026-05-22 14:11:37,,
1820,泉承電業有限公司,supermarket,🍌 超市,新北市新莊區,公園路 129號,25.0409516,121.4576125,verified,1,0,2026-05-16 15:07:56,2026-05-16 15:07:56,2026-06-19 11:51:02,
1819,驪展有限公司（酒類經銷）,minimart,🏪 便利商店,新北市新莊區,聖伯納戶外用品,25.0228582,121.4350183,verified,0,0,2026-05-16 15:05:07,2026-05-16 15:05:07,,
1818,怡泰營造有限公司,curry,🍛 咖哩餐廳,台中市南區,工學五街117巷 2號,24.1175278,120.6624444,verified,9,3,2026-05-16 14:58:30,2026-05-16 14:58:30,2026-08-01 01:31:37,
1817,新草衙五千宮,supermarket,🍌 超市,高雄市前鎮區,衙和三街 6號,22.583883,120.315418,verified,0,0,2026-05-16 12:17:37,2026-05-16 12:17:37,,
1816,口湖郵局附近,postoffice,📮 郵局,雲林縣口湖鄉,烏麻園街 35,23.585531021529295,120.18386157850645,verified,1,0,2026-05-16 12:03:28,2026-05-22 14:11:37,2026-06-08 14:38:28,
1815,光明洗衣店附近,laundry,👕 自助洗衣店,雲林縣褒忠鄉,中正路 275,23.694054,120.309016,verified,2,0,2026-05-16 12:02:17,2026-05-22 14:11:37,2026-08-13 04:17:54,
1814,大呼過癮臭臭鍋,restaurant,🍽️ 餐廳,雲林縣虎尾鎮,林森路二段 55,23.706972,120.430439,verified,0,0,2026-05-16 12:00:56,2026-05-22 14:11:37,,
1813,全聯中正店,supermarket,🍌 超市,雲林縣虎尾鎮,林森路二段 19,23.707758,120.431008,verified,1,0,2026-05-16 12:00:21,2026-05-22 14:11:37,2026-06-04 10:48:30,
1812,勝源,ramen,🍜 拉麵店,雲林縣虎尾鎮,林森路一段 236,23.714069,120.438116,verified,0,0,2026-05-16 11:59:35,2026-05-16 11:59:35,,
1811,東方不動產有限公司,restaurant,🍽️ 餐廳,雲林縣虎尾鎮,東明路 181,23.714762,120.439848,verified,0,0,2026-05-16 11:58:35,2026-05-16 11:58:35,,
1810,Moovo 龍江館,park,🍀 公園,彰化縣田中鎮,中州路一段 421號,23.857234,120.581908,verified,0,0,2026-05-16 11:39:46,2026-05-16 11:39:46,,
1809,禾順汽車修配廠,bus,🚌 公車站,南投縣南投市,大庄路,23.893645,120.681886,verified,0,0,2026-05-16 11:19:47,2026-05-16 11:19:47,,
1808,玩家x一番賞,restaurant,🍽️ 餐廳,桃園市觀音區,忠孝路 87號,25.049772,121.14263,verified,0,0,2026-05-16 10:34:53,2026-05-16 10:34:53,,
1807,合家早餐,mountain,⛰️ 山丘,桃園市大園區,中正三街 25號,25.061056506085812,121.20147651603286,verified,1,3,2026-05-16 07:59:11,2026-05-16 07:59:11,2026-06-15 05:46:15,
1806,聖衡宮附近,bridge,🌉 橋梁,台南市楠西區,博愛路50巷 11號,23.172932,120.486045,verified,0,0,2026-05-16 07:51:59,2026-05-22 14:11:37,,
1805,橋頭糖廠,themePark,🎢 主題樂園,高雄市橋頭區,糖廠路 36號,22.757424,120.314469,verified,5,0,2026-05-16 07:12:46,2026-05-22 14:11:37,2026-07-21 09:41:22,
1804,東陽彰化倉庫,restaurant,🍽️ 餐廳,彰化縣溪湖鎮,糖友街491巷1弄,23.951951,120.478489,verified,0,0,2026-05-15 17:40:42,2026-05-15 17:40:42,,
1803,大漢宮廷,waterside,🎣 水邊,新北市三峽區,民生街27巷 37號,24.935504,121.377488,verified,1,0,2026-05-15 12:26:05,2026-05-22 14:11:37,2026-05-28 09:20:14,
1802,橋樑別針，台19甲往下營市區約50公尺,bridge,🌉 橋梁,台南市下營區,裕農街 69號,23.233222,120.270973,verified,0,0,2026-05-15 11:04:54,2026-05-22 14:11:37,,
1801,寶芝林燻茶鵝,restaurant,🍽️ 餐廳,台南市下營區,中興南路 141號,23.233341,120.272213,verified,0,0,2026-05-15 11:03:10,2026-05-22 14:11:37,,
1800,清華大學,university,🎓 大學/學院,新竹市東區,博愛街,24.797347,120.989037,verified,1,0,2026-05-15 06:53:43,2026-05-22 14:11:37,2026-06-23 04:50:21,
1799,中國藝閣社,artgallery,🎨 美術館,台中市清水區,鎮新路66巷 10號,24.273038,120.572724,verified,4,2,2026-05-15 04:31:06,2026-05-22 14:11:37,2026-07-28 23:42:47,
1798,義守大學,university,🎓 大學/學院,高雄市大樹區,義守科技大樓7樓（有兩個抱歉要找找看owo）,22.724331,120.408084,verified,0,0,2026-05-15 03:06:44,2026-05-22 14:11:37,,
1797,森林純點-橡栗,forest,🌲 森林,台南市永康區,大橋一街247巷 163號,23.023187,120.229666,verified,1,0,2026-05-14 20:07:13,2026-05-22 14:11:37,2026-06-04 09:56:51,
1796,林鳳營後花園散步,waterside,🎣 水邊,台南市六甲區,路橋邊的小路，不要機車道前彎進來,23.240243,120.321684,verified,0,0,2026-05-14 17:02:55,2026-05-22 14:11:37,,
1795,憩いの場 櫻亭,waterside,🎣 水邊,日本,"-37 Kanamaru, Sado, Niigata 952-0307日本",37.996519,138.369435,verified,1,0,2026-05-14 17:01:25,2026-05-14 17:01:25,2026-06-24 08:50:31,
1794,雅丞汽車 恰吉精選,cafe,☕ 咖啡店,桃園市,幸福路 70號,25.02883,121.30265,verified,0,1,2026-05-14 16:39:15,2026-05-14 16:39:15,,
1793,新海路互助街交叉路口,bus,🚌 公車站,新北市板橋區,新海路互助街交叉路口附近,25.025553,121.459228,verified,0,0,2026-05-14 15:30:05,2026-05-22 14:11:37,,
1792,佳欣幼兒園,park,🍀 公園,高雄市小港區,廠邊三路30巷 43號,22.572108,120.359607,verified,1,0,2026-05-14 15:11:32,2026-05-22 14:11:37,2026-06-10 10:39:24,
1791,萬佳鄉早餐 中維店,minimart,🏪 便利商店,台中市東區,尚武路 157號,24.143967,120.689253,verified,0,0,2026-05-14 14:20:46,2026-05-14 14:20:46,,
1790,雙齊輪胎,station,🚂 車站,新北市蘆洲區,仁愛街254號附近,25.093059,121.465705,verified,6,0,2026-05-14 11:58:25,2026-05-22 14:11:37,2026-09-05 15:27:27,
1789,古早水龍頭,roadside,🪙 路邊,台南市六甲區,菁埔埤落羽松森林附近，林鳳營牧場,23.232352,120.312655,verified,0,0,2026-05-14 05:42:51,2026-05-22 14:11:37,,
1788,下營庒玉勅孔德堂,bus,🚌 公車站,台南市下營區,中山路一段 332號,23.238067,120.268786,verified,0,0,2026-05-14 05:03:46,2026-05-22 14:11:37,,
1787,勤盛科技,bus,🚌 公車站,台南市新市區,復興路305巷13號,23.088689,120.294601,verified,0,0,2026-05-14 04:38:08,2026-05-22 14:11:37,,
1786,昭善堂（到翻白眼胡迪中間）,minimart,🏪 便利商店,台南市下營區,735臺南市下營區下營里中正南路28號,23.234329,120.263194,verified,0,0,2026-05-14 04:03:55,2026-05-22 14:11:37,,
1785,兆豐國際商業銀行 楠梓分行,postoffice,📮 郵局,高雄市楠梓區,高雄市楠梓區瑞屏里加昌路600之1號,22.718464,120.305108,verified,0,1,2026-05-14 03:33:57,2026-05-22 14:11:37,,
1784,全國電子 數位家電體驗館 中豐館門市,electronics,🔋 電器行,桃園市平鎮區,中豐路 298號,24.94068790102427,121.21631807394475,verified,0,1,2026-05-14 02:11:05,2026-05-22 14:11:37,,
1783,點心城早餐店•林鳳營早餐店,supermarket,🍌 超市,台南市六甲區,林鳳營240號之15,23.241205,120.318721,verified,0,0,2026-05-14 00:34:40,2026-05-22 14:11:37,,
1782,家樂福夜市,supermarket,🍌 超市,嘉義市,廁所旁邊,23.472003,120.433038,verified,0,0,2026-05-14 00:24:12,2026-05-14 00:24:12,,
1781,新莊阿海麵線,restaurant,🍽️ 餐廳,新北市新莊區,中港路68巷口,25.038786,121.455476,verified,0,2,2026-05-13 16:46:24,2026-05-22 14:11:37,,
1780,美廉社 台中富榮店,restaurant,🍽️ 餐廳,台中市東區,富榮街 40號,24.145613,120.690055,verified,0,0,2026-05-13 14:31:38,2026-05-13 14:31:38,,
1779,朝陽菜市場,diy,🔧 五金行,新北市板橋區,四維路44號,25.027567,121.461515,verified,3,3,2026-05-13 13:52:16,2026-05-22 14:11:37,2026-06-14 16:10:41,
1778,公園附近,park,🍀 公園,高雄市小港區,明億電器行轉角進來和新豐兒童遊戲場的小路,22.56837,120.360886,verified,0,0,2026-05-13 13:50:39,2026-05-22 14:11:37,,
1777,路邊,bus,🚌 公車站,高雄市小港區,水秀路 167號,22.561758,120.367651,verified,0,0,2026-05-13 13:28:43,2026-05-22 14:11:37,,
1776,阿力香雞排,restaurant,🍽️ 餐廳,苗栗縣竹南鎮,苗栗縣竹南鎮大埔里科專七路438號,24.70564,120.898987,verified,1,0,2026-05-13 11:26:45,2026-05-22 14:11:37,2026-05-26 15:09:30,
1775,測速照相,bus,🚌 公車站,桃園市中壢區,忠義路,24.964591,121.237963,verified,0,0,2026-05-13 10:34:03,2026-05-13 10:34:03,,
1774,科研路滯洪池,bus,🚌 公車站,苗栗縣竹南鎮,苗栗縣竹南鎮頂埔里科研路68號,24.706816,120.911845,verified,0,0,2026-05-13 08:54:12,2026-05-22 14:11:37,,
1773,鄉道茶屋,waterside,🎣 水邊,宜蘭縣頭城鎮,北宜路一段1巷165弄,24.840782,121.786357,verified,0,0,2026-05-13 08:23:22,2026-05-13 08:23:22,,
1772,高雄餐旅大學,university,🎓 大學/學院,高雄市小港區,松和路 1,22.56279,120.372436,verified,4,0,2026-05-13 07:33:39,2026-05-13 08:33:23,2026-07-08 23:40:00,
1771,竹南龍鳳魚港步道,beach,🐚 海灘,苗栗縣竹南鎮,苗栗縣竹南鎮PV35+CG,24.705566,120.860827,verified,11,0,2026-05-13 07:13:44,2026-05-13 08:33:23,2026-08-08 15:07:46,
1770,德光會社區,makeup,💄 化妝品商店,台中市沙鹿區,臺中市沙鹿區興安里永寧路255巷25號二樓之5號,24.233349,120.552052,verified,0,2,2026-05-13 05:00:28,2026-05-13 05:00:28,,
1769,嘉義縣綜合社會福利館,park,🍀 公園,嘉義縣民雄鄉,西安路 155,23.5576560154481,120.4191868705578,verified,3,1,2026-05-13 01:22:49,2026-05-13 08:33:23,2026-05-19 17:24:10,
1768,固得租車自助站-桃園高鐵站,station,🚂 車站,桃園市中壢區,高鐵站前西路一段,25.01086627647926,121.21561424732118,verified,2,0,2026-05-12 16:06:16,2026-05-12 16:06:16,2026-09-08 14:20:07,
1767,棲木十年有限公司（搬家、貨運、清運）,roadside,🪙 路邊,高雄市小港區,華仁街 1,22.566518,120.366155,verified,0,0,2026-05-12 15:59:01,2026-05-12 15:59:01,,
1766,善水草堂,waterside,🎣 水邊,新竹縣竹北市,鳳岡路二段 206號,24.859471,120.978732,verified,2,0,2026-05-12 15:26:57,2026-05-13 08:33:23,2026-05-19 17:24:23,
1765,全家便利商店 竹北鳳岡店,bus,🚌 公車站,新竹縣竹北市,鳳岡路三段,24.863446,120.967756,verified,0,2,2026-05-12 15:25:44,2026-05-13 08:33:23,,
1764,餐飲設備到土地廟都是飛機,airport,✈️ 機場,桃園市蘆竹區,八股路 279之1號,25.053056,121.25316,verified,17,0,2026-05-12 12:46:30,2026-05-13 08:33:23,2026-08-30 06:41:33,
1763,整片貝殼,beach,🐚 海灘,桃園市大園區,漁港北路,25.120351,121.244239,verified,3,0,2026-05-12 12:41:35,2026-05-13 08:33:23,2026-06-10 11:07:21,
1762,民義街68巷,restaurant,🍽️ 餐廳,新北市蘆洲區,民義街68巷29號附近,25.089932,121.47412,verified,1,3,2026-05-12 12:09:29,2026-05-13 08:33:23,2026-06-11 12:19:06,
1761,兒四公園,park,🍀 公園,新北市蘆洲區,復興路105巷35號附近,25.088757,121.476325,verified,17,0,2026-05-12 11:52:29,2026-05-13 08:33:23,2026-07-24 11:31:21,
1760,松祐金屬工作所,sushi,🍣 壽司店,嘉義市,嘉義市東區後湖里保愛三街108號,23.503078,120.454725,verified,1,4,2026-05-12 11:24:54,2026-05-12 11:24:54,2026-08-12 11:49:17,
1759,SAAB專修,bus,🚌 公車站,台中市南屯區,向上路五段 217號,24.151162,120.610082,verified,0,0,2026-05-12 10:49:04,2026-05-12 10:49:04,,
1758,附近也有海灘純點,forest,🌲 森林,台南市南區,黃金海岸自行車道/雙博物館自行車道,22.957977,120.169428,verified,1,0,2026-05-12 09:57:27,2026-05-13 08:33:23,2026-05-19 17:29:16,
1757,桃園機場,airport,✈️ 機場,桃園市大園區,航站北路,25.083111,121.237779,verified,8,0,2026-05-12 09:37:12,2026-05-13 08:33:23,2026-09-07 02:03:32,
1756,陞發晴川,waterside,🎣 水邊,台南市,西門路四段533巷 36號,23.0206539,120.211878,verified,0,0,2026-05-12 06:45:00,2026-05-12 06:45:00,,
1755,第一航站,airport,✈️ 機場,桃園市大園區,航站南路 9,25.08201,121.23656,verified,2,1,2026-05-12 01:05:24,2026-05-13 08:33:23,2026-06-13 04:43:31,
1754,冠群全齡診所-彰化員林腸胃科推薦|健康減重|小兒科診所|減重針灸推薦|兒童腸胃科|減重門診|小兒科推薦|兒科推薦,restaurant,🍽️ 餐廳,彰化縣員林市,育英路 505號,23.966925,120.573674,verified,0,0,2026-05-12 00:57:21,2026-05-12 00:57:21,,
1753,漢神洲際購物廣場,stadium,🏟️ 體育館,台中市北屯區,崇德路三段 865號,24.198174661815177,120.68608396505252,verified,11,3,2026-05-12 00:29:25,2026-05-13 08:33:23,2026-09-21 03:46:27,
1752,旭成建材行(到基督長老教會),pharmacy,💊 藥局,台南市六甲區,臺南市六甲區建國街131號,23.23239630679993,120.35308317301245,verified,0,2,2026-05-12 00:22:14,2026-05-13 08:33:23,,
1751,六甲黃記古早味碳烤地瓜,restaurant,🍽️ 餐廳,台南市六甲區,中正路 421號,23.228367,120.3509,verified,2,0,2026-05-12 00:17:23,2026-05-13 08:33:23,2026-05-20 06:27:03,
1750,傳香豆漿,bus,🚌 公車站,新北市土城區,中興路 1號,24.962835,121.4252969,verified,0,0,2026-05-11 21:18:44,2026-05-11 21:18:44,,
1749,五福小館,ramen,🍜 拉麵店,新竹縣湖口鄉,湖口鄉信義村中山路一段109號,24.884202,121.037773,verified,0,2,2026-05-11 15:30:44,2026-05-13 08:33:23,,
1748,君美純理髮廳,hairsalon,✂️ 美容院,新竹縣竹北市,竹北市竹義里中央路38號,24.837045,121.004244,verified,0,6,2026-05-11 15:19:18,2026-05-13 08:33:23,,
1747,HAEN.BOG手作漢堡,restaurant,🍽️ 餐廳,台南市中西區,西湖里和緯路五段89巷116號,23.0039935,120.1844008,verified,1,1,2026-05-11 15:15:36,2026-05-13 08:33:23,2026-05-31 15:42:39,
1746,內壢高中圍牆,bus,🚌 公車站,桃園市中壢區,成章三街 36號,24.978739,121.256995,verified,2,0,2026-05-11 15:07:28,2026-05-13 08:33:23,2026-08-17 00:24:11,
1745,文華路二段,park,🍀 公園,台南市仁德區,機場路,22.9371833,120.2208942,verified,2,1,2026-05-11 13:17:43,2026-05-13 08:33:23,2026-05-20 18:30:35,
1744,和美鎮新庄國小水邊擬餌,waterside,🎣 水邊,彰化縣和美鎮,彰新路三段 70號,24.105831,120.531535,verified,0,0,2026-05-11 12:14:31,2026-05-13 08:33:23,,
1743,文字動物醫院對面 通聯科技門口,laundry,👕 自助洗衣店,雲林縣斗六市,文化路,23.711904,120.553682,verified,13,0,2026-05-11 11:41:18,2026-05-13 08:33:23,2026-09-06 09:04:14,
1742,正港海產店,electronics,🔋 電器行,嘉義縣六腳鄉,勝烈實業有限公司,23.49514,120.291839,verified,0,1,2026-05-11 10:33:25,2026-05-11 10:33:25,,
1741,大同技術學院太保校區,university,🎓 大學/學院,嘉義縣太保市,嘉義縣太保市安仁里嘉45鄉道1號,23.451821,120.293061,verified,0,0,2026-05-11 10:30:08,2026-05-13 08:33:23,,
1740,六美派出所,bakery,🥖 麵包店,嘉義縣六腳鄉,六美派出所往蒜頭方向,23.530353,120.288851,verified,1,1,2026-05-11 10:28:04,2026-05-13 08:33:23,2026-05-16 17:29:46,
1739,北港媽祖大橋,bridge,🌉 橋梁,雲林縣北港鎮,媽祖大橋橋頭和橋尾都是純點,23.568954,120.292175,verified,0,0,2026-05-11 10:26:01,2026-05-13 08:33:23,,
1738,環路三段,park,🍀 公園,新北市新莊區,中環公園194停車格,25.048393,121.442027,verified,2,0,2026-05-11 09:51:08,2026-05-13 08:33:23,2026-05-21 14:10:36,
1737,明志科技大學田徑場,university,🎓 大學/學院,新北市泰山區,工專路 84之24號,25.043904,121.421778,verified,1,0,2026-05-11 08:14:15,2026-05-13 08:33:23,2026-05-21 15:39:21,
1736,Beetle tree café金龜樹咖啡,cafe,☕ 咖啡店,高雄市苓雅區,高雄市苓雅區民主里樂善街53號,22.634967,120.325816,verified,12,0,2026-05-11 08:08:32,2026-05-13 08:33:23,2026-07-24 15:35:05,
1735,明志科技大學校區,forest,🌲 森林,新北市泰山區,南泰路,25.036664,121.416573,verified,0,0,2026-05-11 07:25:11,2026-05-13 08:33:23,,
1734,苓雅運動園區,stadium,🏟️ 體育館,高雄市苓雅區,體育場路,22.6258865,120.3339886,verified,2,1,2026-05-11 07:01:17,2026-05-13 08:33:23,2026-06-11 16:29:51,
1733,明志科大,university,🎓 大學/學院,新北市泰山區,工專路 84,25.040625,121.420116,verified,1,0,2026-05-11 06:58:21,2026-05-13 08:33:23,2026-05-25 07:18:14,
1732,沙鹿區帝堡15公寓大廈,waterside,🎣 水邊,台中市沙鹿區,中山路669巷 15號,24.257256,120.568175,verified,0,0,2026-05-11 06:01:44,2026-05-13 08:33:23,,
1731,台塑加油站,restaurant,🍽️ 餐廳,台中市沙鹿區,中清路七段 376號,24.250566,120.582112,verified,1,0,2026-05-11 05:59:00,2026-05-13 08:33:23,2026-07-04 08:26:57,
1730,嘉義蒜頭糖廠-阿勃勒網紅景點,park,🍀 公園,嘉義縣六腳鄉,嘉義蒜頭糖廠-阿勃勒網紅景點,23.478392,120.293984,verified,1,1,2026-05-11 05:06:47,2026-05-13 08:33:23,2026-06-07 16:16:08,
1729,萊爾富(北港黑金剛店),minimart,🏪 便利商店,雲林縣北港鎮,萊爾富前,23.578457,120.294746,verified,0,0,2026-05-11 05:04:10,2026-05-13 08:33:23,,
1728,北港五鮮級火鍋店,minimart,🏪 便利商店,雲林縣北港鎮,北港五鮮級火鍋店前,23.579126,120.29815,verified,0,0,2026-05-11 05:01:09,2026-05-13 08:33:23,,
1727,北港武德宮,bus,🚌 公車站,雲林縣北港鎮,北港武德宮廟前馬路,23.581137,120.298657,verified,0,0,2026-05-11 04:59:13,2026-05-13 08:33:23,,
1726,鑫福建設有限公司,airport,✈️ 機場,新竹市北區,成功路 13巷巷口,24.816073,120.9571,verified,1,1,2026-05-11 02:51:36,2026-05-11 02:51:36,2026-09-09 13:54:29,
1725,陽光國小蠟筆門,forest,🌲 森林,新竹市東區,明湖路200號,24.789867,120.967982,verified,0,0,2026-05-11 02:20:33,2026-05-13 08:33:23,,
1724,優雅文理補習班,hairsalon,✂️ 美容院,彰化縣員林市,建國路366號~ 386號,23.967568,120.574063,verified,0,2,2026-05-11 01:56:14,2026-05-11 01:56:14,,
1723,豪鑫綠能光電工程,hairsalon,✂️ 美容院,彰化縣員林市,大仁南街 82號~92號,23.966819,120.575427,verified,4,0,2026-05-11 01:51:42,2026-05-11 01:51:42,2026-09-06 14:19:50,
1722,上上乾洗衣店,supermarket,🍌 超市,彰化縣員林市,永安街 197號,23.969632,120.573511,verified,0,0,2026-05-11 01:41:54,2026-05-11 01:41:54,,
1721,隆騰汽車,clothesstore,👗 服飾店,台中市大里區,爽文路 478號,24.10049,120.674619,verified,0,0,2026-05-10 17:01:12,2026-05-10 17:01:12,,
1720,永清里三和路四段382巷102號,minimart,🏪 便利商店,新北市三重區,鐵門前面水溝蓋,25.07797322550478,121.4788213666632,verified,0,0,2026-05-10 17:01:05,2026-05-13 08:33:23,,
1719,順發汽車,restaurant,🍽️ 餐廳,台中市大里區,愛心路 91-1號,24.102785,120.679433,verified,0,0,2026-05-10 16:59:13,2026-05-10 16:59:13,,
1718,大里春天SPA旅館 (Spring Spa Motel),cafe,☕ 咖啡店,台中市大里區,永隆路453巷,24.112175,120.676106,verified,0,0,2026-05-10 16:47:59,2026-05-10 16:47:59,,
1717,中國風,minimart,🏪 便利商店,嘉義市,軍輝路,23.45599,120.462966,verified,1,0,2026-05-10 14:26:19,2026-05-10 14:26:19,2026-06-10 16:41:59,
1716,內壢法國麵包,bakery,🥖 麵包店,桃園市中壢區,中壢區長春二路193號,24.977745,121.24623,verified,18,1,2026-05-10 14:08:33,2026-05-13 08:33:23,2026-09-20 03:44:48,
1715,中原文創園區,park,🍀 公園,桃園市中壢市,普忠路 1,24.964529,121.241193,verified,0,0,2026-05-10 10:39:39,2026-05-13 08:33:23,,
1714,彰化市水邊擬餌,waterside,🎣 水邊,彰化縣彰化市,辭修路502巷 35號,24.078905,120.532558,verified,0,0,2026-05-10 09:38:31,2026-05-13 08:33:23,,
1713,鹿麻產車站,station,🚂 車站,嘉義縣竹崎鄉,61之3,23.504277,120.531533,verified,8,0,2026-05-10 09:29:42,2026-05-13 08:33:23,2026-08-17 04:48:19,
1711,士林高商操場,ramen,🍜 拉麵店,台北市士林區,臺北市士林區後港里士商路150號,25.094873,121.515875,verified,0,1,2026-05-10 09:17:33,2026-05-13 08:33:23,,
1710,YQ 允騏車業-［板橋機車行/板橋機車維修/即時道路救援/板橋機車改裝/檔車維修/電腦診斷/噴射車維修/排氣管訂做/前叉避震調整保養/避震彈簧訂做/排氣管修復/氣球佈置/會場佈置/性別派對氣球/機車新品（二手）買賣/車禍估價維修/行車記錄器安裝］,supermarket,🍌 超市,新北市板橋區,忠孝路忠義巷 11號,25.003641,121.465663,verified,0,0,2026-05-10 09:16:32,2026-05-10 09:16:32,,
1709,國立臺灣科學教育館,bus,🚌 公車站,台北市士林區,臺北市士林區福佳里士商路175號,25.094839,121.516636,verified,0,0,2026-05-10 09:11:39,2026-05-13 08:33:23,,
1708,沃德先生烘焙餐館,waterside,🎣 水邊,桃園市中壢區,老街溪河岸自行車步道（沃德先生烘焙餐館河堤側門口）,24.9636453,121.218568,verified,0,0,2026-05-10 09:06:52,2026-05-13 08:33:23,,
1707,陽明高中,park,🍀 公園,台北市士林區,臺北市士林區後港里承德路五段50號三樓號,25.093026,121.51561,verified,0,0,2026-05-10 08:53:10,2026-05-13 08:33:23,,
1706,陽明高中,roadside,🪙 路邊,台北市士林區,臺北市士林區後港里承德路五段26號,25.092159,121.515997,verified,1,0,2026-05-10 08:49:18,2026-05-13 08:33:23,2026-06-27 15:45:02,
1705,後港公園,park,🍀 公園,台北市士林區,臺北市士林區後港里承德路五段38號1 樓,25.092505,121.515273,verified,1,0,2026-05-10 08:41:47,2026-05-13 08:33:23,2026-05-29 21:15:50,
1704,澄霖沉香味道森林館,themePark,🎢 主題樂園,雲林縣虎尾鎮,75之9,23.729563,120.496348,verified,3,4,2026-05-10 08:18:13,2026-05-13 08:33:23,2026-06-15 06:04:48,
1703,崙背國小,artgallery,🎨 美術館,雲林縣崙背鄉,大同路150巷 40,23.75911,120.347165,verified,25,1,2026-05-10 08:15:42,2026-05-13 08:33:23,2026-09-15 04:24:04,
1702,叉子Diner附近,restaurant,🍽️ 餐廳,新北市林口區,新北市林口區民族路288號,25.078889,121.370277,verified,1,0,2026-05-10 07:48:17,2026-05-13 08:33:23,2026-06-16 09:47:01,
1701,帝鼎室內設計公司門口附近,electronics,🔋 電器行,桃園市楊梅區,中山路與新成路口,24.907214,121.147385,verified,0,5,2026-05-10 06:08:13,2026-05-13 08:33:23,,
1700,士林監理所,bus,🚌 公車站,台北市士林區,臺北市士林區士林監理站,25.095358,121.514064,verified,0,0,2026-05-10 05:38:31,2026-05-13 08:33:23,,
1699,嘉義舊監獄,bus,🚌 公車站,嘉義市東區,維新路 140,23.48582,120.459436,verified,1,0,2026-05-10 05:25:59,2026-05-13 08:33:23,2026-06-01 22:55:45,
1698,禪悅茶亭,restaurant,🍽️ 餐廳,高雄市左營區,高雄市左營區新上里辛亥路293號,22.667482,120.310542,verified,0,2,2026-05-10 05:06:01,2026-05-13 08:33:23,,
1697,中福里福德宮,waterside,🎣 水邊,桃園市蘆竹區,中福里龍安街二段717號,25.00106,121.259282,verified,1,0,2026-05-10 03:20:48,2026-05-13 08:33:23,2026-05-30 11:41:53,
1696,彰濱工業區昇華工業,beach,🐚 海灘,彰化縣鹿港鎮,鹿工路,24.077197,120.400392,verified,0,0,2026-05-10 02:17:38,2026-05-13 08:33:23,,
1695,The good one coffee restaurant,bus,🚌 公車站,桃園市桃園區,330桃園市桃園區民有五街122號,25.009129,121.318598,verified,0,0,2026-05-10 02:12:20,2026-05-13 08:33:23,,
1694,小城新居NO3,roadside,🪙 路邊,高雄市岡山區,頂潭路63巷 27號,22.777448,120.267919,verified,0,0,2026-05-10 01:15:53,2026-05-10 01:15:53,,
1693,尚青黃昏市場,clothesstore,👗 服飾店,屏東縣潮州鎮,汽車停車場,22.560683,120.539044,verified,3,0,2026-05-09 23:59:21,2026-05-13 08:33:23,2026-05-20 08:32:52,
1692,京都,shrine,⛩️ 神社/寺廟,日本京都市,京都勧修寺,34.962488,135.807195,verified,8,0,2026-05-09 19:23:30,2026-05-09 19:23:30,2026-08-27 11:18:22,
1691,,forest,🌲 森林,台中市南屯區,向上路五段 290號,24.15098,120.607226,verified,0,1,2026-05-09 16:05:24,2026-05-09 16:05:24,,
1690,南屯區,forest,🌲 森林,台中市南屯區,臺中市南屯區寶山里工業區二十一路159號,24.151865,120.604433,verified,1,0,2026-05-09 16:04:27,2026-05-13 08:33:23,2026-09-19 07:01:29,
1689,宏光堂命卜擇日館對面,laundry,👕 自助洗衣店,高雄市鳳山區,明昌街30號,22.6320686,120.3618396,verified,0,5,2026-05-09 15:43:49,2026-05-13 08:33:23,,
1688,肉圓,ramen,🍜 拉麵店,嘉義縣梅山鄉,中華街 16號,23.5878065,120.5548192,verified,0,0,2026-05-09 15:40:49,2026-05-09 15:40:49,,
1687,台隆農機行,supermarket,🍌 超市,嘉義縣梅山鄉,中山路 362號,23.5857198,120.5533198,verified,0,0,2026-05-09 15:39:43,2026-05-09 15:39:43,,
1686,屏東公館郵局,postoffice,📮 郵局,屏東縣屏東市,復興南路二段,22.63806,120.485582,verified,1,0,2026-05-09 15:10:41,2026-05-13 08:33:23,2026-05-17 05:48:00,
1685,達勝汽車,bridge,🌉 橋梁,屏東縣萬丹鄉,中興路一段,22.570511,120.47851,verified,0,0,2026-05-09 14:57:00,2026-05-09 14:57:00,,
1684,路邊,bakery,🥖 麵包店,嘉義縣民雄鄉,路邊,23.562752,120.449145,verified,1,1,2026-05-09 14:12:13,2026-05-13 08:33:23,2026-05-17 08:30:04,
1683,艾群營造有限公司,electronics,🔋 電器行,嘉義市,玉山路186巷與玉康路口,23.476347,120.426357,verified,2,0,2026-05-09 12:20:25,2026-05-09 12:20:25,2026-08-28 08:47:27,
1682,榮工工程桃地工務所 CJ16標中原車站路段鐵路地下化工程,university,🎓 大學/學院,桃園市中壢區,普忠路,24.96289,121.244117,verified,0,0,2026-05-09 11:58:19,2026-05-09 11:58:19,,
1681,莫薩早午餐附近,park,🍀 公園,新北市板橋區,信義路54巷17弄5號,24.9942952,121.4561826,verified,0,0,2026-05-09 09:51:52,2026-05-13 08:33:23,,
1680,連寶記食堂,bus,🚌 公車站,高雄市楠梓區,智昌街 331號,22.719563,120.284032,verified,1,0,2026-05-09 08:50:12,2026-05-09 08:50:12,2026-06-20 23:17:44,
1679,美麗君男士理髮,hairsalon,✂️ 美容院,台中市,三榮十六路 132號,24.111525,120.592618,verified,3,1,2026-05-09 07:34:33,2026-05-09 07:34:33,2026-08-24 05:31:53,
1678,406臺中市北屯區同榮里昌平路三段50巷11-3號,curry,🍛 咖哩餐廳,台中市北屯區,406臺中市北屯區同榮里昌平路三段50巷11-3號,24.202382,120.675857,verified,10,2,2026-05-09 06:54:18,2026-05-13 08:33:23,2026-09-21 03:46:32,
1677,嘉義文學館,postoffice,📮 郵局,嘉義市東區,公明路、共和路,23.480316,120.455398,verified,0,0,2026-05-09 06:52:48,2026-05-13 08:33:23,,
1676,台南市立棒球場,stadium,🏟️ 體育館,台南市南區,健康路一段，球場和泳池中間走道,22.980294,120.205202,verified,1,0,2026-05-09 06:13:37,2026-05-13 08:33:23,2026-07-07 19:05:30,
1675,Acon-eco 充電站,minimart,🏪 便利商店,新北市新莊區,中央路,25.05872,121.45313,verified,0,0,2026-05-09 03:52:51,2026-05-09 03:52:51,,
1674,雲成茶園,forest,🌲 森林,南投縣仁愛鄉,南投縣仁愛鄉6659+7C,24.208208,121.218639,verified,0,0,2026-05-09 03:50:50,2026-05-13 08:33:23,,
1673,金會喬傳統整復推拿所,park,🍀 公園,台中市烏日區,五光路970巷 12號,24.102304,120.629309,verified,0,0,2026-05-09 03:50:24,2026-05-09 03:50:24,,
1672,三寶手作烘焙,clothesstore,👗 服飾店,嘉義縣民雄鄉,47號,23.513439,120.476098,verified,6,0,2026-05-09 01:49:26,2026-05-13 08:33:23,2026-06-10 16:07:29,
1671,右昌地區,airport,✈️ 機場,高雄市楠梓區,久昌街135巷 35號,22.710849,120.282353,verified,5,1,2026-05-08 21:23:53,2026-05-13 08:33:23,2026-07-22 13:26:59,
1670,世運主場館旁邊的滯洪池,waterside,🎣 水邊,高雄市楠梓區,戶外廣場,22.703125,120.296647,verified,0,1,2026-05-08 21:22:24,2026-05-13 08:33:23,,
1669,世運主場館,stadium,🏟️ 體育館,高雄市左營區,世運大道 100,22.702695,120.293759,verified,2,0,2026-05-08 21:21:26,2026-05-13 08:33:23,2026-06-11 16:29:52,
1668,空軍新竹基地,airport,✈️ 機場,新竹市北區,中正成功路口,24.815796,120.956566,verified,2,0,2026-05-08 16:14:31,2026-05-13 08:33:23,2026-09-09 13:54:32,
1667,,airport,✈️ 機場,桃園市大園區,中華路320號,25.0726667,121.2073056,verified,1,0,2026-05-08 15:16:10,2026-05-08 15:16:10,2026-09-03 11:44:18,
1666,259排球館內,clothesstore,👗 服飾店,台北市,242新北市新莊區福營里福營路259-1號,25.029403,121.428664,verified,0,0,2026-05-08 13:21:35,2026-05-08 13:21:35,,
1665,住宅區,park,🍀 公園,新北市新店區,新北市新店區德正街27巷29弄,24.972168,121.545321,verified,0,0,2026-05-08 11:31:29,2026-05-13 08:33:23,,
1664,全聯福利中心 PX MART 下營中山,supermarket,🍌 超市,台南市下營區,臺南市下營區中山路一段及健康路路口,23.236667,120.266298,verified,2,0,2026-05-08 06:44:48,2026-05-13 08:33:23,2026-05-21 11:16:50,
1663,石頭王/強棒補習班前面,clothesstore,👗 服飾店,新北市土城區,新北市土城區峯廷里金城路三段168號2 樓,24.987375,121.46757,verified,0,0,2026-05-08 02:25:51,2026-05-13 08:33:23,,
1662,和雅社區,supermarket,🍌 超市,台中市梧棲區,文雅街60巷51-53號 香蕉純點,24.2441827,120.549561,verified,0,2,2026-05-07 18:22:43,2026-05-13 08:33:23,,
1661,龍山全聯後方道路,park,🍀 公園,新竹市東區,可以從龍山公園沿著埔頂三路往全聯走即可,24.7915593,121.0101755,verified,0,1,2026-05-07 15:50:46,2026-05-13 08:33:23,,
1660,好市多附近拉麵店,ramen,🍜 拉麵店,新竹市東區,在埔頂一路和占梅路路口,24.7922865,121.0139238,verified,1,2,2026-05-07 15:46:47,2026-05-13 08:33:23,2026-06-12 13:41:31,
1659,好市多附近麵包店,bakery,🥖 麵包店,新竹市東區,大概在社區汽車出入口出來左邊一點人行道,24.7922247,121.0140885,verified,1,2,2026-05-07 15:44:18,2026-05-13 08:33:23,2026-06-04 01:15:57,
1658,7-11嘉德門市,ramen,🍜 拉麵店,嘉義市西區,7-11嘉德門市店內,23.483711,120.430743,verified,4,0,2026-05-07 15:40:39,2026-05-13 08:33:23,2026-08-27 12:45:31,
1657,AD髮藝,cafe,☕ 咖啡店,台北市松山區,臺北市松山區福成里敦化南路一段80巷17號四樓號,25.046783,121.547758,verified,11,3,2026-05-07 14:52:28,2026-05-13 08:33:23,2026-07-24 02:26:58,
1656,軒雅科技企業社,library,📚 圖書館/書店,新北市板橋區,新北市板橋區莒光里文化路二段124巷28號,25.025646,121.471275,verified,3,1,2026-05-07 14:18:06,2026-05-07 14:18:06,2026-07-15 10:14:13,
1655,誼昇五金有限公司,stadium,🏟️ 體育館,新北市板橋區,新北市板橋區忠翠里雙十路二段69巷33號,25.026103,121.474138,verified,2,0,2026-05-07 14:14:11,2026-05-07 14:14:11,2026-07-10 03:44:38,
1654,南機場風向帶（耐爆通信所）,airport,✈️ 機場,宜蘭縣宜蘭市,PQH2+GP 台灣宜蘭縣宜蘭市建業里,24.728863,121.751774,verified,4,2,2026-05-07 12:55:44,2026-05-07 15:58:58,2026-06-08 10:34:20,
1653,小么G,ramen,🍜 拉麵店,桃園市八德區,桃園市八德區中興街25號,24.92679,121.283289,verified,1,2,2026-05-07 12:25:29,2026-05-07 15:58:58,2026-05-08 17:29:02,
1652,中山女高,bus,🚌 公車站,台北市中山區,臺北市中山區朱崙里長安東路二段142號,25.048593,121.537427,verified,1,0,2026-05-07 10:54:39,2026-05-07 15:58:58,2026-05-12 09:40:16,
1651,長沙街靠近加油站,electronics,🔋 電器行,雲林縣斗六市,雲林縣斗六市三平里長沙街4-10號,23.714579,120.533248,verified,5,0,2026-05-07 09:00:44,2026-05-07 15:58:58,2026-08-28 08:48:21,
1650,中山國小側門,library,📚 圖書館/書店,桃園市桃園區,人行道上,24.986967,121.291046,verified,3,0,2026-05-07 08:37:14,2026-05-07 15:58:58,2026-08-12 15:53:20,
1649,國泰禾社區外,hotel,🏨 飯店,新竹市東區,國泰禾社區到旁邊斑馬線之間,24.780494,121.020408,verified,2,0,2026-05-07 07:39:49,2026-05-07 15:58:58,2026-08-16 13:01:31,
1648,國立台灣大學公共衛生學院,university,🎓 大學/學院,台北市中正區,臺北市中正區東門里徐州路17號,25.041471,121.523255,verified,0,2,2026-05-07 06:29:25,2026-05-07 15:58:58,,
1647,台糖加油站,bus,🚌 公車站,南投縣名間鄉,南投縣名間鄉新街村彰南路357之39號,23.872059,120.692797,verified,0,0,2026-05-07 05:54:17,2026-05-07 15:58:58,,
1646,親子生態園區,park,🍀 公園,南投縣名間鄉,南投縣名間鄉中山村彰南路256號,23.855634,120.696343,verified,4,0,2026-05-07 05:52:43,2026-05-07 15:58:58,2026-09-01 15:06:52,
1645,員林大同麥味登,cafe,☕ 咖啡店,彰化縣員林市,彰化縣員林市大同路一段356號,23.96355,120.579599,verified,2,0,2026-05-07 02:12:33,2026-05-07 15:58:58,2026-06-12 06:03:58,
1644,7-11 新德化門市,minimart,🏪 便利商店,台中市北區,臺中市北區健行里西屯路一段466巷22號,24.161647,120.66563,verified,1,1,2026-05-06 17:57:55,2026-05-07 15:58:58,2026-08-27 13:09:08,
1643,中央公園,bus,🚌 公車站,台中市西屯區,臺中市西屯區逢福里福上巷龍欣三弄20號,24.175402,120.652255,verified,0,0,2026-05-06 17:27:12,2026-05-07 15:58:58,,
1642,黎明溝,waterside,🎣 水邊,台中市西屯區,臺中市西屯區逢福里福上巷170號,24.174798,120.652429,verified,2,0,2026-05-06 17:12:59,2026-05-07 15:58:58,2026-05-27 08:35:22,
1641,楊媽媽素食餐廳,restaurant,🍽️ 餐廳,台中市西屯區,臺中市西屯區逢福里福上巷255弄3-6號,24.174336,120.650167,verified,0,2,2026-05-06 15:28:48,2026-05-07 15:58:58,,
1640,James Wang 美術攝影工作室,park,🍀 公園,台北市大安區,臺北市大安區新龍里建國南路二段69巷52號,25.031128,121.540248,verified,0,4,2026-05-06 12:46:28,2026-05-07 15:58:58,,
1639,易特弘企業股份有限公司,roadside,🪙 路邊,嘉義市西區,竹圍里友孝路192號,23.48493,120.435461,verified,0,0,2026-05-06 12:42:04,2026-05-06 12:42:04,,
1638,頂城市民活動中心,bridge,🌉 橋梁,新北市新店區,新北市新店區頂城里溪州路9號,24.960526,121.533764,verified,0,0,2026-05-06 11:50:03,2026-05-06 11:50:03,,
1637,傑魯汽車隔音/傑魯汽車聲響控制工程,waterside,🎣 水邊,新北市新店區,新北市新店區頂城里溪州路6巷32-2號,24.963072,121.5338,verified,0,0,2026-05-06 11:38:48,2026-05-06 11:38:48,,
1636,永吉里51之62號,bus,🚌 公車站,台南市淵中里,709臺南市安南區淵中里市5鄉道677-615,23.04793,120.169483,verified,0,0,2026-05-06 11:22:55,2026-05-06 11:22:55,,
1635,紅蟳餐廳,supermarket,🍌 超市,彰化縣社頭鄉,彰化縣社頭鄉仁雅村民生路686號,23.895646,120.589071,verified,2,0,2026-05-06 09:18:58,2026-05-07 15:58:58,2026-05-19 11:32:15,
1634,培英國中校內(飛人專用),sushi,🍣 壽司店,新竹市東區,F棟思學樓，教學區開放時間：週一～週五 06:30~07:00、17:30-18:30,24.79380617942882,120.9788403246321,verified,19,5,2026-05-06 04:21:38,2026-05-07 15:58:58,2026-09-13 16:48:57,
1633,地基主祠,park,🍀 公園,嘉義市,嘉義市東區中庄里世賢路一段37號,23.494671,120.449351,verified,0,0,2026-05-06 03:16:59,2026-05-06 03:16:59,,
1632,叡鈦,roadside,🪙 路邊,新北市新店區,新北市新店區復興里民生路55巷8號,24.984397,121.5318,verified,0,0,2026-05-06 00:50:06,2026-05-06 00:50:06,,
1631,,waterside,🎣 水邊,新北市新店區,新北市新店區中山里民生路86巷20號,24.985532,121.530347,verified,2,0,2026-05-06 00:46:37,2026-05-06 00:46:37,2026-07-24 23:59:14,
1630,康保企業公司,cafe,☕ 咖啡店,新北市板橋區,220新北市板橋區東安里漢生東路193巷93號,25.012027,121.4732,verified,7,2,2026-05-05 21:29:50,2026-05-07 15:58:58,2026-08-19 11:45:11,
1629,北勢郵局,postoffice,📮 郵局,台中市沙鹿區,臺中市沙鹿區福興里東晉路253號,24.222804,120.570367,verified,2,1,2026-05-05 12:34:08,2026-05-07 15:58:58,2026-06-15 12:10:18,
1628,亮儷冷飲店,pharmacy,💊 藥局,台南市北區,臺南市北區大港里大興街500號,23.008713,120.181505,verified,4,0,2026-05-05 11:11:34,2026-05-07 15:58:58,2026-09-14 20:21:44,
1627,中正大學社科院,university,🎓 大學/學院,嘉義縣民雄鄉,嘉義縣民雄鄉三興村大學路一段168號,23.560674,120.474433,verified,1,0,2026-05-05 10:09:02,2026-05-07 15:58:58,2026-05-10 12:00:39,
1626,台北客運板橋後站,bus,🚌 公車站,新北市板橋區,新北市板橋區板橋後站,24.994401,121.459787,verified,0,0,2026-05-05 07:34:07,2026-05-07 15:58:58,,
1625,順發3C量販-南投店,electronics,🔋 電器行,南投縣南投市,順發3C量販-南投店往南投縣政府一點點,23.904806,120.692962,verified,7,0,2026-05-05 06:39:23,2026-05-07 15:58:58,2026-09-07 13:01:03,
1624,國道橋下路口,bridge,🌉 橋梁,高雄市鳥松區,本館路往建工路方向 國道1號橋下,22.658101,120.332659,verified,0,0,2026-05-05 06:36:20,2026-05-07 15:58:58,,
1623,鳳山農藝試驗所,forest,🌲 森林,高雄市鳳山區,到警察局都是,22.641409,120.358222,verified,1,0,2026-05-05 06:23:14,2026-05-07 15:58:58,2026-06-22 05:44:17,
1622,小叮噹科學園區,themePark,🎢 主題樂園,新竹縣新豐鄉,傾斜屋附近,24.871629,120.979231,verified,9,1,2026-05-05 05:38:27,2026-05-07 15:58:58,2026-07-17 23:41:16,
1621,鍋中傳奇鍋貼王,bus,🚌 公車站,高雄市前鎮區,高雄市前鎮區仁愛里德昌路160號,22.583029,120.317307,verified,0,0,2026-05-05 05:15:41,2026-05-07 15:58:58,,
1620,田徑場,park,🍀 公園,嘉義縣朴子市,嘉義縣朴子市朴子三路6號,23.456621,120.288287,verified,0,0,2026-05-05 05:13:56,2026-05-07 15:58:58,,
1619,中華電信研究院 網球場,forest,🌲 森林,桃園市,桃園市楊梅區新榮里電研路99號,24.9554851,121.164201,verified,0,0,2026-05-05 05:11:13,2026-05-05 05:11:13,,
1618,波西塔諾義式小館,mexican,🌮 墨西哥餐廳,台中市西區,臺中市西區公平里精誠九街16巷34號,24.151994,120.656637,verified,47,1,2026-05-05 04:12:31,2026-05-07 15:58:58,2026-09-21 05:42:12,
1617,茶馬司繁星旗艦店,restaurant,🍽️ 餐廳,台中市南屯區,臺中市南屯區新生里龍富路四段333號十二樓之5號,24.147183,120.625621,verified,0,0,2026-05-05 03:23:23,2026-05-07 15:58:58,,
1616,阿紅便當,park,🍀 公園,雲林縣四湖鄉,654雲林縣四湖鄉延平北路4號,23.652673,120.157026,verified,1,0,2026-05-05 03:16:53,2026-05-07 15:58:58,2026-05-13 21:16:16,
1615,歡迎蒞臨金山,electronics,🔋 電器行,新北市金山區,新北市金山區金美里6J9R+4C,25.21789098,121.64124526,verified,9,0,2026-05-04 15:48:56,2026-05-07 15:58:58,2026-08-28 08:49:29,
1614,希望公園,park,🍀 公園,花蓮縣吉安鄉,973花蓮縣吉安鄉吉安路二段65號,23.972573,121.562195,verified,0,0,2026-05-04 14:42:51,2026-05-07 15:58:58,,
1613,繽紛吉安對面,hotel,🏨 飯店,花蓮縣吉安鄉,福興五街靠近吉安路三段交叉口,23.96674,121.558728,verified,1,0,2026-05-04 14:38:36,2026-05-07 15:58:58,2026-05-12 13:32:36,
1612,花蓮福星民宿 - Standard Double Room,minimart,🏪 便利商店,花蓮縣吉安鄉,舊村六街靠近福興路交叉口,23.967328,121.562099,verified,0,0,2026-05-04 14:33:32,2026-05-04 14:33:32,,
1611,711茉莉花門市,minimart,🏪 便利商店,彰化縣花壇鄉,彰化縣花壇鄉成功街237號,24.028793,120.540308,verified,0,0,2026-05-04 13:19:50,2026-05-04 13:19:50,,
1610,春芳燒烤羊肉爐,restaurant,🍽️ 餐廳,彰化縣溪湖鎮,彰化縣溪湖鎮大竹里德和街45號,23.955683,120.481676,verified,0,0,2026-05-04 12:46:16,2026-05-07 15:58:58,,
1609,大台中五金百貨黎明店,diy,🔧 五金行,台中市西屯區,臺中市西屯區至善里逢甲路338巷22號,24.174036,120.638296,verified,0,5,2026-05-04 11:30:06,2026-05-07 15:58:58,,
1608,黎安商旅,hotel,🏨 飯店,台中市西屯區,臺中市西屯區西墩里黎明路三段98號五樓之1號,24.174662,120.637681,verified,2,0,2026-05-04 11:19:52,2026-05-07 15:58:58,2026-06-22 16:54:25,
1607,西安公園,park,🍀 公園,台中市西屯區,臺中市西屯區西墩里光明路47-25號,24.174764,120.637766,verified,1,0,2026-05-04 11:13:13,2026-05-07 15:58:58,2026-06-06 05:12:21,
1606,磐田/ 中泉寺,shrine,⛩️ 神社/寺廟,日本靜岡縣磐田市,神社純點,34.709199,137.849743,verified,3,0,2026-05-04 10:56:27,2026-05-04 10:56:27,2026-08-14 05:28:44,
1605,金悦富理容KTV,makeup,💄 化妝品商店,台中市西屯區,臺中市西屯區惠來里惠中路一段2號,24.1636272,120.6456877,verified,1,4,2026-05-04 09:58:46,2026-05-07 15:58:58,2026-05-13 05:01:02,
1604,全聯福利中心Pxmart 麻豆興中後面,sushi,🍣 壽司店,台南市麻豆區,台南市麻豆區興中路250巷,23.183049,120.258853,verified,2,7,2026-05-04 08:44:31,2026-05-07 15:58:58,2026-06-09 14:48:14,
1603,彰化地方檢察署汽車停車場,waterside,🎣 水邊,彰化縣員林鎮,彰化縣員林市員林大道二段100號,23.94852,120.578339,verified,0,0,2026-05-04 06:47:21,2026-05-07 15:58:58,,
1602,辰淵二十張路停車場,roadside,🪙 路邊,新北市新店區,新北市新店區復興里中正路441-8號,24.980625,121.533759,verified,0,0,2026-05-04 04:52:03,2026-05-04 04:52:03,,
1601,7-ELEVEN 四圍門市,hotel,🏨 飯店,嘉義市西區,嘉義市西區福安里四維路269號,23.486285,120.427146,verified,3,0,2026-05-04 02:16:45,2026-05-07 15:58:58,2026-08-28 18:06:55,
1600,華華皮件,park,🍀 公園,新北市新店區,靠調查局這一側,24.970795,121.538684,verified,0,1,2026-05-04 02:05:27,2026-05-04 02:05:27,,
1599,台大翻譯社,park,🍀 公園,新北市新店區,新北市新店區中正里中正路247巷45號,24.971896,121.538147,verified,1,0,2026-05-04 01:54:34,2026-05-04 01:54:34,2026-06-07 17:36:36,
1598,雅鈺國際有限公司,roadside,🪙 路邊,新北市新店區,新北市新店區中華里三民路75巷9弄1號三樓號,24.970295,121.535343,verified,0,0,2026-05-04 01:43:28,2026-05-04 01:43:28,,
1597,Woof n Wuff 寵物膳厨,bridge,🌉 橋梁,新北市新店區,新北市新店區百福里三民路117巷8弄24號,24.971444,121.53326,verified,0,0,2026-05-04 01:37:42,2026-05-04 01:37:42,,
1596,舒婷美髮屋,supermarket,🍌 超市,新北市新店區,新北市新店區百福里三民路143巷26號,24.971787,121.53344,verified,1,0,2026-05-04 01:34:01,2026-05-04 01:34:01,2026-07-20 17:47:42,
1595,諸野竹木構專門,park,🍀 公園,新北市新店區,新北市新店區福民里福園街10巷1號,24.972835,121.532719,verified,2,0,2026-05-04 01:27:38,2026-05-04 01:27:38,2026-06-20 17:55:16,
1594,新店寶社區,forest,🌲 森林,新北市新店區,新北市新店區中山里央北二路65號二樓號,24.977169,121.53055,verified,0,0,2026-05-04 01:13:41,2026-05-04 01:13:41,,
1593,央北鑫建築社區,roadside,🪙 路邊,新北市新店區,新北市新店區中山里中央路78巷64號,24.978877,121.530841,verified,1,0,2026-05-04 01:06:06,2026-05-04 01:06:06,2026-08-24 14:30:03,
1592,YouBike微笑單車 2.0: 順德街(御中央3社區),park,🍀 公園,新北市新店區,新北市新店區中山里順德街171號二樓號,24.97932,121.530059,verified,1,0,2026-05-04 01:04:19,2026-05-04 01:04:19,2026-06-07 17:43:55,
1591,宏普GARDEN PARK社區,park,🍀 公園,新北市新店區,新北市新店區中山里文記街50號四樓號,24.980559,121.528133,verified,1,0,2026-05-04 00:59:32,2026-05-04 00:59:32,2026-06-07 17:46:20,
1590,華固央北,forest,🌲 森林,新北市新店區,新北市新店區中山里中山路141號,24.980775,121.525482,verified,0,0,2026-05-04 00:50:37,2026-05-04 00:50:37,,
1589,男男宿舍交誼廳,roadside,🪙 路邊,新北市新店區,新北市新店區中山里央北二路305號,24.980853,121.524939,verified,0,0,2026-05-04 00:49:22,2026-05-04 00:49:22,,
1588,十四張斯馨祠(臨時行宮),bridge,🌉 橋梁,新北市新店區,新北市新店區中山里民生路126號,24.982734,121.529919,verified,0,0,2026-05-04 00:34:41,2026-05-04 00:34:41,,
1587,台灣奧野股份有限公司,roadside,🪙 路邊,新北市新店區,新北市新店區復興里民生路280號,24.983115,121.532236,verified,1,0,2026-05-04 00:28:10,2026-05-04 00:28:10,2026-09-19 16:38:53,
1586,矽谷溫泉會館 New Taipei Hot Spring Hotel,postoffice,📮 郵局,新北市新店區,新北市新店區復興里民生路75巷36號,24.98271,121.532324,verified,1,1,2026-05-04 00:24:18,2026-05-04 00:24:18,2026-09-02 11:31:07,
1585,新竹聖玄宮金母會館,bridge,🌉 橋梁,新竹縣,公道路東科路口,24.786786,121.031031,verified,0,0,2026-05-03 23:13:43,2026-05-03 23:13:43,,
1584,奇美五金行,diy,🔧 五金行,南投縣竹山鎮,南投縣竹山鎮竹山路183號,23.754074,120.682761,verified,1,0,2026-05-03 16:58:24,2026-05-07 15:58:58,2026-06-19 16:01:17,
1583,竹山寶島肉圓,restaurant,🍽️ 餐廳,南投縣竹山鎮,南投縣竹山鎮菜園路23-1號,23.753946,120.683826,verified,0,0,2026-05-03 16:50:15,2026-05-07 15:58:58,,
1582,龍潭體育園區棒壘球場,airport,✈️ 機場,桃園市龍潭區,外圍的跑步的步道,24.854464,121.232513,verified,5,0,2026-05-03 14:21:34,2026-05-07 15:58:58,2026-08-30 07:06:43,
1581,頂魚寮公園公車站,bus,🚌 公車站,台中市梧棲區,臺中市梧棲區頂寮里大仁路二段351號十樓號,24.263375,120.534384,verified,0,0,2026-05-03 14:19:30,2026-05-07 15:58:58,,
1580,華南路一段41號,bakery,🥖 麵包店,桃園市龍潭區,六層樓大樓轉角，華南路一段41號路牌下,24.869295,121.216141,verified,2,0,2026-05-03 13:55:19,2026-05-07 15:58:58,2026-08-21 11:16:09,
1579,瀅瀅歡唱城,sushi,🍣 壽司店,苗栗縣,苗栗縣頭份市後庄里公北一路80號,24.6917012,120.8921348,verified,1,0,2026-05-03 12:35:16,2026-05-03 12:35:16,2026-06-17 13:51:05,
1578,路邊,roadside,🪙 路邊,高雄市小港區,高雄市小港區山明里北林路10之1號,22.558956,120.372341,verified,0,0,2026-05-03 12:29:29,2026-05-07 15:58:58,,
1577,大呼過癮和全家中間,minimart,🏪 便利商店,新北市板橋區,新北市板橋區華中里僑中一街124巷11弄1號,25.012847,121.445927,verified,0,0,2026-05-03 10:11:24,2026-05-07 15:58:58,,
1576,景華山莊,forest,🌲 森林,台北市文山區,臺北市文山區景東里景華街128巷80號四樓號,24.993923,121.547701,verified,1,0,2026-05-03 09:55:43,2026-05-07 15:58:58,2026-05-30 01:28:41,
1575,台61線附近,beach,🐚 海灘,彰化縣伸港鄉,不要靠近嬉濱公園，會是貝殼純點,24.1581187,120.4596849,verified,0,1,2026-05-03 09:23:19,2026-05-07 15:58:58,,
1574,7-11彰強門市,minimart,🏪 便利商店,彰化縣彰化市,7-11彰強門市,24.087098,120.535513,verified,0,0,2026-05-03 08:05:30,2026-05-07 15:58:58,,
1573,國家一號院公共區域,curry,🍛 咖哩餐廳,新北市林口區,林口區中山路532號,25.084377,121.379366,verified,12,2,2026-05-03 07:59:17,2026-05-07 15:58:58,2026-09-20 08:06:49,
1572,福園三期納骨樓,forest,🌲 森林,宜蘭縣員山鄉,264宜蘭縣員山鄉蜊埤路27號,24.754332,121.700567,verified,0,0,2026-05-03 07:57:14,2026-05-07 15:58:58,,
1571,盟友世家,ramen,🍜 拉麵店,台中市南屯區,臺中市南屯區大興里文心南三路120巷28-2號,24.134048,120.651954,verified,0,0,2026-05-03 07:51:43,2026-05-03 07:51:43,,
1570,咖啡純點 在1號正對面沒門牌的房子,cafe,☕ 咖啡店,彰化縣彰化市,彰化市自強路109巷2號,24.090144,120.540983,verified,1,1,2026-05-03 07:48:37,2026-05-07 15:58:58,2026-05-28 00:30:48,
1569,楠梓區公所（慈雲寺）,bus,🚌 公車站,高雄市楠梓區,慈雲寺前公車亭,22.7301931,120.3271141,verified,0,0,2026-05-03 07:45:11,2026-05-07 15:58:58,,
1568,永泰街22號對面,waterside,🎣 水邊,彰化縣彰化市,彰化市永泰街22號對面,24.089488,120.545891,verified,0,0,2026-05-03 07:35:53,2026-05-07 15:58:58,,
1567,富友數位印刷科技有限公司,pharmacy,💊 藥局,南投縣草屯鎮,南投縣草屯鎮新豐里稻香路76號,24.0002569,120.675647,verified,6,0,2026-05-03 07:30:37,2026-05-03 07:30:37,2026-08-09 10:50:49,
1566,金馬停車場,park,🍀 公園,彰化縣彰化市,彰化市泰安二街228號對面停車場,24.093348,120.545977,verified,1,0,2026-05-03 07:27:31,2026-05-07 15:58:58,2026-05-21 11:07:10,
1565,家樂福後方小巷,supermarket,🍌 超市,彰化縣彰化市,彰化市茄南街86號旁空地,24.093258,120.543756,verified,0,0,2026-05-03 07:23:22,2026-05-07 15:58:58,,
1564,高餐附近.小橋,waterside,🎣 水邊,高雄市小港區,高雄市小港區山明里博學路2號,22.5588208,120.3708703,verified,2,0,2026-05-03 06:55:36,2026-05-07 15:58:58,2026-08-02 22:50:15,
1562,向善園,minimart,🏪 便利商店,台中市全區,臺中市西區公正里大昌街222號,24.146351,120.652257,verified,0,1,2026-05-03 05:52:05,2026-05-03 05:52:05,,
1561,拖鞋王,park,🍀 公園,桃園市,牽手咖啡廳,24.982845,121.252347,verified,0,1,2026-05-03 05:40:51,2026-05-03 05:40:51,,
1560,Tesla Supercharger,forest,🌲 森林,新竹縣,湖口休息站（北上）男廁,24.862076,121.012538,verified,0,0,2026-05-03 04:57:20,2026-05-03 04:57:20,,
1559,花蓮縣消防局第一大隊暨花蓮消防分隊,curry,🍛 咖哩餐廳,花蓮縣花蓮市,花蓮縣花蓮市國風街21巷66號,23.9765124,121.5960222,verified,0,2,2026-05-03 02:11:50,2026-05-07 15:58:58,,
1558,一五一絲綢織品有限公司,restaurant,🍽️ 餐廳,台中市,西屯成功路口,24.148096,120.674093,verified,0,0,2026-05-03 01:26:23,2026-05-03 01:26:23,,
1557,瑞穗國小體育館,stadium,🏟️ 體育館,台中市豐原區,臺中市豐原區西安街147號YouBike 2.0 / 2.0E附近,24.249253,120.710954,verified,1,0,2026-05-02 17:38:21,2026-05-07 15:58:58,2026-09-20 05:33:07,
1556,六合北路,mountain,⛰️ 山丘,南投縣埔里鎮,南投縣埔里鎮北安里六合北街34號,23.973143,120.977012,verified,5,0,2026-05-02 15:31:03,2026-05-07 15:58:58,2026-07-13 13:52:46,
1555,蕭壟文化園區,artgallery,🎨 美術館,台南市佳里區,臺南市佳里區六安里六合街130號,23.173559,120.178554,verified,2,3,2026-05-02 14:53:13,2026-05-07 15:58:58,2026-09-15 08:35:29,
1554,富昌街,bridge,🌉 橋梁,桃園市蘆竹區,桃園市蘆竹區蘆竹里富國路二段228-1號,25.0544877,121.2639617,verified,0,0,2026-05-02 14:15:32,2026-05-07 15:58:58,,
1553,尊賞社區,diy,🔧 五金行,桃園市桃園區,在靠近尊賞社區那邊的馬路 要前後走一下,25.0229372,121.2914929,verified,0,0,2026-05-02 13:55:24,2026-05-02 13:55:24,,
1551,曹公舊圳,waterside,🎣 水邊,高雄市大寮區,"之2號, No. 46民揚路後庄里大寮區高雄市台灣 831",22.63652,120.388284,verified,0,0,2026-05-02 12:48:08,2026-05-07 15:58:58,,
1550,九如交流道,bridge,🌉 橋梁,高雄市三民區,高雄市三民區縱貫公路237號,22.637197,120.337177,verified,0,0,2026-05-02 11:46:07,2026-05-07 15:58:58,,
1549,佶佑實業有限公司,clothesstore,👗 服飾店,彰化縣埔心鄉,彰化縣埔心鄉南昌北路303號,23.967114,120.536757,verified,0,1,2026-05-02 10:51:24,2026-05-07 15:58:58,,
1548,擬餌,waterside,🎣 水邊,澎湖縣西嶼鄉,澎湖縣西嶼鄉內垵北站,23.574419,119.50153,verified,0,0,2026-05-02 09:55:08,2026-05-07 15:58:58,,
1547,天空步道,forest,🌲 森林,苗栗縣通霄鎮,天空步道的展望台前後,24.45852,120.7543,verified,0,0,2026-05-02 08:45:08,2026-05-07 15:58:58,,
1546,中華路,ramen,🍜 拉麵店,台南市新營區,台南市新營區中華路54號附近,23.30482,120.311937,verified,0,0,2026-05-02 08:19:40,2026-05-07 15:58:58,,
1545,水樂活親子農場,waterside,🎣 水邊,桃園市中壢區,桃園市中壢區福達路二段,24.983999,121.165428,verified,0,0,2026-05-02 08:03:42,2026-05-07 15:58:58,,
1544,嘉義市政府停車場,ramen,🍜 拉麵店,嘉義市東區,坡道下來人行道,23.481056,120.45389,verified,1,0,2026-05-02 07:31:15,2026-05-07 15:58:58,2026-06-01 22:55:51,
1543,每得科技有限公司,clothesstore,👗 服飾店,桃園市龜山區,文七五街,25.052789,121.36184,verified,11,0,2026-05-02 05:04:08,2026-05-02 07:11:58,2026-07-16 10:23:02,
1542,空軍第五戰術混合聯隊（041站台！）,airport,✈️ 機場,花蓮縣,花蓮空軍基地門口,24.016403,121.623219,verified,14,0,2026-05-02 04:46:30,2026-05-02 07:11:58,2026-06-20 13:49:25,
1541,祝您行車平安 普悠瑪部落橋,park,🍀 公園,台東縣台東市,臺東縣臺東市岩灣里文昌路151號,22.791367,121.122465,verified,3,1,2026-05-02 03:14:42,2026-05-02 07:11:58,2026-05-16 18:58:57,
1540,台東車站室外機車停車場,park,🍀 公園,台東市岩灣區,臺東縣臺東市岩灣里新站路217號,22.793801,121.12445,verified,0,0,2026-05-02 03:07:55,2026-05-02 03:07:55,,
1539,台東火車站前雕像-我愛台東,hotel,🏨 飯店,台東縣台東市,臺東縣臺東市岩灣里新站路217號,22.793592,121.124693,verified,0,0,2026-05-02 03:07:01,2026-05-02 07:11:58,,
1538,高雄橋頭新市鎮郵局,postoffice,📮 郵局,高雄市橋頭區,高雄市橋頭區新莊里經武路911號,22.7379182,120.3053955,verified,4,0,2026-05-02 00:47:08,2026-05-02 07:11:58,2026-05-24 13:54:45,
1537,魔手,minimart,🏪 便利商店,嘉義縣民雄鄉,民雄髮廊，豬小妹對面,23.5564047,120.4254995,verified,1,0,2026-05-01 18:32:52,2026-05-02 07:11:58,2026-05-02 19:30:02,
1536,藍盤子,cafe,☕ 咖啡店,嘉義縣民雄鄉,嘉義縣民雄鄉保生街86號,23.55346723,120.4281505,verified,0,4,2026-05-01 18:27:14,2026-05-02 07:11:58,,
1534,Fan House,italian,🍕 義式餐廳,新竹縣芎林鄉,新竹縣芎林鄉富林路三段(好客加油站對面),24.7756814,121.0731303,verified,13,1,2026-05-01 16:13:55,2026-05-02 07:11:58,2026-09-13 06:15:30,
1533,全聯高雄鳳林店,supermarket,🍌 超市,高雄市林園區,高雄市林園區林園里鳳林路二段37號,22.5079698,120.3961588,verified,4,2,2026-05-01 13:22:04,2026-05-02 07:11:58,2026-05-27 01:08:07,
1532,茄苳坑,bus,🚌 公車站,台南市新化區,臺南市新化區25,23.0360942,120.355873,verified,1,0,2026-05-01 12:10:31,2026-05-02 07:11:58,2026-07-08 16:22:57,
1531,大甲船頭埔（西濱快速道路旁）,bridge,🌉 橋梁,台中市大甲區,台中市大甲區順帆路121巷16-5號,24.423461,120.620231,verified,0,0,2026-05-01 11:22:40,2026-05-01 11:22:40,,
1530,正德洗衣店(店門口轉角）,laundry,👕 自助洗衣店,台南市南區,台南市南區建南路176號,22.59067,120.11175,verified,1,1,2026-05-01 09:17:10,2026-05-01 09:17:10,2026-05-02 10:43:14,
1529,中原大學理學大樓,university,🎓 大學/學院,桃園市中壢區,桃園市中壢區普忠里中北路200號,24.957319,121.242277,verified,3,1,2026-05-01 08:53:56,2026-05-02 07:11:58,2026-05-13 19:44:35,
1528,觀音新興公園（66橋下、附有籃球場）,bridge,🌉 橋梁,桃園市觀音區,桃園市觀音區東西向快速公路觀音大溪線觀音新興公園（66橋下、附有籃球場）,25.0052,121.093028,verified,2,1,2026-05-01 08:15:22,2026-05-13 08:33:23,2026-09-10 08:44:16,
1527,福宏工程有限公司,bus,🚌 公車站,台北市南港區,臺北市南港區聯成里東新街89巷1弄19號三樓號,25.04739,121.589637,verified,0,0,2026-05-01 08:11:33,2026-05-02 07:11:58,,
1526,聖馬爾定護理之家,university,🎓 大學/學院,嘉義市東區,芳安路,23.468424,120.463092,verified,0,0,2026-05-01 07:59:42,2026-05-02 07:11:58,,
1525,Gloria Music,roadside,🪙 路邊,台北市南港區,臺北市南港區聯成里忠孝東路六段278巷35弄19號三樓號,25.04808,121.590386,verified,1,1,2026-05-01 07:50:12,2026-05-02 07:11:58,2026-05-23 06:11:10,
1524,Gloria Music,restaurant,🍽️ 餐廳,台北市南港區,臺北市南港區聯成里忠孝東路六段278巷35弄9號,25.048219,121.59018,verified,4,1,2026-05-01 07:45:40,2026-05-01 07:45:40,2026-06-16 10:57:01,
1523,喵來喵去,clothesstore,👗 服飾店,宜蘭縣宜蘭市,宜蘭縣宜蘭市農權路三段200號,24.750407,121.737949,verified,4,0,2026-05-01 05:30:13,2026-05-02 07:11:58,2026-05-18 11:05:43,
1522,日本京都伏見區,shrine,⛩️ 神社/寺廟,日本京都市伏見區,日本京都伏見區,34.972938,135.772709,verified,4,0,2026-05-01 04:47:27,2026-05-01 04:47:27,2026-08-06 02:46:25,
1521,轉角豬頭肉麵店,park,🍀 公園,新竹縣關西鎮,新竹縣關西鎮大德街190號,24.787688,121.183106,verified,3,0,2026-05-01 04:37:15,2026-05-02 07:11:58,2026-05-16 18:53:42,
1520,台灣中油苑裡站（直營&自助）,clothesstore,👗 服飾店,苗栗縣苑裡鎮,苗栗縣苑裡鎮客庄里中山路19號,24.439193,120.6497104,verified,1,0,2026-05-01 04:28:34,2026-05-01 04:28:34,2026-06-11 22:00:54,
1519,久山里廚房,ramen,🍜 拉麵店,嘉義市東區,嘉義市東區安和街129號附近,23.480104,120.45794,verified,0,4,2026-05-01 03:19:09,2026-05-02 07:11:58,,
1518,台東生活美學館對面,ramen,🍜 拉麵店,台東縣台東市,臺東縣臺東市文化里中山路268號,22.755657,121.150838,verified,0,0,2026-05-01 02:57:41,2026-05-02 07:11:58,,
1517,優弋捷自動化機械有限公司,minimart,🏪 便利商店,台南市總安街一段146巷85弄42號,臺南市安南區安順里市4鄉道48號,23.05071,120.217938,verified,0,0,2026-04-30 18:07:54,2026-04-30 18:07:54,,
1516,基隆港務警察總隊老碼頭中隊,beach,🐚 海灘,基隆市,3基隆市中山區中山二路66號,25.139637,121.74008,verified,0,3,2026-04-30 13:57:01,2026-05-02 07:11:58,,
1515,清泰公園,park,🍀 公園,高雄市楠梓區,公園靠近清豐路,22.737912,120.326182,verified,0,0,2026-04-30 13:18:52,2026-05-02 07:11:58,,
1514,臺中靈聖宮,roadside,🪙 路邊,台中市北區,臺中市北區中正里中山路429巷6號,24.145419,120.673743,verified,2,0,2026-04-30 08:44:30,2026-05-02 07:11:58,2026-07-20 11:23:57,
1513,大排檔居酒屋（林口店）,park,🍀 公園,桃園市龜山區,桃園市龜山區文化里復興三路86-1號,25.051328,121.372713,verified,0,0,2026-04-30 01:46:06,2026-04-30 01:46:06,,
1512,小確幸海灘,beach,🐚 海灘,嘉義縣布袋鎮,台灣嘉義縣布袋鎮岑海里,23.3847374,120.1523269,verified,9,1,2026-04-29 17:01:34,2026-04-30 12:43:17,2026-08-16 07:43:51,
1511,景興國小旁,forest,🌲 森林,台北市文山區,臺北市文山區興安里景華街176巷6弄55號,24.995734,121.549388,verified,3,0,2026-04-29 10:35:33,2026-05-07 15:58:58,2026-06-19 16:17:49,
1510,景興國小旁,bus,🚌 公車站,台北市文山區,臺北市文山區興安里景華街176巷6弄55號,24.995734,121.549388,verified,0,0,2026-04-29 10:34:23,2026-05-07 15:58:58,,
1509,SUM優質車商/保修聯盟-誠大汽車|保養廠|修理廠,supermarket,🍌 超市,花蓮縣吉安鄉,南埔八街,23.9664661,121.588112,verified,3,0,2026-04-29 09:51:35,2026-05-02 07:11:58,2026-07-24 13:38:22,
1508,鹿草國小,waterside,🎣 水邊,嘉義縣鹿草鄉,嘉義縣鹿草鄉長壽路269巷6號,23.411881,120.307619,verified,2,1,2026-04-29 08:17:36,2026-04-30 12:43:17,2026-05-02 03:12:24,
1507,"浩羽工程有限公司 HaoYu Engineering Co.,Ltd.",bus,🚌 公車站,新北市土城區,日月光外面 在大草皮旁邊,24.979803,121.44426,verified,1,0,2026-04-29 06:27:54,2026-05-02 07:11:58,2026-05-02 23:35:24,
1506,勞工補給站,library,📚 圖書館/書店,桃園市觀音區,桃園市觀音區九如街,25.042605,121.142179,verified,0,0,2026-04-29 04:11:54,2026-05-02 07:11:58,,
1505,三峽機廠,bridge,🌉 橋梁,新北市三峽區,新北市三峽區龍埔里龍埔路179號,24.938503,121.387514,verified,0,0,2026-04-29 03:38:57,2026-04-29 03:38:57,,
1504,半線香草莊園 (前面排水溝滿長一段),waterside,🎣 水邊,彰化縣社頭鄉,(前面排水溝滿長一段,23.90399657286736,120.59056288512181,verified,0,0,2026-04-29 01:34:10,2026-05-02 07:11:58,,
1503,台糖加油站 仁德站(中油.自助）,forest,🌲 森林,台南市,臺南市仁德區仁愛里大同路三段525號,22.950511,120.218628,verified,1,0,2026-04-28 17:17:57,2026-04-28 17:17:57,2026-09-10 02:08:42,
1502,全貿汽車美容,park,🍀 公園,台南市南區,臺南市南區大忠里中華南路一段53號,22.97192997459967,120.21350846789724,verified,1,0,2026-04-28 17:09:08,2026-04-28 17:09:08,2026-06-25 18:00:33,
1501,幸福館蔬食,curry,🍛 咖哩餐廳,台南市安南區,臺南市安南區溪心里海佃路三段16號,23.047506,120.183763,verified,0,3,2026-04-28 15:12:49,2026-04-28 15:12:49,,
1500,開車停住家前等紅綠燈時探測到,ramen,🍜 拉麵店,花蓮縣,富強路264號,23.9995662,121.5996261,verified,0,0,2026-04-28 14:43:44,2026-05-02 07:11:58,,
1499,7-ELEVEn 八德捷安門市,clothesstore,👗 服飾店,桃園市八德區,334桃園市八德區興豐路635號 1號1樓樓2樓637,24.9310281,121.2950291,verified,4,0,2026-04-28 14:40:33,2026-05-02 07:11:58,2026-06-06 12:14:27,
1498,順天建設 MR.L 接待中心,ramen,🍜 拉麵店,台中市南屯區,臺中市南屯區豐樂里文心南七路206號,24.1294797,120.6481735,verified,3,0,2026-04-28 14:37:14,2026-05-02 07:11:58,2026-06-10 14:15:13,
1497,永和豆漿,minimart,🏪 便利商店,台中市大里區,臺中市大里區內新里益民路一段93號,24.1088739,120.6937646,verified,0,0,2026-04-28 14:32:54,2026-05-02 07:11:58,,
1496,浮洲運動公園,park,🍀 公園,新北市板橋區,僑中一街80巷,25.013498,121.448242,verified,1,0,2026-04-28 14:26:03,2026-05-02 07:11:58,2026-05-07 10:46:13,
1495,呷紅茶永靖永福店,artgallery,🎨 美術館,彰化縣永靖鄉永福路一段85號,彰化縣永靖鄉永南村永福路一段85號,23.9200914,120.5403014,verified,2,2,2026-04-28 14:01:38,2026-05-02 07:11:58,2026-06-08 11:39:39,
1494,來來釣具附近,postoffice,📮 郵局,南投縣草屯鎮,南投縣草屯鎮博愛路,23.985481,120.6840443,verified,3,1,2026-04-28 13:15:45,2026-05-02 07:11:58,2026-06-10 18:35:50,
1493,中華國中校門口,italian,🍕 義式餐廳,宜蘭縣宜蘭市,宜蘭縣宜蘭市黎明里宜19鄉道406號,24.749775,121.767884,verified,3,0,2026-04-28 11:37:05,2026-05-02 07:11:58,2026-09-17 17:41:56,
1492,立碁電子集團,bus,🚌 公車站,新北市樹林區,新北市樹林區水源街,24.986327,121.423751,verified,0,0,2026-04-28 11:19:21,2026-05-02 07:11:58,,
1491,長溪路一段168巷,bus,🚌 公車站,台南市長溪路,長溪路一段168巷轉角,23.0367218,120.2097426,verified,0,1,2026-04-28 10:25:51,2026-05-02 07:11:58,,
1490,林口三井二館旁停車場,mountain,⛰️ 山丘,新北市林口區,244新北市林口區,25.068848759401362,121.3642157344581,verified,0,3,2026-04-28 09:55:58,2026-05-02 07:11:58,,
1489,名野日本料理附近,sushi,🍣 壽司店,彰化縣彰化市,平等街、精華街口,24.070659221742318,120.52744784077436,verified,9,0,2026-04-28 08:36:35,2026-05-02 07:11:58,2026-09-18 16:26:36,
1488,江川公園,park,🍀 公園,台中市南區,臺中市南區江川里建成路1713巷11-1號,24.125704,120.672814,verified,1,0,2026-04-28 08:13:35,2026-05-02 07:11:58,2026-05-29 06:46:41,
1487,7-11建成門市,minimart,🏪 便利商店,台中市南區,臺中市南區江川里建成路1713巷160號,24.125689,120.672952,verified,0,1,2026-04-28 08:10:53,2026-05-02 07:11:58,,
1486,彰化市納骨塔,forest,🌲 森林,彰化縣彰化市,彰化縣彰化市延和里英士路8巷29號,24.0569545,120.5465747,verified,0,0,2026-04-28 07:56:15,2026-05-02 07:11:58,,
1485,愛心公園,park,🍀 公園,台中市南區,臺中市南區江川里五權南路100號,24.128466,120.67076,verified,0,0,2026-04-28 07:51:48,2026-05-02 07:11:58,,
1484,五峰旗下,forest,🌲 森林,宜蘭縣礁溪鄉,宜蘭縣礁溪鄉大忠村五峰路41號,24.827113,121.759854,verified,1,0,2026-04-28 07:04:43,2026-05-02 07:11:58,2026-09-07 07:35:57,
1483,柏綸股份有限公司,themePark,🎢 主題樂園,雲林縣虎尾鎮,路邊,23.726815,120.497531,verified,2,0,2026-04-28 05:41:03,2026-05-02 07:11:58,2026-07-17 23:42:13,
1482,清心福全,cafe,☕ 咖啡店,彰化縣花壇鄉,彰化縣花壇鄉中山路二段20號,24.026042,120.539477,verified,2,0,2026-04-28 05:28:21,2026-05-02 07:11:58,2026-08-15 15:37:46,
1481,台南市歸仁區圖書館,library,📚 圖書館/書店,台南市歸仁區,臺南市歸仁區歸仁里大德路127號,22.9720895,120.2975286,verified,2,0,2026-04-28 01:49:10,2026-05-02 07:11:58,2026-06-27 23:24:09,
1480,滿香園雞肉飯,restaurant,🍽️ 餐廳,台南市歸仁區,臺南市歸仁區歸仁里信義北路120號,22.969925,120.2973818,verified,1,0,2026-04-28 01:45:35,2026-05-02 07:11:58,2026-05-07 06:41:35,
1479,,park,🍀 公園,桃園市大溪區,瑞興濕地公園,24.9009576,121.2938114,verified,1,0,2026-04-27 18:31:07,2026-05-02 07:11:58,2026-06-15 08:21:38,
1478,下崁,bus,🚌 公車站,桃園市大溪區,桃園客運5101下崁站,24.9064484,121.2950331,verified,0,0,2026-04-27 18:29:25,2026-05-02 07:11:58,,
1477,大溪韭菜花田,roadside,🪙 路邊,桃園市大溪區,大鶯路407號至456號路段,24.9053129,121.2941916,verified,0,0,2026-04-27 18:27:33,2026-05-02 07:11:58,,
1476,蘆竹區,laundry,👕 自助洗衣店,桃園市,蘆竹區,25.046724,121.29181,verified,0,8,2026-04-27 17:17:48,2026-05-02 07:11:58,,
1475,國畫行,artgallery,🎨 美術館,台中市東區,振興路264號,24.131927,120.701187,verified,14,3,2026-04-27 14:57:09,2026-05-02 07:11:58,2026-08-30 17:20:31,
1474,堯記雞排,supermarket,🍌 超市,苗栗縣竹南鎮,350苗栗縣竹南鎮仁愛路1036號,24.7103491,120.8939681,verified,4,0,2026-04-27 11:26:22,2026-05-02 07:11:58,2026-05-23 08:55:56,
1473,慈濟花蓮靜思堂,bus,🚌 公車站,花蓮縣花蓮市,花蓮縣花蓮市國慶里中央路三段703號,23.994563,121.591821,verified,0,0,2026-04-27 11:25:42,2026-05-02 07:11:58,,
1472,祝興種豬場,forest,🌲 森林,高雄市岡山,820高雄市岡山區致遠路86號附近,22.7965911,120.2700618,verified,1,0,2026-04-27 10:49:36,2026-05-02 07:11:58,2026-05-04 17:47:25,
1471,和美鎮咖啡純點,cafe,☕ 咖啡店,彰化縣和美鎮,和美鎮美寮路85度C,24.108303,120.527934,verified,1,0,2026-04-27 10:12:06,2026-05-02 07:11:58,2026-06-06 06:51:26,
1470,萊雅髮型美容設計名店,ramen,🍜 拉麵店,台中市北區,臺中市北區健行里華貴街2號四樓之2號,24.160635,120.666331,verified,1,0,2026-04-27 09:15:20,2026-05-02 07:11:58,2026-06-25 18:00:07,
1469,台灣中油 建發龍井交流道加油站(加盟),forest,🌲 森林,台中市龍井區,臺中市龍井區新庄里向上路六段637號,24.185829,120.573688,verified,0,0,2026-04-27 08:51:29,2026-05-02 07:11:58,,
1468,三元宮,bus,🚌 公車站,台中市清水區,436臺中市清水區頂三庄路77號,24.290917,120.61359,verified,1,0,2026-04-27 08:48:11,2026-05-02 07:11:58,2026-05-17 01:12:06,
1467,道恩天宮,waterside,🎣 水邊,桃園市新屋區,新屋區中華南路一段,24.9617249,121.113584,verified,0,0,2026-04-27 07:37:08,2026-05-02 07:11:58,,
1466,彰化市咖啡純點,cafe,☕ 咖啡店,彰化縣彰化市,彰化交流道 50嵐中華西店附近,24.067734,120.525639,verified,2,0,2026-04-27 06:07:26,2026-05-02 07:11:58,2026-05-06 10:21:04,
1465,福天宮,electronics,🔋 電器行,雲林縣莿桐鄉,福天宮,23.769514,120.504806,verified,3,0,2026-04-27 05:48:56,2026-05-02 07:11:58,2026-09-03 15:02:31,
1464,甘丹現炸地瓜球（大灣路邊攤）,minimart,🏪 便利商店,台南市永康區,臺南市永康區北灣里大灣路51巷11號,23.0119095,120.2711625,verified,0,0,2026-04-27 05:03:24,2026-04-27 05:03:24,,
1463,中興大學資訊科學大樓,university,🎓 大學/學院,台中市南區,臺中市南區積善里興大路145號糧 作 所 B1-1F,24.121318,120.676874,verified,1,0,2026-04-27 04:18:49,2026-05-02 07:11:58,2026-05-17 01:20:36,
1462,男機組手機維修/主板/泡水/摔機/平板/門號續約攜碼/配件/快速維修/安卓蘋果/新機中古機買賣,makeup,💄 化妝品商店,屏東縣新園鄉,屏東縣新園鄉仙吉村興農路11號,22.5340999,120.4605469,verified,7,0,2026-04-27 03:56:05,2026-04-27 03:56:05,2026-08-12 13:06:39,
1461,MICHELIN,park,🍀 公園,台南市永康區,臺南市永康區西灣里大勇路62巷30弄14號,23.0082066,120.2616819,verified,0,0,2026-04-27 03:29:03,2026-04-27 03:29:03,,
1460,南勢角黃昏市場,supermarket,🍌 超市,新北市中和區,新北市中和區和平街,24.991935,121.5061739,verified,1,4,2026-04-27 00:40:51,2026-05-02 07:11:58,2026-05-08 13:51:21,
1459,全聯附近,supermarket,🍌 超市,屏東縣鹽埔鄉,屏東縣鹽埔鄉新二村維新路42之1號,22.7370168,120.5532541,verified,1,0,2026-04-26 22:44:01,2026-05-02 07:11:58,2026-05-15 16:16:12,
1458,開源街靠近北平二街,bus,🚌 公車站,高雄市三民區,開源街靠近北平二街,22.650282,120.300907,verified,0,0,2026-04-26 17:08:42,2026-05-02 07:11:58,,
1457,彰化銀行對面,bus,🚌 公車站,高雄市三民區,銀行對面，九如路往車站方向,22.640584,120.313114,verified,0,0,2026-04-26 17:06:47,2026-05-02 07:11:58,,
1456,Uniqlo桃園青埔店試衣間,clothesstore,👗 服飾店,桃園市中壢區,桃園市中壢區青心路320號/試衣間裡面，髮圈純點,25.0138479,121.2181332,verified,8,0,2026-04-26 16:39:33,2026-05-02 07:11:58,2026-09-19 10:46:23,
1455,晴耕雨讀小書院,library,📚 圖書館/書店,桃園市龍潭區,325桃園市龍潭區福龍路二段169巷181弄30衖90號,24.8919812,121.2273465,verified,1,0,2026-04-26 16:32:51,2026-05-02 07:11:58,2026-05-18 12:54:23,
1454,民享路和民享二街交叉口,clothesstore,👗 服飾店,台中市清水區,臺中市清水區秀水里民享二街34號,24.2742141,120.5614952,verified,2,0,2026-04-26 15:29:42,2026-05-02 07:11:58,2026-05-19 17:41:32,
1453,法國麵包純點,bakery,🥖 麵包店,台中市清水區,臺中市清水區秀水里民享路38號,24.2740689,120.5625077,verified,5,0,2026-04-26 15:25:47,2026-05-02 07:11:58,2026-09-17 15:18:43,
1452,社南里活動中心,roadside,🪙 路邊,高雄市路竹區,路竹區智仁街123號,22.8604266,120.2631186,verified,1,0,2026-04-26 15:13:33,2026-05-02 07:11:58,2026-05-02 09:38:29,
1451,童畫心,park,🍀 公園,高雄市路竹區,大同路218巷,22.861016,120.2658718,verified,1,0,2026-04-26 15:11:50,2026-05-02 07:11:58,2026-05-04 03:48:55,
1450,一甲麵店,bus,🚌 公車站,高雄市路竹區,高雄市路竹區一甲路2號,22.8710862,120.2721901,verified,0,0,2026-04-26 15:10:04,2026-05-02 07:11:58,,
1449,台灣楓香咖啡,postoffice,📮 郵局,彰化縣田尾鄉,楓鄉咖啡門口路邊,23.893455,120.528927,verified,0,1,2026-04-26 12:37:42,2026-05-02 07:11:58,,
1448,永愛黑白切小吃的路口附近,pharmacy,💊 藥局,宜蘭縣蘇澳鎮,宜蘭縣蘇澳鎮永榮里隘界路83號,24.619431,121.836964,verified,3,0,2026-04-26 11:23:47,2026-05-02 07:11:58,2026-07-24 13:40:49,
1447,茶／金紙斜對面民宅,bakery,🥖 麵包店,宜蘭縣蘇澳鎮,宜蘭縣蘇澳鎮隘丁里隘界路42號,24.619588,121.835689,verified,2,0,2026-04-26 11:19:43,2026-05-02 07:11:58,2026-09-11 04:29:24,
1446,一三五超市,supermarket,🍌 超市,宜蘭縣蘇澳鎮,宜蘭縣蘇澳鎮永榮里新馬路2號,24.618002,121.833181,verified,1,0,2026-04-26 11:00:42,2026-05-02 07:11:58,2026-08-30 10:15:41,
1445,小雜貨店,clothesstore,👗 服飾店,宜蘭蘇澳隘丁,宜蘭縣蘇澳鎮隘丁里城中路41巷14號,24.615451,121.837854,verified,0,0,2026-04-26 10:50:36,2026-04-26 10:50:36,,
1444,計次大車停車場,forest,🌲 森林,高雄市橋頭,台糖高爾夫-橋頭練習場 停車場與計次大車停車場路上,22.754494,120.317029,verified,0,0,2026-04-26 10:19:03,2026-05-02 07:11:58,,
1443,7-11寶強門市,postoffice,📮 郵局,新北市新店區,7-11門口的人行道上靠近斑馬線處是郵局純點，再往旁邊一點會變成郵局+泡菜點,24.980379,121.548624,verified,2,0,2026-04-26 10:13:27,2026-05-02 07:11:58,2026-09-17 11:19:37,
1442,雪霸公園加油站附近,forest,🌲 森林,苗栗縣獅潭鄉,台三線約126公里處,24.456153,120.878455,verified,0,0,2026-04-26 09:30:20,2026-05-02 07:11:58,,
1441,雲太上陽居家,sweetshop,🍩 甜點店,彰化縣芬園社口,彰化縣芬園鄉社口村忠孝路38號1樓,24.013054,120.627418,verified,12,2,2026-04-26 09:27:42,2026-05-02 07:11:58,2026-06-17 11:54:21,
1440,兄弟倆雞蛋糕-台中旗艦店,park,🍀 公園,台中市,臺中市東區振興里信義街47號,24.132971,120.686069,verified,2,0,2026-04-26 07:51:40,2026-05-02 07:11:58,2026-05-17 01:14:25,
1439,Hastings International School - Nexus MM8,university,🎓 大學/學院,西班牙馬德里,"C/ de Manuel Marañón, 8, Cdad. Lineal, 28043 Madrid, 西班牙",40.457459,-3.655158,verified,0,0,2026-04-26 07:39:12,2026-04-26 07:39:12,,
1438,東京六本木 Frencia Azabu,shrine,⛩️ 神社/寺廟,日本東京都港區,"Frencia Azabu, 102 4-chōme-2-5 Roppongi, Minato City, Tokyo 106-0032日本",35.666362,139.735279,verified,3,0,2026-04-08 17:14:02,2026-04-08 17:14:02,2026-07-19 02:44:32,
1437,台灣黃大仙,hamburger,🍔 漢堡店,新北市新莊區,新莊區277巷43弄,25.0400436,121.4441783,verified,2,12,2026-04-08 15:30:44,2026-05-02 07:11:58,2026-09-05 10:15:27,
1436,全聯成功南店,supermarket,🍌 超市,高雄市橋頭區,全聯門口就能掃到（高雄市橋頭區成功南路855號）,22.7418724,120.3167715,verified,1,0,2026-04-08 15:28:35,2026-05-02 07:11:58,2026-05-27 01:11:42,
1435,聯上草玥,bakery,🥖 麵包店,高雄市前金區,高雄市前金區旺盛街126號1樓,22.630703,120.2903493,verified,0,4,2026-04-08 15:14:21,2026-05-02 07:11:58,,
1434,福德祀,waterside,🎣 水邊,彰化縣溪湖鎮,彰化縣溪湖鎮番婆里美溪路一段60號,23.944764,120.478102,verified,0,0,2026-04-08 14:45:37,2026-05-02 07:11:58,,
1433,中正環河路口,bridge,🌉 橋梁,新北市新店區,上揚機車行到汽車維修那段,24.988384,121.5338473,verified,0,2,2026-04-08 14:23:55,2026-05-02 07:11:58,,
1432,東溪國小,bus,🚌 公車站,彰化縣溪湖鎮,彰化縣溪湖鎮東溪里員鹿路一段568號,23.953718,120.497672,verified,0,0,2026-04-08 14:08:01,2026-05-02 07:11:58,,
1431,路邊,roadside,🪙 路邊,彰化縣溪湖鎮,彰化縣溪湖鎮田中里田河路7號,23.951871,120.46689,verified,0,0,2026-04-08 14:01:47,2026-05-02 07:11:58,,
1430,華中公園,park,🍀 公園,彰化縣,彰化縣溪湖鎮湖西里華中八街8號,23.95834,120.475869,verified,2,0,2026-04-08 14:00:39,2026-05-02 07:11:58,2026-05-21 03:08:54,
1429,三花岡山店,movie,🎬 電影院,高雄市岡山區,高雄市岡山區維仁里壽天路105號,22.794989,120.2913831,verified,2,7,2026-04-08 13:19:41,2026-05-02 07:11:58,2026-06-14 17:47:44,
1428,全家一甲店,minimart,🏪 便利商店,高雄市路竹區,高雄市路竹區大仁路326號,22.871136,120.270695,verified,0,0,2026-04-08 13:04:42,2026-05-02 07:11:58,,
1427,9號風車,beach,🐚 海灘,台中市清水區,臺中市清水區9號風車,24.310209,120.526035,verified,2,0,2026-04-08 12:55:46,2026-05-02 07:11:58,2026-06-15 07:33:30,
1426,清水中興北街,bridge,🌉 橋梁,台中市清水區,台中市清水區中興北街63號,24.273361,120.5747,verified,0,0,2026-04-08 12:54:43,2026-04-08 12:54:43,,
1425,港坪運動公園兒童遊戲場,park,🍀 公園,嘉義市西區,嘉義市西區大同路320號,23.477887,120.423136,verified,1,0,2026-04-08 12:25:39,2026-04-30 12:43:17,2026-05-04 06:04:03,
1424,草屯联亭泡菜鍋,restaurant,🍽️ 餐廳,南投縣草屯鎮,中興路大成街口,23.974428,120.6875922,verified,2,0,2026-04-08 11:35:36,2026-05-02 07:11:58,2026-06-10 18:35:52,
1423,全家草屯富功店,minimart,🏪 便利商店,南投縣草屯鎮,南投縣草屯鎮富寮里中正路485-36號,23.978636,120.702051,verified,1,0,2026-04-08 11:21:55,2026-05-02 07:11:58,2026-06-10 18:35:52,
1422,金佳億資源回收場,supermarket,🍌 超市,新竹市香山區福樹街,虎嘯山林正對面,24.805838,120.936262,verified,2,0,2026-04-08 11:16:06,2026-05-02 07:11:58,2026-08-16 06:55:56,
1421,宜8鄉道,park,🍀 公園,宜蘭縣壯圍鄉,QRC5+8V 台灣宜蘭縣壯圍鄉古亭村,24.77075148537902,121.80964855948844,verified,2,0,2026-04-08 09:48:24,2026-05-02 07:11:58,2026-08-24 06:36:22,
1420,全聯松山鵬程店(門口可掃到幸運草),park,🍀 公園,台北市松山區,臺北市松山區健康路399號,25.05469,121.56886,verified,2,0,2026-04-08 09:06:57,2026-05-02 07:11:58,2026-06-09 21:01:42,
1419,永福宮春風亭（南興公園）,park,🍀 公園,彰化縣彰化市,彰化市彰興街,24.0617304,120.5386991,verified,1,0,2026-04-08 09:06:17,2026-05-02 07:11:58,2026-05-22 02:01:28,
1418,523彰化縣埤頭鄉斗苑東路731號,minimart,🏪 便利商店,彰化縣彰化縣埤頭鄉,7-11興鳳門市,23.889663,120.474439,verified,0,0,2026-04-08 08:37:02,2026-05-02 07:11:58,,
1417,台灣中油長江站,minimart,🏪 便利商店,桃園市平鎮區,桃園市平鎮區義民里延平路二段319號,24.944773,121.20852,verified,0,0,2026-04-08 06:46:36,2026-05-02 07:11:58,,
1416,三鳥涼亭,waterside,🎣 水邊,屏東縣長治鄉進興巷,三鳥涼亭進興巷側,22.675741,120.541403,verified,0,0,2026-04-08 06:06:23,2026-05-02 07:11:58,,
1415,統冠吉興店門口,hotel,🏨 飯店,花蓮縣吉安鄉,花蓮縣吉安鄉吉安村花25鄉道269號,23.964053,121.573248,verified,1,0,2026-04-08 03:34:07,2026-05-02 07:11:58,2026-05-18 10:57:33,
1414,恩主公門診大樓對面,roadside,🪙 路邊,新北市三峽區中山路277巷,恩主公門診大樓對面小巷子都是,24.936999,121.361754,verified,0,0,2026-04-08 01:53:45,2026-05-02 07:11:58,,
1413,大興汽車鈑金烤漆,forest,🌲 森林,新北市三峽區中山路333-3號,國道三號旁的中山路,24.937577,121.359384,verified,0,0,2026-04-08 01:31:29,2026-05-02 07:11:58,,
1412,全家便利商店 頭份新市鎮店,minimart,🏪 便利商店,苗栗縣頭份,苗栗縣頭份市後庄里公園三街121號十五樓號,24.6937815,120.8891173,verified,0,0,2026-04-08 01:29:17,2026-04-08 01:29:17,,
1411,興順混凝土有限公司,bridge,🌉 橋梁,苗栗縣頭份,苗栗縣頭份市後庄里信義路816號,24.7008855,120.8864036,verified,0,0,2026-04-08 01:27:23,2026-04-08 01:27:23,,
1410,火車鐵軌下,diy,🔧 五金行,屏東縣潮州鎮,黃耆中醫旁,22.545316,120.535743,verified,3,0,2026-04-07 23:57:56,2026-05-02 07:11:58,2026-09-18 07:55:53,
1409,全家便利商店,hairsalon,✂️ 美容院,屏東縣麟洛,屏東縣麟洛鄉中山路417號,22.65168,120.52579,verified,3,1,2026-04-07 23:53:41,2026-05-02 07:11:58,2026-06-10 15:27:46,
1408,豐田三路50號,electronics,🔋 電器行,桃園市八德區,桃園市八德區興仁里豐田三路50號,24.928585,121.288245,verified,2,7,2026-04-07 19:50:03,2026-05-02 07:11:58,2026-05-31 09:35:12,
1407,衣洗潔-台南建南店,laundry,👕 自助洗衣店,台南市南區,臺南市南區文南里建南路233號,22.9851772,120.1879466,verified,3,6,2026-04-07 19:27:46,2026-05-02 07:11:58,2026-05-08 11:50:59,
1406,皮克敏剪刀純點,hairsalon,✂️ 美容院,台南市南區,新興東路西門路交叉口,22.9798441,120.1977578,verified,10,0,2026-04-07 19:18:05,2026-05-02 07:11:58,2026-08-19 16:43:59,
1405,恆貿行,park,🍀 公園,新北市蘆洲區,公園轉角,25.079533,121.4763873,verified,0,0,2026-04-07 18:09:51,2026-05-02 07:11:58,,
1404,員東國民中學,bus,🚌 公車站,新竹縣竹東鎮,員東國中大門口,24.707224,121.097176,verified,0,0,2026-04-07 15:56:18,2026-05-02 07:11:58,,
1403,普頓精舍,minimart,🏪 便利商店,新北市樹林區武林街3-3號,站在靠近國格公司的人行道上,25.0013516,121.4169016,verified,0,0,2026-04-07 15:28:26,2026-05-02 07:11:58,,
1402,月桃路381巷口,clothesstore,👗 服飾店,桃園市,經國二路127號,25.015,121.1753,verified,0,0,2026-04-07 15:22:05,2026-05-02 07:11:58,,
1401,海洋驛站,beach,🐚 海灘,台東縣台東市南海路191號,地標畫框那～,22.7438189,121.1520767,verified,2,0,2026-04-07 15:20:51,2026-05-02 07:11:58,2026-06-24 14:37:27,
1400,大全聯台東店,supermarket,🍌 超市,台東縣台東市中興路三段592號,停車場就可掃到,22.7726431,121.106219,verified,0,0,2026-04-07 15:18:35,2026-05-02 07:11:58,,
1399,禾風新棧度假飯店門口,hotel,🏨 飯店,台東縣台東市新興路29號,隔壁娜路灣花園酒店也是,22.7932983,121.130096,verified,0,0,2026-04-07 15:16:43,2026-05-02 07:11:58,,
1398,Success 66 BB - Double Room with Balcony,library,📚 圖書館/書店,台東縣台東市,靠近紅綠燈下,22.7526891,121.1556337,verified,0,1,2026-04-07 15:13:47,2026-05-02 07:11:58,,
1397,向上郵局,postoffice,📮 郵局,台中市南屯區,臺中市南屯區惠中路三段十號2F,24.1461402,120.6404846,verified,0,2,2026-04-07 14:50:13,2026-05-02 07:11:58,,
1396,赤慈宮牌樓下,minimart,🏪 便利商店,高雄市梓官區,高雄市梓官區赤東里赤崁南路94號,22.7356129,120.2486718,verified,0,0,2026-04-07 14:38:53,2026-05-02 07:11:58,,
1395,鴻明汽車對面巷口,forest,🌲 森林,高雄市橋頭區,德中路再往北台17線上,22.7308749,120.2715809,verified,0,0,2026-04-07 14:31:53,2026-05-02 07:11:58,,
1394,高雄梓官蚵仔寮九天宮,diy,🔧 五金行,高雄市梓官區,高雄市梓官區信蚵里漁港一路21號,22.725128,120.2573371,verified,1,0,2026-04-07 14:29:01,2026-04-07 14:29:01,2026-07-05 11:22:51,
1393,振宇五金附近,diy,🔧 五金行,桃園市八德區,桃園市八德區瑞發里介壽路二段1022巷30之3號十三樓號,24.9330295,121.2965506,verified,1,5,2026-04-07 13:24:22,2026-05-02 07:11:58,2026-05-18 10:12:11,
1392,康莊中華路口,bus,🚌 公車站,桃園市大溪區,桃園市大溪區康莊路453號,24.873134,121.2862,verified,0,0,2026-04-07 13:23:37,2026-05-02 07:11:58,,
1391,竹園餐廳後,restaurant,🍽️ 餐廳,桃園市八德區,桃園市八德區廣隆里國豐一街8號,24.960739,121.292323,verified,3,0,2026-04-07 13:07:24,2026-05-02 07:11:58,2026-06-24 14:35:27,
1390,護國宮附近公園,park,🍀 公園,桃園市八德區,桃園市桃園區廣隆里國際一路185之20號,24.9635441,121.2897719,verified,1,0,2026-04-07 13:06:29,2026-05-02 07:11:58,2026-05-04 01:15:34,
1389,嘉義朴子諾貝爾眼科診所,library,📚 圖書館/書店,嘉義縣朴子市,嘉義縣朴子市大同東路57巷8號,23.4603464,120.2472815,verified,0,0,2026-04-07 12:11:18,2026-04-30 12:43:17,,
1388,湖子內,laundry,👕 自助洗衣店,嘉義市西區,嘉義市西區湖子內路87號,23.4531809,120.4423713,verified,3,5,2026-04-07 12:07:36,2026-04-30 12:43:17,2026-05-27 16:20:11,
1387,大仁科技大學,university,🎓 大學/學院,屏東縣鹽埔鄉,屏東縣鹽埔鄉新二村維新路20號行政大樓,22.7271668,120.542767,verified,0,0,2026-04-07 12:03:13,2026-05-02 07:11:58,,
1386,雲林溪美食廣場,restaurant,🍽️ 餐廳,雲林縣斗六市,九如街、六合街附近,23.706205,120.5373771,verified,2,2,2026-04-07 12:01:19,2026-05-02 07:11:58,2026-06-14 05:14:16,
1385,伽潔環境清潔有限公司,minimart,🏪 便利商店,雲林縣斗六市,7-ELEVEN 成苑門市,23.7032457,120.5461909,verified,0,0,2026-04-07 11:58:32,2026-05-02 07:11:58,,
1384,豐田工業區,bus,🚌 公車站,雲林縣斗南鎮,台一線,23.6430478,120.470171,verified,1,0,2026-04-07 11:56:54,2026-05-02 07:11:58,2026-09-03 14:55:34,
1383,石龜車站,station,🚂 車站,雲林縣斗南鎮,台一線,23.6399089,120.4694767,verified,2,1,2026-04-07 11:54:59,2026-05-02 07:11:58,2026-09-05 13:50:44,
1382,崇仁醫護專校,university,🎓 大學/學院,嘉義縣大林鎮,嘉義縣大林鎮1-10,23.6210134,120.4601798,verified,1,1,2026-04-07 11:47:55,2026-04-30 12:43:17,2026-05-01 01:28:57,
1381,潭子水餃大王,restaurant,🍽️ 餐廳,台中市東區,401臺中市東區十甲東路387號,24.135078,120.705825,verified,1,0,2026-04-07 11:27:33,2026-05-02 07:11:58,2026-05-07 06:47:56,
1380,遠東床世界,cafe,☕ 咖啡店,台東縣台東市,950臺東縣台東市更生路1211號,22.775357,121.128482,verified,2,0,2026-04-07 10:25:55,2026-05-02 07:11:58,2026-06-06 06:42:19,
1379,卑南郵局,postoffice,📮 郵局,台東縣台東市,臺東縣臺東市南榮里台11乙線12號,22.77745,121.1271,verified,1,0,2026-04-07 10:17:33,2026-05-02 07:11:58,2026-05-03 08:49:23,
1378,宏仁跆拳道館,movie,🎬 電影院,台南市後壁區,臺南市後壁區頂安里頂寮30號,23.335487,120.354132,verified,0,1,2026-04-07 10:09:41,2026-04-07 10:09:41,,
1377,藍埔里 桃園市觀音區,supermarket,🍌 超市,桃園市觀音區,新華路一段跟育仁路二段路口,24.996595,121.116195,verified,1,0,2026-04-07 09:33:33,2026-05-02 07:11:58,2026-05-12 06:04:51,
1376,寶媽腸粉,library,📚 圖書館/書店,桃園市龍潭區,桃園市龍潭區東龍路200巷7號,24.8645386,121.215225,verified,0,0,2026-04-07 09:32:12,2026-05-02 07:11:58,,
1375,光呈企業社,clothesstore,👗 服飾店,台南市永康區,千翔羽球館前方,23.0333127,120.2405018,verified,1,0,2026-04-07 07:33:42,2026-05-02 07:11:58,2026-05-03 08:54:15,
1374,新竹火車站後站公園,park,🍀 公園,新竹市東區,以前「影像博物館」的門口,24.79937622518762,120.9748471611155,verified,2,0,2026-04-07 07:24:20,2026-05-02 07:11:58,2026-09-09 13:54:37,
1373,永康洗衣店,laundry,👕 自助洗衣店,台南市永康區,必勝客前方,23.0260283,120.2575734,verified,0,4,2026-04-07 07:15:35,2026-05-02 07:11:58,,
1372,坂洋國際有限公司,bridge,🌉 橋梁,新北市五股區,成泰路一段98巷26-1號,25.07116,121.44395,verified,1,0,2026-04-07 06:51:43,2026-05-02 07:11:58,2026-05-11 03:31:20,
1371,平和東路,airport,✈️ 機場,高雄市小港區,平和東路跟中山四路路口，往右轉方向比較不會掃到公園,22.569565,120.337838,verified,1,0,2026-04-07 06:15:27,2026-05-02 07:11:58,2026-05-06 16:51:07,
1370,安南圖書館,library,📚 圖書館/書店,台南市安南區,安中路二段310號,23.047965,120.184921,verified,3,0,2026-04-07 04:32:56,2026-05-02 07:11:58,2026-07-12 09:06:29,
1369,真耶穌教會,park,🍀 公園,新北市鶯歌區,新北市鶯歌區中鶯里仁愛路1185號,24.956153,121.353807,verified,4,8,2026-04-07 02:49:20,,2026-04-29 06:38:37,
1368,川富科技開發股份有限公司,forest,🌲 森林,新北市林口區,新北市林口區南勢里9鄰33-12號,25.069564,121.352516,verified,6,0,2026-04-07 01:37:49,,2026-04-28 15:48:21,
1367,中山國民小學,roadside,🪙 路邊,新竹縣竹東鎮,大門口,24.733842,121.094184,verified,1,1,2026-04-06 17:37:42,,2026-04-29 14:20:23,
1366,竹東鎮學生午餐供應中心,restaurant,🍽️ 餐廳,新竹縣竹東鎮,新竹縣竹東鎮鷄林里中山路86號,24.73377,121.095332,verified,2,0,2026-04-06 17:35:58,,2026-04-28 11:58:29,
1365,順佳藥局,hairsalon,✂️ 美容院,新竹縣竹東鎮,新竹縣竹東鎮工業一路6-5號,24.730518,121.093573,verified,5,3,2026-04-06 17:28:10,,2026-06-25 17:59:20,
1364,竹東綜合行政中心,bus,🚌 公車站,新竹縣竹東鎮,新竹縣竹東鎮中正里工業二路137號,24.728218,121.099638,verified,0,0,2026-04-06 17:20:37,,,
1363,竹東台泥親子公園,park,🍀 公園,新竹縣竹東鎮,新竹縣竹東鎮龍鳳路與號吉祥街交叉口,24.728863,121.09388,verified,2,0,2026-04-06 17:12:23,,2026-04-28 19:16:10,
1362,竹東鎮商華東華社區發展協會活動中心,forest,🌲 森林,新竹縣竹東鎮,新竹縣竹東鎮商華里公園路12號,24.734548,121.085175,verified,0,0,2026-04-06 17:00:29,,,
1361,康寧愛悅幼兒園,roadside,🪙 路邊,新竹縣竹東鎮,竹東國中正門口斜前方，公園路29巷路口,24.735419,121.08694,verified,0,0,2026-04-06 16:56:38,,,
1360,RCW café,restaurant,🍽️ 餐廳,新竹縣竹東鎮,竹東國中門口往T字路口靠近,24.735953,121.08752,verified,0,0,2026-04-06 16:50:21,,,
1359,亞設園藝工程行（主做室內裝潢與水電）,forest,🌲 森林,新竹縣竹東鎮,世界大同社區警衛室門口前方,24.736696,121.085277,verified,1,0,2026-04-06 16:44:58,,2026-05-24 10:56:24,
1358,老人會館活動中心附近,ramen,🍜 拉麵店,台東縣關山鎮,忠孝路上,23.051755,121.1614,verified,0,0,2026-04-06 16:03:37,,,
1357,駕訓班附近,cafe,☕ 咖啡店,台東縣池上鄉,臺東縣池上鄉新興村力學路92號,23.108321,121.202022,verified,1,3,2026-04-06 16:01:11,,2026-04-07 10:05:20,
1356,吉輝模具,electronics,🔋 電器行,台中市大雅區,臺中市大雅區文雅里中清南路63巷123號,24.2203561,120.6468756,verified,16,0,2026-04-06 15:56:23,,2026-06-20 14:18:23,
1353,肉伯火雞肉飯 (turkey rice),restaurant,🍽️ 餐廳,台南市中西區,700臺南市中西區公園路52號,22.99494759933898,120.20572624647902,verified,0,1,2026-04-06 15:37:59,,,
1352,曼都髮型 千禧店,hairsalon,✂️ 美容院,桃園市蘆竹區,338桃園市蘆竹區新南路一段87號,25.04480065523176,121.2948115632373,verified,2,5,2026-04-06 15:35:29,,2026-05-03 10:30:07,
1351,郵局前,postoffice,📮 郵局,嘉義縣溪口鄉,623嘉義縣溪口鄉中正路131號,23.6038477,120.3955107,verified,1,0,2026-04-06 15:07:30,,2026-04-29 16:07:24,
1349,7-ELEVEN 石泉門市,minimart,🏪 便利商店,澎湖縣馬公市,7-ELEVEN 石泉門市,23.560520916363657,119.59818157706015,verified,1,1,2026-04-06 15:01:02,,2026-04-30 01:01:18,
1348,梧棲 服飾店,clothesstore,👗 服飾店,台中市梧棲區,臺中市梧棲區福德里博愛路5號,24.2515873,120.553818,verified,2,0,2026-04-06 14:52:07,,2026-05-18 13:04:12,
1347,馳名串燒,sweetshop,🍩 甜點店,嘉義縣民雄鄉,嘉義縣民雄鄉大學路一段621號,23.5613263,120.4651777,verified,12,0,2026-04-06 14:43:16,,2026-07-31 01:37:19,
1346,佳佳英語課輔,artgallery,🎨 美術館,嘉義縣大林鎮,"No. 17, 忠孝路569巷13弄, 大林鎮嘉義縣台灣 622",23.6068456,120.4518948,verified,0,6,2026-04-06 14:40:41,,,
1345,速邁樂加油站內埔站附近,waterside,🎣 水邊,屏東縣內埔鄉,屏東縣內埔鄉豐田村中正路456號,22.635785,120.54035,verified,0,0,2026-04-06 13:54:43,,,
1344,飄香客棧餐廳前,ramen,🍜 拉麵店,屏東縣內埔鄉,屏東縣內埔鄉東寧村南寧路436號,22.623134,120.55719,verified,0,0,2026-04-06 13:51:05,,,
1343,美廉社屏科大店附近,supermarket,🍌 超市,屏東縣內埔鄉,屏東縣內埔鄉老埤村壽比路516號,22.635427,120.596974,verified,0,0,2026-04-06 13:48:13,,,
1342,玖芳拉麵,ramen,🍜 拉麵店,屏東縣內埔鄉,屏東縣內埔鄉中林村中林路36號,22.642872,120.595924,verified,0,0,2026-04-06 13:45:34,,,
1341,宜得利家居旁,hairsalon,✂️ 美容院,高雄市苓雅區,宜得利家居旁與全聯地下停車場車道中間小空地較佳；若離道路較近則可能被系統判定為路邊飾品。,22.6299631,120.3250213,verified,6,0,2026-04-06 12:41:04,,2026-07-15 21:53:37,
1340,西平南巷公園純點,park,🍀 公園,台中市西屯區,臺中市西屯區林厝里福雅路321巷85號,24.196245,120.619718,verified,1,1,2026-04-06 11:42:24,,2026-04-28 05:12:18,
1339,,beach,🐚 海灘,新北市石門區,HQW+CX 台灣新北市石門區茂林里,25.28861,121.5974512,verified,0,3,2026-04-06 10:34:43,,,
1338,名冠傢俱行,forest,🌲 森林,新北市淡水區,新北市淡水區義山里淡金路三段426號,25.2118878,121.4505167,verified,0,0,2026-04-06 10:23:02,,,
1337,漫煎日常,hotel,🏨 飯店,宜蘭縣蘇澳鎮,漫煎日常旁十字路口,24.6197027,121.8293479,verified,0,0,2026-04-06 10:07:22,,,
1335,綠美圖,park,🍀 公園,台中市西屯區,臺中市西屯區廣福里中科路2201號,24.1937385,120.6549652,verified,2,0,2026-04-06 09:01:56,,2026-06-23 12:57:15,
1334,望龍埤,forest,🌲 森林,宜蘭縣員山鄉,宜蘭縣員山鄉枕山村坡城路48-8號,24.778177,121.69935,verified,0,0,2026-04-06 08:51:53,,,
1333,天主之母堂,artgallery,🎨 美術館,台南市安南區,臺南市安南區淵西里安中路四段290巷229號,23.0517767,120.1704526,verified,11,2,2026-04-06 07:52:34,,2026-08-12 23:34:40,
1331,億客成長安店,supermarket,🍌 超市,桃園市觀音區,桃園市觀音區長安路,25.0443898,121.1378613,verified,0,0,2026-04-06 07:21:58,,,
1330,路口,restaurant,🍽️ 餐廳,彰化縣田中鎮,彰化縣田中鎮梅州里中州路二段222號,23.854962,120.576576,verified,1,0,2026-04-06 06:38:25,,2026-08-09 13:41:07,
1329,大九九,minimart,🏪 便利商店,嘉義市西區,嘉義市西區玉山路318號,23.471083,120.421919,verified,0,1,2026-04-06 05:11:54,,,
1328,華曜大謙後門,electronics,🔋 電器行,桃園市龍潭區,百福街116-120號路邊,24.8697726,121.2150543,verified,10,1,2026-04-06 04:40:16,,2026-09-11 16:07:56,
1326,上上幼稚園,roadside,🪙 路邊,新竹縣北埔鄉,新竹縣北埔鄉埔心街92巷31號,24.7047076,121.0508716,verified,1,0,2026-04-06 04:11:46,,2026-06-08 00:22:09,
1325,家庭理髮附近,roadside,🪙 路邊,新北市新莊區,242新北市新莊區民安西路173巷22弄2號,25.016085,121.427396,verified,0,0,2026-04-06 04:04:40,,,
1324,新 北埔鄉公所,ramen,🍜 拉麵店,新竹縣北埔鄉,新竹縣北埔鄉埔尾村仁愛路35號,24.704338,121.052159,verified,0,0,2026-04-06 03:40:55,,,
1323,大樟樹及土地公廟,forest,🌲 森林,新竹縣北埔鄉,中大壢路上，寶二水庫管理中心路口出來往北埔方向150公尺左右,24.715644,121.041514,verified,1,0,2026-04-06 03:28:25,,2026-09-20 21:08:17,
1322,7-11田多門市,bakery,🥖 麵包店,彰化縣田中鎮,新民國小附近,23.8524118,120.5863459,verified,3,0,2026-04-06 03:20:09,,2026-08-09 13:40:49,
1321,蓮社附近,hairsalon,✂️ 美容院,彰化縣田中鎮,彰化縣田中鎮北路里福安路261巷55號,23.862143,120.5873118,verified,5,0,2026-04-06 03:18:11,,2026-08-09 13:41:01,
1320,文中公園,park,🍀 公園,彰化縣田中鎮,佳樂釣具附近,23.8539201,120.5913291,verified,0,0,2026-04-06 03:14:01,,,
1319,寶二水庫霸頂,waterside,🎣 水邊,新竹縣寶山鄉,過管制門往前約200公尺,24.71968,121.042746,verified,0,0,2026-04-06 03:13:48,,,
1318,田中藝鍋物附近,cafe,☕ 咖啡店,彰化縣田中鎮,藝鍋物對面巷子進去一下子就遇到純點,23.8598491,120.588905,verified,4,0,2026-04-06 03:10:23,,2026-08-09 13:40:44,
1316,延松護理之家,waterside,🎣 水邊,嘉義市西區,嘉義市西區大同路252號,23.4771191,120.4272161,verified,0,2,2026-04-06 01:56:01,,,
1315,興嘉公園,park,🍀 公園,嘉義市西區,嘉義市西區興業西路496號,23.4684061,120.4344919,verified,0,0,2026-04-06 01:52:48,,,
1314,無極凌霄紫玄宮,forest,🌲 森林,新北市樹林區,三興路87巷,25.012849,121.393604,verified,0,0,2026-04-06 01:39:06,,,
1313,道將圳旁,bridge,🌉 橋梁,嘉義市西區,嘉義市西區重慶路315號,23.4633389,120.4325218,verified,0,0,2026-04-06 01:37:54,,,
1311,廣州街,library,📚 圖書館/書店,嘉義市西區,嘉義市西區廣州街11號,23.4623707,120.4359675,verified,0,2,2026-04-06 01:22:09,,,
1310,溪墘厝,bus,🚌 公車站,彰化縣溪洲鄉,彰化縣溪州鄉溪厝村中山路二段493號,23.848326,120.48217,verified,0,0,2026-04-06 01:20:31,,,
1307,私立鍾老師珠心算短期補習班,laundry,👕 自助洗衣店,新北市三峽區,新北市三峽區安溪里中華路75巷17號,24.929562,121.373013,verified,1,1,2026-04-05 15:25:55,,2026-04-28 20:07:50,
1306,國豐路一段與、豐工路交叉路口（橋下）,bridge,🌉 橋梁,台中市神岡區,臺中市神岡區豐洲里國豐路一段31號,24.27506,120.7058,verified,1,0,2026-04-05 15:18:28,,2026-05-03 14:52:45,
1305,后里森林園區,park,🍀 公園,台中市后里區,臺中市后里區義里里大山路120號,24.3061699,120.72914,verified,1,0,2026-04-05 15:11:47,,2026-05-23 01:30:10,
1304,國道10號橋下,bridge,🌉 橋梁,高雄市左營區,高雄市左營區尾北里大中二路738號,22.68606964436527,120.30487366379873,verified,2,0,2026-04-05 14:47:33,,2026-09-13 11:03:50,
1303,重陽國小,bus,🚌 公車站,新北市三重區,新北市三重區幸福里108縣道109號,25.066063,121.484682,verified,0,0,2026-04-05 14:21:33,,,
1302,7-11省新門市,minimart,🏪 便利商店,台南市永康區,臺南市新市區港墘里光華街5之6號,23.072175,120.298294,verified,0,0,2026-04-05 13:27:46,,,
1301,來一籠湯包附近,hotel,🏨 飯店,台南市永康區,臺南市永康區塩行里中正北路210號,23.041553,120.244132,verified,4,0,2026-04-05 13:21:09,,2026-05-28 01:10:01,
1300,淡水國中旁,waterside,🎣 水邊,新北市淡水區,新北市淡水區文化里真理街3巷10號,25.175481,121.437215,verified,1,0,2026-04-05 12:11:43,,2026-05-28 14:04:59,
1299,加熱滷味（阿慧滷味）,supermarket,🍌 超市,新北市三峽區,新北市三峽區礁溪里愛國路34號,24.931791,121.374757,verified,3,0,2026-04-05 11:09:48,,2026-05-25 16:56:35,
1298,鴻運轉運站,roadside,🪙 路邊,台南市永康區,臺南市永康區建國里復興路1巷30弄6號,22.99569,120.248466,verified,2,0,2026-04-05 09:49:52,,2026-06-30 08:19:55,
1297,愛利信有限公司,waterside,🎣 水邊,台南市仁德區,臺南市仁德區一甲里太乙七街84號,22.977152,120.248893,verified,1,0,2026-04-05 09:45:30,,2026-05-07 12:27:56,
1296,秀香商號,ramen,🍜 拉麵店,台南市仁德區,臺南市仁德區仁義里中山路100號,22.970096,120.265697,verified,0,0,2026-04-05 09:41:10,,,
1295,宏亮堆高機,roadside,🪙 路邊,台南市仁德區,臺南市仁德區仁義里中山路36號,22.969787,120.268429,verified,0,0,2026-04-05 09:40:08,,,
1294,大易實業社,bridge,🌉 橋梁,台南市歸仁區,臺南市歸仁區六甲里中正南路一段2230號之1,22.942345,120.276948,verified,0,0,2026-04-05 09:31:22,,,
1293,築夢碼頭咖啡廳,roadside,🪙 路邊,台南市歸仁區,臺南市歸仁區武東里中正南路二段５巷43號,22.935076,120.278786,verified,0,0,2026-04-05 09:27:40,,,
1292,萬國通路觀光工廠,waterside,🎣 水邊,台南市歸仁區,臺南市歸仁區W7MH+PC,22.934188,120.278939,verified,0,1,2026-04-05 09:16:19,,,
1291,通霄車站,station,🚂 車站,苗栗縣通霄鎮,通霄車站1號月台,24.492125,120.678563,verified,4,0,2026-04-05 08:34:14,,2026-09-10 02:22:02,
1290,新埔火車站,station,🚂 車站,苗栗縣通霄鎮,新埔火車站1號月台,24.54095,120.695576,verified,1,0,2026-04-05 08:21:42,,2026-09-10 02:21:56,
1289,北曾社區土地公廟,park,🍀 公園,彰化縣田尾鄉,土地公廟前,23.894467,120.535981,verified,1,0,2026-04-05 08:03:40,,2026-05-25 08:27:50,
1288,達勝汽車商行,clothesstore,👗 服飾店,雲林縣斗六市,有輇汽車,23.698298,120.544355,verified,1,1,2026-04-05 07:48:13,,2026-09-03 15:14:02,
1287,弘爺漢堡,restaurant,🍽️ 餐廳,台中市北屯區,臺中市北屯區平德里綏遠路二段2號,24.168537,120.681209,verified,0,1,2026-04-05 07:43:58,,,
1286,潭美公園,bus,🚌 公車站,台北市內湖區,臺北市內湖區潭美公園,25.059544,121.585707,verified,0,1,2026-04-05 07:34:02,,,
1285,佛來寺,forest,🌲 森林,基隆市仁愛區,基隆市仁愛區德厚里龍安街198巷74之1號,25.123542,121.73932,verified,0,0,2026-04-05 06:51:23,,,
1283,Sweet spa越式洗髮對面附近,cafe,☕ 咖啡店,台中市沙鹿區,臺中市沙鹿區六路里平等路152巷5號,24.2180687,120.5786892,verified,5,0,2026-04-05 05:47:23,,2026-06-18 06:15:39,
1282,新陽教具店,waterside,🎣 水邊,新竹縣竹北市,豆子埔溪,24.830612,120.990797,verified,1,0,2026-04-05 05:28:15,,2026-09-09 13:54:36,
1281,國立虎尾高級農工職業學校,bus,🚌 公車站,雲林縣虎尾鎮,虎尾農工門口,23.706229,120.432997,verified,3,0,2026-04-05 05:10:59,,2026-05-25 16:26:39,
1280,清安粉圓英才店,waterside,🎣 水邊,苗栗縣苗栗市,清安粉圓旁,24.569485,120.819746,verified,0,0,2026-04-05 05:02:13,,,
1278,定莛營造有限公司/室內設計裝潢工程|舊屋翻新|屋頂防水隔熱|油漆粉刷,bridge,🌉 橋梁,苗栗縣苗栗市,福安水餃店內,24.582206,120.825866,verified,0,0,2026-04-05 04:28:13,,,
1277,游家肥貓動物友善餐廳,ramen,🍜 拉麵店,桃園市大溪區,335桃園市大溪區南興路一段277號,24.895744,121.265389,verified,2,0,2026-04-05 03:56:00,,2026-05-08 12:56:45,
1276,7-11高山頂門市（楊梅）,minimart,🏪 便利商店,桃園市楊梅區,桃園市楊梅區幼獅路二段297-1號,24.936832,121.167295,verified,0,0,2026-04-05 03:41:00,,,
1275,麻竹湖,forest,🌲 森林,南投縣埔里鎮,慈惠堂,23.97278,120.99014,verified,1,0,2026-04-05 03:01:22,,2026-09-09 01:13:04,
1274,斑比山丘停車場,zoo,🦁 動物園,宜蘭縣冬山鄉,宜蘭縣冬山鄉下湖路285號,24.6464275,121.7448882,verified,22,0,2026-04-05 02:23:57,,2026-09-16 17:48:06,
1273,達摩祖師廟,forest,🌲 森林,宜蘭縣員山鄉,宜蘭縣員山鄉枕山村坡城路2-36號,24.771776,121.70988,verified,0,0,2026-04-05 02:13:04,,,
1272,南岸,restaurant,🍽️ 餐廳,南投縣埔里鎮,南投縣埔里鎮大城里安七街58號,23.967619,120.95342,verified,0,0,2026-04-05 01:28:21,,,
1271,四季茶園附近,waterside,🎣 水邊,宜蘭縣員山鄉,宜蘭縣礁溪鄉二結村二結路28號,24.784166,121.694676,verified,0,0,2026-04-05 01:17:53,,,
1270,大德欣工具有限公司,minimart,🏪 便利商店,台中市東區,臺中市東區東信里振興路280巷32號,24.130413,120.701389,verified,1,1,2026-04-04 23:16:08,,2026-06-28 03:10:53,
1269,鹿鳴溫泉酒店附近,hotel,🏨 飯店,台東縣鹿野鄉,臺東縣鹿野鄉鹿野村中華路一段200號,22.899032,121.102846,verified,0,0,2026-04-04 22:10:51,,,
1268,正容加油站實業有限公司,pharmacy,💊 藥局,宜蘭縣宜蘭市,中油龍潭加油站,24.7757962,121.7452841,verified,5,0,2026-04-04 17:48:21,,2026-09-14 02:42:12,
1267,掐口咖啡ChiaCo.Coffee,postoffice,📮 郵局,宜蘭縣五結鄉,五結郵局,24.683839,121.7951873,verified,2,1,2026-04-04 17:46:50,,2026-07-10 16:41:40,
1266,枕山協進廟關聖帝君,forest,🌲 森林,宜蘭縣員山鄉,枕山協進廟關聖帝君,24.7740993,121.7209334,verified,0,0,2026-04-04 17:45:09,,,
1265,統盛國際股份有限公司,forest,🌲 森林,宜蘭縣宜蘭市,統盛國際企業股份有限公司,24.7802789,121.7382323,verified,0,0,2026-04-04 17:42:56,,,
1264,華新電機行,forest,🌲 森林,宜蘭縣宜蘭市,廣豐行,24.7703324,121.7590754,verified,0,0,2026-04-04 17:40:16,,,
1263,誼光保全股份有限公司（宜蘭分公司）,supermarket,🍌 超市,宜蘭縣宜蘭市,宜蘭市信用合作社對面巷口,24.7599275,121.7597449,verified,1,0,2026-04-04 17:37:54,,2026-04-26 11:17:01,
1262,首朋企業股份有限公司,bakery,🥖 麵包店,宜蘭縣員山鄉,三合餅舖龍潭工廠總店,24.7806214,121.7348795,verified,1,0,2026-04-04 17:34:04,,2026-06-10 16:33:27,
1261,速達水電維修,bakery,🥖 麵包店,宜蘭縣員山鄉,264宜蘭縣員山鄉永同路一段147號,24.7642251,121.7290226,verified,1,0,2026-04-04 17:32:05,,2026-05-02 02:16:29,
1260,滿庭香,park,🍀 公園,桃園市大溪區,路邊,24.8976209,121.2792547,verified,0,0,2026-04-04 17:08:50,,,
1259,虎尾鎮衛生所,stadium,🏟️ 體育館,雲林縣虎尾鎮,虎尾衛生所門口,23.714607,120.43369,verified,1,1,2026-04-04 17:07:39,2026-04-04 17:07:39,2026-06-22 18:20:19,
1258,服飾純點,clothesstore,👗 服飾店,台中市南屯區,臺中市南屯區文心南七路46-2號（品瑞行對面）,24.1294396,120.6521492,verified,4,0,2026-04-04 15:09:28,,2026-05-18 13:49:41,
1254,喜互惠,supermarket,🍌 超市,宜蘭縣宜蘭市,宜蘭縣宜蘭市進士里進士路44-31號,24.741422,121.746935,verified,0,2,2026-04-04 12:09:39,,,
1253,花蓮果菜市場,ramen,🍜 拉麵店,花蓮縣吉安鄉,花蓮縣吉安鄉中央路三段403號果菜市場北路003號,23.984391,121.586201,verified,0,2,2026-04-04 10:19:53,,,
1252,MOXY飯店,hotel,🏨 飯店,台中市南屯區,臺中市南屯區文心南六路256號（靈巖山寺門口）,24.1307275,120.647692,verified,4,1,2026-04-04 08:03:06,,2026-09-14 09:40:36,
1249,沙鹿藏壽司附近,sushi,🍣 壽司店,台中市沙鹿區,沙鹿區福德路68號,24.248149,120.565503,verified,13,1,2026-04-04 05:21:43,,2026-09-15 14:22:58,
1248,潭美公園,park,🍀 公園,台北市內湖區,臺北市內湖區週美里環東大道14號,25.058404,121.583495,verified,4,0,2026-04-04 04:56:36,,2026-06-22 15:46:19,
1247,花蓮窗簾店前,bus,🚌 公車站,花蓮縣吉安鄉,花蓮縣吉安鄉吉安村吉興一街368號,23.974264,121.577546,verified,0,0,2026-04-04 03:47:05,,,
1246,桃林步道,roadside,🪙 路邊,桃園市桃園區,桃園市桃園區福元里民富二街8巷38號,25.006785,121.319248,verified,2,0,2026-04-04 03:44:29,,2026-05-19 20:12:04,
1245,肉球尼尼Meatball Nini,clothesstore,👗 服飾店,桃園市桃園區,肉球尼尼,25.030698,121.297236,verified,2,1,2026-04-04 03:42:42,,2026-05-08 13:00:06,
1243,三洋冷氣冷凍工程行,forest,🌲 森林,花蓮縣吉安鄉,花蓮縣吉安鄉北昌村自強路459號,23.9847335,121.5903503,verified,0,0,2026-04-04 03:15:33,,,
1242,潭酵天地觀光工廠,roadside,🪙 路邊,宜蘭縣礁溪鄉,宜蘭縣礁溪鄉龍潭村漳福路25號,24.789033,121.74025,verified,1,0,2026-04-04 02:25:53,,2026-06-24 13:25:06,
1241,眉毛小姐miss eyebrow,restaurant,🍽️ 餐廳,台中市北區,台中市北區國瑞街39號,24.1577615904649,120.69768124304564,verified,0,0,2026-04-03 19:53:32,,,
1240,意都美Litume戶外用品睡袋 (嘉偉興業股份有限公司),restaurant,🍽️ 餐廳,台中市北屯區,臺中市北屯區平安里熱河路二段4號,24.16847624160207,120.68709708276981,verified,0,0,2026-04-03 19:48:18,,,
1239,大鯨魚,minimart,🏪 便利商店,新竹縣竹北市,以前的大鯨魚壁畫,24.822486,121.012421,verified,1,0,2026-04-03 19:46:48,,2026-05-06 01:49:33,
1238,AVA HAIR SALON,cafe,☕ 咖啡店,台中市北區,台中市北區進化路506號,24.158146601871472,120.69448376055216,verified,6,1,2026-04-03 19:44:19,,2026-06-16 09:47:11,
1237,東大路二段公車站,bus,🚌 公車站,新竹市北區,東大路二段,24.81927778,120.96238889,verified,1,0,2026-04-03 19:05:03,,2026-09-09 13:54:22,
1236,勝利星村,korean,🥬 韓式餐廳,屏東縣屏東市,裝置藝術的左邊那條路往後走就掃的到,22.6738459,120.4851978,verified,8,3,2026-04-03 18:42:04,,2026-09-15 15:30:52,
1235,竹圍漁港,beach,🐚 海灘,桃園市大園區,漁港北路上,25.1193985,121.2454307,verified,8,0,2026-04-03 18:04:58,,2026-07-18 15:18:06,
1234,至誠中醫,restaurant,🍽️ 餐廳,花蓮縣花蓮市,花蓮縣花蓮市國富里富祥街109號,23.9927627,121.5933531,verified,1,0,2026-04-03 17:36:46,,2026-07-24 13:33:22,
1233,長億夜市 迷你書純點,library,📚 圖書館/書店,台中市太平區,臺中市太平區長億里太平路115-133號,24.119876,120.72155,verified,1,0,2026-04-03 17:07:59,,2026-05-17 01:15:29,
1232,上藝髮廊,roadside,🪙 路邊,嘉義縣六腳鄉,嘉義縣六腳鄉嘉57鄉道483號,23.488109,120.292095,verified,1,0,2026-04-03 16:25:29,,2026-06-24 13:16:51,
1231,嘉義文化創意園區,library,📚 圖書館/書店,嘉義市西區,嘉義市西區中山路616號S棟1樓,23.4765237,120.4391254,verified,0,2,2026-04-03 16:00:35,,,
1230,豬小妹德明店,korean,🥬 韓式餐廳,嘉義市西區,嘉義市西區友和路80號,23.4807032,120.4323106,verified,10,1,2026-04-03 15:57:50,,2026-08-08 12:42:25,
1229,銅鑼圈開庄福德祠,forest,🌲 森林,桃園市龍潭區,桃68-1往國三北上，近銅鑼圈開庄福德祠,24.8309251,121.2014284,verified,0,0,2026-04-03 15:54:14,,,
1228,東昇汽車保養廠,waterside,🎣 水邊,新竹縣關西鎮,近私立關高幼兒園附近,24.7922265,121.1878607,verified,0,0,2026-04-03 15:47:12,,,
1227,關西鄭家祠（貢生樓）,bus,🚌 公車站,新竹縣關西鎮,靠近泉村中古輪胎行,24.7600825,121.173115,verified,0,0,2026-04-03 15:43:03,,,
1226,大同家電,electronics,🔋 電器行,雲林縣麥寮鄉,光復南路,23.7472176,120.2557076,verified,0,4,2026-04-03 15:11:47,,,
1225,甘丹早午餐,restaurant,🍽️ 餐廳,新北市板橋區,金門街122號附近,24.9915147,121.4329204,verified,1,0,2026-04-03 14:18:56,,2026-05-02 00:56:06,
1224,聯合牙齒技工所,pharmacy,💊 藥局,桃園市中壢區,成功路94巷,24.9755397,121.2614334,verified,17,1,2026-04-03 13:28:39,,2026-08-29 08:36:06,
1223,全聯福利中心漢陽店,supermarket,🍌 超市,台東縣台東市,臺東縣台東市漢陽南路89號,22.742222,121.137907,verified,2,0,2026-04-03 13:28:32,,2026-09-04 08:39:56,
1222,鎮興廟附近,bakery,🥖 麵包店,宜蘭縣宜蘭市,宜蘭市進士里,24.741422,121.746935,verified,1,0,2026-04-03 13:11:56,,2026-04-26 11:16:54,
1221,百元理髮（快剪100）,artgallery,🎨 美術館,台中市沙鹿區,臺中市沙鹿區居仁里中棲路477號,24.241791,120.559598,verified,4,2,2026-04-03 12:10:19,,2026-06-28 06:25:22,
1220,機場入口公路旁,airport,✈️ 機場,桃園市大園區,+8W 台灣桃園市大園區埔心里,25.0583022,121.2147834,verified,0,3,2026-04-03 11:43:36,,,
1218,臨水潭前方道路,park,🍀 公園,基隆市信義區,基隆市信義區孝忠里教忠街25巷20號,25.135163,121.777385,verified,0,0,2026-04-03 10:52:14,,,
1217,快速路三段 新光路二段交叉口,bridge,🌉 橋梁,桃園市平鎮區,桃園市平鎮區新光路二段8巷170號附近,24.93089,121.200037,verified,0,0,2026-04-03 10:09:42,,,
1216,櫻花樹下佈告欄（台鈴工業門口）,roadside,🪙 路邊,桃園市平鎮區,桃園市平鎮區延平路三段411巷75號,24.93026,121.198861,verified,0,0,2026-04-03 10:07:01,,,
1215,平鎮安天宮牌匾附近,park,🍀 公園,桃園市平鎮區,桃園市平鎮區南平路二段618號附近,24.922961,121.189433,verified,1,0,2026-04-03 09:58:37,,2026-05-22 14:14:17,
1214,24H 藍天廣場 公共廁所,airport,✈️ 機場,花蓮縣新城鄉,花蓮縣新城鄉2JQF+FG,24.0387312,121.6229704,verified,3,0,2026-04-03 09:07:03,,2026-06-16 04:18:15,
1211,黃金海岸hotel,hotel,🏨 飯店,桃園市觀音區,桃園市觀音區草新里六合街35號,25.042288,121.137766,verified,1,1,2026-04-03 07:50:59,,2026-08-23 05:55:13,
1210,垂坤食品-旗艦店 (停車場,supermarket,🍌 超市,苗栗縣苑裡鎮,苗栗縣 苑裡鎮 山柑里 8鄰 77-16號,24.399413,120.6681774,verified,11,1,2026-04-03 07:46:35,,2026-07-18 04:54:25,
1209,Sam which 早午餐 宵夜 下午茶公司餐盒,station,🚂 車站,新北市中和區,南勢角捷運站四號出口旁的巷子,24.991299,121.509719,verified,5,0,2026-04-03 07:33:26,,2026-09-11 15:58:36,
1208,白石腳義仙姑,forest,🌲 森林,宜蘭縣礁溪鄉,猴洞,24.840373,121.781444,verified,0,0,2026-04-03 06:10:12,,,
1207,老味道香腸熟肉（榕樹下）,cafe,☕ 咖啡店,台南市安南區,和濟宮後面,23.07231,120.223011,verified,11,0,2026-04-03 06:02:14,,2026-08-04 20:37:58,
1206,光復新村,bakery,🥖 麵包店,台中市霧峰區,臺中市霧峰區坑口里和平路1號,24.04366,120.695263,verified,2,0,2026-04-03 05:57:14,,2026-06-11 08:15:37,
1205,臻善園 花葬區,mountain,⛰️ 山丘,台北市北投區,臺北市北投區林泉里泉源路220 之3號,25.141393,121.526889,verified,11,0,2026-04-03 04:58:33,,2026-09-21 09:19:41,
1204,泰安服務區,cafe,☕ 咖啡店,台中市后里區,臺中市后里區月眉里九甲七路400號台中市后里區,24.328247,120.715936,verified,3,2,2026-04-03 03:52:16,,2026-07-23 23:14:00,
1203,育禾麗晶產後護理之家,library,📚 圖書館/書店,新竹縣竹北市,新竹縣竹北市東興里光明六路東二段347號,24.812805,121.034981,verified,3,1,2026-04-03 03:36:32,,2026-05-23 02:07:48,
1202,文湖線,airport,✈️ 機場,台北市松山區,臺北市松山區民福里民族東路679 樓7 之1號,25.064303,121.548029,verified,8,1,2026-04-03 03:27:35,,2026-07-09 08:04:42,
1201,佑成洗車廠,hotel,🏨 飯店,雲林縣北港鎮,洗車場前面,23.584402,120.300798,verified,1,0,2026-04-03 02:41:32,,2026-04-05 11:54:02,
1200,龍記燒臘店,minimart,🏪 便利商店,嘉義市西區,嘉義市西區北港路1463之3號,23.492219,120.397272,verified,0,0,2026-04-03 02:23:42,,,
1199,宏昇車體工廠,bus,🚌 公車站,嘉義市西區,嘉義市西區大溪路428巷51號,23.4819,120.4068,verified,0,0,2026-04-03 02:22:33,,,
1198,晨間廚房,restaurant,🍽️ 餐廳,雲林縣斗六市,雲林縣斗六市鎮北里育英北街170號,23.71597,120.551063,verified,5,0,2026-04-03 01:48:56,,2026-07-11 12:15:26,
1197,衛道高中圖書館,forest,🌲 森林,台中市北屯區,臺中市北屯區仁和里四平路161號,24.184865,120.675512,verified,5,1,2026-04-02 22:20:59,,2026-09-16 23:35:57,
1196,平鎮里辦公處佈告欄,forest,🌲 森林,桃園市平鎮區,轉角處,24.927439,121.196353,verified,0,0,2026-04-02 17:07:24,,,
1195,樹德科技大學校區,bus,🚌 公車站,高雄市燕巢區,橫山路59號,22.64278,120.311151,verified,0,0,2026-04-02 15:06:52,,,
1194,台灣基督教長老教會 霧峰教會,postoffice,📮 郵局,台中市霧峰區,台中市吴凤本乡里民生路70巷22號,24.065735,120.701127,verified,0,0,2026-04-02 14:29:58,,,
1193,住宅區,minimart,🏪 便利商店,新北市永和區,福林里 新北市永和區,25.0093991,121.5230671,verified,2,0,2026-04-02 13:01:46,,2026-04-30 03:49:57,
1192,中正城閱社區,electronics,🔋 電器行,台北市萬華區,臺北市萬華區雙園里西藏路428號,25.0300582,121.49733,verified,10,0,2026-04-02 12:49:58,,2026-08-21 18:42:41,
1191,志銘電信工程行,laundry,👕 自助洗衣店,花蓮縣花蓮市,到定點，如果沒有，請重開遊戲再掃一次,23.989377,121.603615,verified,1,1,2026-04-02 12:30:07,,2026-04-04 03:16:09,
1190,全傑橡膠股份有限公司,diy,🔧 五金行,新北市泰山區,貴鳳街24巷2號,25.0305989,121.4229798,verified,9,0,2026-04-02 10:14:04,,2026-05-30 16:09:10,
1189,十字路口,bridge,🌉 橋梁,桃園市大園區,桃園市大園區五權里中正東路二段418之1號,25.029139,121.230667,verified,0,0,2026-04-02 09:41:27,,,
1188,408臺中市南屯區豐偉路67號,movie,🎬 電影院,台中市南屯區,臺中市南屯區豐樂里豐偉路67號,24.130307,120.644955,verified,35,2,2026-04-02 08:54:30,,2026-08-24 15:14:28,
1187,四鯤鯓龍山寺附近,pharmacy,💊 藥局,台南市南區,台南市南區鯤鯓路102巷176號附近,22.961639,120.171236,verified,3,0,2026-04-02 08:12:45,,2026-07-08 12:41:07,
1186,興達港觀光漁市,waterside,🎣 水邊,高雄市茄萣區,高雄市茄萣區大發路88號,22.868845,120.193423,verified,1,0,2026-04-02 08:01:41,,2026-08-02 23:12:43,
1185,世明慈惠堂,ramen,🍜 拉麵店,嘉義縣竹崎鄉,嘉義縣竹崎鄉林森路986巷57號,23.496101,120.495622,verified,0,0,2026-04-02 07:16:04,,,
1184,427臺中市潭子區中山路一段478號,bus,🚌 公車站,台中市潭子區,臺中市潭子區頭家東里中潭公路478號,24.199855,120.703424,verified,1,1,2026-04-02 04:53:49,,2026-04-30 11:52:08,
1183,和聖宮,park,🍀 公園,台中市清水區,台中市清水区下湳里中山路340號,24.274177,120.581,verified,0,0,2026-04-02 04:52:40,,,
1182,恆照實業有限公司,artgallery,🎨 美術館,台中市清水區,台中市清水區99號對面或附近,24.272681,120.57373,verified,1,3,2026-04-02 04:51:19,,2026-06-28 06:19:11,
1181,鹽滷豆花門口,supermarket,🍌 超市,彰化縣彰化市,彰化市延平路,24.0629678,120.5424036,verified,0,0,2026-04-02 04:00:02,,,
1180,新富汽車,diy,🔧 五金行,新北市樹林區,新富汽車轉彎處電線桿旁,24.983819,121.413418,verified,14,0,2026-04-02 03:48:25,,2026-07-13 23:58:25,
1179,新莊街217巷,waterside,🎣 水邊,新竹市東區,此為死巷無路,24.78930558907266,121.017840582256,verified,0,0,2026-04-02 03:28:24,,,
1178,台中市龍井,diy,🔧 五金行,台中市龍井區,臺中市龍井區山腳里中山二路二段359巷61號,24.213425,120.536136,verified,8,0,2026-04-02 03:06:18,,2026-06-01 08:30:27,
1177,榮華中平路口公車站前,sushi,🍣 壽司店,新北市新莊區,壽司郎新莊中平店附近,25.05573442388908,121.4448350112425,verified,13,2,2026-04-02 02:15:26,,2026-09-16 15:45:21,
1176,豐年橋,sweetshop,🍩 甜點店,高雄市美濃區,馬卡龍甜甜圈純點,22.874879,120.536037,verified,29,0,2026-04-02 01:19:49,,2026-08-22 16:33:08,
1175,龍獅福德祠,waterside,🎣 水邊,高雄市美濃區,擬餌純點,22.861521,120.556069,verified,0,0,2026-04-02 01:17:54,,,
1174,健身工廠,hotel,🏨 飯店,雲林縣斗六市,雲林縣斗六市三平里棒球十三街80之6號,23.7173,120.532825,verified,2,0,2026-04-02 00:15:09,,2026-05-21 12:57:21,
1173,登機門B1R,airport,✈️ 機場,桃園市大園區,廁所旁邊的座位,25.081557,121.240584,verified,8,0,2026-04-01 22:16:53,,2026-07-09 08:06:28,
1172,品轅隔熱紙,airport,✈️ 機場,台北市中山區,臺北市中山區濱江街343號,25.072032238272055,121.54839890358112,verified,2,0,2026-04-01 18:24:19,,2026-06-16 04:18:21,
1171,恆春燦坤門口,electronics,🔋 電器行,屏東縣恆春鎮,恆公路1028號,22.0105902,120.7418449,verified,3,0,2026-04-01 17:59:01,,2026-06-20 09:39:58,
1170,烏日長春公園,park,🍀 公園,台中市烏日區,臺中市烏日區中華路203巷30弄6號,24.110743,120.639809,verified,1,0,2026-04-01 16:48:25,,2026-04-03 12:37:07,
1169,金山圖書館,library,📚 圖書館/書店,新竹市東區,新竹市東區金山里光復路一段268巷21弄1之4號,24.780218,121.021456,verified,1,0,2026-04-01 16:03:39,,2026-05-08 04:28:35,
1168,清新福田社區,waterside,🎣 水邊,新竹縣新埔鎮,田新十街178號,24.82918,121.066166,verified,1,0,2026-04-01 15:40:10,,2026-08-15 03:24:31,
1167,南寮-頭前溪自行車道,airport,✈️ 機場,新竹市北區,東大路三段,24.831726,120.954764,verified,4,0,2026-04-01 14:41:17,,2026-06-16 04:18:20,
1166,林大維房地產辦公室,ramen,🍜 拉麵店,新竹市北區,武陵路61巷,24.8187749,120.9641548,verified,1,0,2026-04-01 14:39:41,,2026-07-03 08:28:36,
1165,東區東富街,minimart,🏪 便利商店,台中市東區,臺中市東區東信里東富街170號,24.129244,120.701778,verified,1,0,2026-04-01 13:34:34,,2026-05-17 01:03:31,
1164,寶覺禪寺附近,bus,🚌 公車站,台中市北區,台中市北區健行路107-105號,24.15913,120.687245,verified,0,1,2026-04-01 12:53:24,,,
1163,OK 台中梅亭店,minimart,🏪 便利商店,台中市北區,臺中市北區金龍里益華街81號,24.160203,120.689399,verified,0,0,2026-04-01 12:42:11,,,
1161,蛋蛋早餐吧旁邊,minimart,🏪 便利商店,台中市北區,臺中市北區金龍里益華街140之1號,24.161655,120.689851,verified,0,0,2026-04-01 12:31:29,,,
1160,便利店純點,minimart,🏪 便利商店,新北市蘆洲區,新北市蘆洲區民義街68巷13號附近,25.089722,121.473914,verified,7,0,2026-04-01 12:24:29,2026-05-02 07:11:58,2026-06-29 11:49:20,
1159,北屯國小側門,ramen,🍜 拉麵店,台中市北屯區,臺中市北屯區北京里國校巷3號,24.163875,120.690852,verified,0,0,2026-04-01 12:17:40,,,
1158,好幫手五金行,diy,🔧 五金行,雲林縣古坑鄉,路口,23.647436,120.559011,verified,2,0,2026-04-01 10:40:20,,2026-09-03 15:00:18,
1157,UNIQLO,clothesstore,👗 服飾店,新北市土城區,新北市土城區柑林里清水路24號,24.980095,121.454614,verified,2,1,2026-04-01 10:36:38,,2026-04-07 08:39:51,
1156,臺中市北屯國民運動暨兒童運動中心,bus,🚌 公車站,台中市北屯區,臺中市北屯區仁和里崇德路三段55號,24.18302,120.68593,verified,2,1,2026-04-01 10:35:46,,2026-06-04 09:51:08,
1155,台中市政府崇德拖吊保管場,roadside,🪙 路邊,彰化縣鹿港鎮,C46+97 台灣彰化縣鹿港鎮山崙里,24.10598,120.41064,verified,1,0,2026-04-01 10:28:09,,2026-06-07 05:48:54,
1154,台中市政府崇德拖吊保管場,restaurant,🍽️ 餐廳,彰化縣鹿港鎮,C66+27 台灣彰化縣鹿港鎮山崙里,24.11009,120.41068,verified,0,0,2026-04-01 10:21:32,,,
1152,,beach,🐚 海灘,彰化縣鹿港鎮,彰化縣鹿港鎮東石里3C72+6H,24.0639772,120.4005251,verified,2,1,2026-04-01 07:56:08,,2026-05-23 10:22:38,
1151,7-ELEVEN有成門市,cafe,☕ 咖啡店,桃園市龜山區,成功路三段與大有路交叉口靠近7-11,25.003771,121.32375,verified,4,5,2026-04-01 01:35:07,,2026-08-11 16:17:50,
1150,廣源園區入口,bus,🚌 公車站,苗栗縣竹南鎮,苗栗縣竹南鎮大埔里五福新村2號,24.717112,120.905881,verified,1,0,2026-04-01 00:54:39,,2026-04-05 16:51:11,
1149,麥當勞,movie,🎬 電影院,台中市西屯區,407臺中市西屯區台灣大道四段620號,24.174553,120.631955,verified,1,5,2026-03-31 23:04:48,,2026-04-03 11:15:39,
1147,松山機場,airport,✈️ 機場,台北市松山區,臺北市松山區東榮里民權東路四段42號,25.061572,121.55459,verified,13,0,2026-03-31 18:21:24,,2026-09-07 02:06:15,
1146,經國亞緻,laundry,👕 自助洗衣店,桃園市桃園區,慈文路、經國路交叉口的社區門口,25.0112227,121.3076375,verified,3,3,2026-03-31 16:40:21,,2026-05-09 23:20:25,
1145,林安復耳鼻喉科,supermarket,🍌 超市,新竹市東區,300新竹市東區中華路二段159-113,24.8069878,120.9796137,verified,1,0,2026-03-31 16:37:54,,2026-09-09 13:54:30,
1144,新竹高中竹嶺校刊社（至善樓）,library,📚 圖書館/書店,新竹市東區,新竹市東區學府路36號,24.7948962,120.9809055,verified,1,1,2026-03-31 14:42:48,,2026-09-09 13:54:50,
1143,僑光科大,university,🎓 大學/學院,台中市西屯區,臺中市西屯區港尾里廣福路21號,24.191326,120.645577,verified,2,1,2026-03-31 14:35:20,,2026-04-07 16:13:19,
1142,橫山公園,park,🍀 公園,台中市大雅區,臺中市大雅區橫山里通山路5之8號,24.211695,120.625295,verified,0,2,2026-03-31 14:28:06,,,
1141,親愛精誠,airport,✈️ 機場,台中市大雅區,臺中市大雅區六寶里台10線301號,24.242426,120.62275,verified,7,0,2026-03-31 14:21:19,,2026-06-15 15:41:33,
1140,輪胎擺設,minimart,🏪 便利商店,桃園市龜山區,任意門資源回收站,25.057176,121.359776,verified,0,0,2026-03-31 14:18:50,,,
1138,超級巨星斜對面,sushi,🍣 壽司店,新北市林口區,新北市林口區南勢里民富街26號,25.074965,121.371579,verified,12,1,2026-03-31 13:31:57,,2026-08-10 14:49:04,
1137,便利店純點,minimart,🏪 便利商店,新北市蘆洲區,新北市蘆洲區民義街61巷10號附近有時2選1,25.090249,121.472504,verified,3,0,2026-03-31 12:21:47,2026-05-02 07:11:58,2026-06-22 06:26:04,
1136,光華國中,pharmacy,💊 藥局,高雄市前鎮區,英明一路小巷,22.610377,120.323594,verified,2,0,2026-03-31 12:13:27,,2026-06-27 12:47:24,
1135,蘆洲公園旁,park,🍀 公園,新北市蘆洲區,蘆洲民權路3巷公園旁巷子,25.085205,121.475857,verified,3,1,2026-03-31 12:07:56,,2026-06-10 11:51:55,
1134,汕頭街番茄村早餐店,cafe,☕ 咖啡店,高雄市前鎮區,汕頭街廣東三街,22.609048,120.319906,verified,2,0,2026-03-31 11:57:07,,2026-05-04 14:52:22,
1133,聖安朵幼兒園,bus,🚌 公車站,新竹縣竹北市,新竹縣竹北市中崙里光明八街55號,24.8293824,121.0044362,verified,0,0,2026-03-31 11:38:53,,,
1132,成大醫院,waterside,🎣 水邊,雲林縣斗六市,雲林縣斗六市公正里莊敬路345號,23.701999,120.54563,verified,6,0,2026-03-31 10:15:18,,2026-09-03 15:09:24,
1131,萊爾富便利商店 觀音觀愛店附近,bus,🚌 公車站,桃園市觀音區,中山路二段跟大福路路口,25.0068006,121.1458389,verified,0,0,2026-03-31 08:07:14,,,
1130,硬硬精工,park,🍀 公園,新北市鶯歌區,鶯桃路296巷,24.961433,121.335736,verified,0,0,2026-03-31 05:01:15,,,
1129,外交部,park,🍀 公園,台北市中正區,臺北市中正區建國里凱達格蘭大道2號B1,25.039115,121.516889,verified,1,1,2026-03-31 04:41:09,,2026-05-26 00:28:39,
1128,台南機場/空軍基地外圍,airport,✈️ 機場,台南市南區,台南市機場路,22.944568,120.216766,verified,3,0,2026-03-31 03:13:46,,2026-05-16 18:07:55,
1127,六悅食堂,airport,✈️ 機場,屏東縣屏東市,900屏東縣屏東市機場北路,22.6825038,120.4714286,verified,6,0,2026-03-30 19:30:56,,2026-05-28 18:28:41,
1126,翔泓果菜批發,pharmacy,💊 藥局,屏東縣屏東市,900屏東縣屏東市機場北路,22.6803755,120.4725173,verified,3,0,2026-03-30 19:28:41,,2026-09-19 04:57:04,
1125,國軍屏東財務組,airport,✈️ 機場,屏東縣屏東市,屏東縣屏東市機場南路,22.6773346,120.4727389,verified,2,0,2026-03-30 19:22:01,,2026-05-07 05:54:26,
1123,二重埔夜市附近郵局,postoffice,📮 郵局,新竹縣竹東鎮,從警察局往夜市方向走，遠離公車站即可,24.7657223,121.0575644,verified,2,0,2026-03-30 15:56:05,,2026-07-28 13:26:44,
1121,嘉豐國小對面人行道,laundry,👕 自助洗衣店,新竹縣竹北市,新竹縣竹北市福興東路二段216號（附近有超市，要稍微移一下）,24.8133462,121.0297898,verified,2,3,2026-03-30 15:43:39,,2026-05-23 02:04:52,
1120,宜華蛋餅附近的壽司店,sushi,🍣 壽司店,苗栗縣苗栗市,從宜華蛋餅出來左轉往自治路走，稍微遠離7-11就有了（蛋餅好吃可以順便吃）,24.567974,120.8156878,verified,1,1,2026-03-30 15:36:59,,2026-05-03 03:43:43,
1119,龍吟街巷子內,curry,🍛 咖哩餐廳,桃園市龍潭區,龍吟街24巷或40巷走深一點,24.850727,121.2265771,verified,4,5,2026-03-30 15:33:29,,2026-06-21 11:16:49,
1118,愛買附近的路邊,sweetshop,🍩 甜點店,新竹市東區,在人行道上，稍微往愛買方向走,24.8037426,120.9969723,verified,6,7,2026-03-30 15:29:22,,2026-09-09 13:54:52,
1117,Tiger後面巷子,park,🍀 公園,新竹市東區,新竹市東區關東里光復路一段268巷30弄29號,24.7832687,121.0216714,verified,0,2,2026-03-30 15:26:58,,,
1116,生醫園區附近路邊,cafe,☕ 咖啡店,新竹縣竹北市,靠近生醫園區這邊的路邊，旁邊有機車停車場，要動一下（旁邊有公園干擾）,24.8038327,121.0490011,verified,4,4,2026-03-30 15:24:54,,2026-05-09 16:25:37,
1115,竹中車站附近,bridge,🌉 橋梁,新竹縣竹東鎮,新竹縣竹東鎮頭重里竹中路288號,24.7810159,121.0334627,verified,1,0,2026-03-30 15:22:57,,2026-04-06 10:23:25,
1114,金山東三街水邊,waterside,🎣 水邊,新竹市東區,新竹市東區金山里金山東街37號,24.7786004,121.0276638,verified,0,0,2026-03-30 15:21:29,,,
1113,克泰利外語補習班,cafe,☕ 咖啡店,高雄市苓雅區,永靖街,22.620196,120.315591,verified,4,0,2026-03-30 13:19:25,,2026-06-14 02:55:05,
1112,Studio A,electronics,🔋 電器行,苗栗縣頭份市,執綠而居門口,24.6911839,120.9044091,verified,2,1,2026-03-30 12:20:47,,2026-08-19 08:27:11,
1111,路邊（要繞一下看看,forest,🌲 森林,台南市善化區,路邊，可能要找一下,23.125755,120.299412,verified,0,0,2026-03-30 11:36:31,,,
1110,一圈路邊都是,forest,🌲 森林,台南市善化區,一圈路邊都是,23.125484,120.300447,verified,0,1,2026-03-30 11:34:31,,,
1109,歷史博物館,stadium,🏟️ 體育館,台南市安南區,機車停車場,23.059215,120.231865,verified,10,0,2026-03-30 11:13:44,,2026-08-14 16:36:56,
1108,宏銘電腦旁路口,bus,🚌 公車站,新北市新莊區,新北市新莊區光明里民安西路312號,25.011924,121.426447,verified,0,0,2026-03-30 11:10:37,,,
1107,太保水牛厝太子宮,restaurant,🍽️ 餐廳,嘉義縣太保市,嘉義縣太保市和平路59號,23.498301,120.388763,verified,2,0,2026-03-30 11:06:40,,2026-08-10 17:20:27,
1106,水牛厝東營兵蔣公附近,clothesstore,👗 服飾店,嘉義縣太保市,嘉義縣太保市中正路2號,23.499685,120.388431,verified,4,0,2026-03-30 11:05:21,,2026-06-26 18:17:53,
1105,臺中市立烏日幼兒園榮泉分班附近,park,🍀 公園,台中市烏日區,臺中市烏日區榮泉里榮泉路5f號榮泉公園寵物活動區,24.108189,120.5937447,verified,0,0,2026-03-30 09:52:35,,,
1104,烏日林新醫院附近,restaurant,🍽️ 餐廳,台中市烏日區,台中市烏日區健行路174號,24.1095793,120.6001944,verified,0,0,2026-03-30 09:41:07,,,
1103,好市多衛生紙區或板南路路邊,themePark,🎢 主題樂園,新北市中和區,新北市中和區中山路二段347號,25.001723,121.492069,verified,8,6,2026-03-30 08:56:50,,2026-08-23 16:00:52,
1102,芊芊髮藝,supermarket,🍌 超市,新北市中和區,新北市中和區新生街242巷口,24.997857,121.483696,verified,3,1,2026-03-30 08:53:13,,2026-05-25 07:52:05,
1101,purrfect picks,cafe,☕ 咖啡店,台北市文山區,臺北市文山區萬隆里景福街100號,24.9984121,121.5369667,verified,14,2,2026-03-30 08:50:16,,2026-07-11 19:39:06,
1100,沙鹿之翼,bridge,🌉 橋梁,台中市沙鹿區,臺中市沙鹿區竹林里三民路2號,24.237898,120.569491,verified,1,0,2026-03-30 08:49:28,,2026-05-25 05:28:13,
1099,林內門口,bakery,🥖 麵包店,嘉義市東區,嘉義市東區南興路143號,23.466533,120.458952,verified,9,0,2026-03-30 08:29:31,,2026-09-20 13:01:06,
1098,台大龍門,park,🍀 公園,台北市大安區,臺北市大安區龍淵里和平東路二段76巷17弄3號,25.0233491,121.5401729,verified,1,1,2026-03-30 07:51:00,,2026-05-26 11:55:19,
1097,電池、仙女燈純點,electronics,🔋 電器行,宜蘭縣宜蘭市,弘益電器行旁,24.75567712740485,121.75424651942566,verified,3,5,2026-03-30 07:35:30,,2026-06-09 23:22:55,
1096,羅東壽司純點,sushi,🍣 壽司店,宜蘭縣羅東鎮,藏壽司附近，但不是在藏壽司,24.675415,121.778664,verified,10,0,2026-03-30 07:32:29,,2026-08-14 21:54:53,
1095,圓緣小吃,laundry,👕 自助洗衣店,屏東縣麟洛鄉,屏東縣麟洛鄉中正路120號,22.647083,120.524532,verified,0,1,2026-03-30 06:23:21,,,
1094,鳳山商工公車站跟正門中間,bus,🚌 公車站,高雄市鳳山區,高雄市鳳山區鳳山商工,22.635831,120.357427,verified,0,0,2026-03-30 05:47:11,,,
1093,南崁台企,electronics,🔋 電器行,桃園市桃園區,南崁台企門口,25.049536,121.290582,verified,5,1,2026-03-30 05:31:06,,2026-09-10 06:01:16,
1092,Time Motor,cafe,☕ 咖啡店,嘉義市東區,"No. 315, No. 600世賢路四段東區嘉義市台灣 600",23.464953,120.451494,verified,6,0,2026-03-30 04:39:29,,2026-06-02 16:53:33,
1091,嘉義市新庄白沙王廟,bridge,🌉 橋梁,嘉義市西區,嘉義市西區新庄一街52號,23.463358,120.447593,verified,0,0,2026-03-30 04:37:16,,,
1090,經國新城,sushi,🍣 壽司店,嘉義市西區,嘉義市西區永安街316號,23.470425,120.443858,verified,14,1,2026-03-30 04:31:05,,2026-08-10 13:41:04,
1089,經國新城,minimart,🏪 便利商店,嘉義市西區,志昇街29-35號（推拿店門口）,23.469238,120.44448,verified,0,0,2026-03-30 04:26:52,,,
1088,西園公園,park,🍀 公園,台北市萬華區,臺北市萬華區日善里東園街35巷64 樓2號,25.027114,121.497752,verified,1,0,2026-03-30 03:56:00,,2026-05-07 10:42:33,
1087,原佃郵局,postoffice,📮 郵局,台南市安南區,台南市安南區原佃里怡安路二段462號,23.044355,120.197356,verified,4,0,2026-03-30 02:12:39,,2026-08-12 23:34:48,
1086,客家小吃旁,clothesstore,👗 服飾店,桃園市八德區,334桃園市八德區桃57鄉道776號跟774號之間,24.9574801,121.3177682,verified,0,2,2026-03-29 23:46:27,,,
1085,小港森林公園,park,🍀 公園,高雄市小港區,松園六路清景麟,22.570111,120.368198,verified,2,0,2026-03-29 19:13:45,,2026-05-02 04:22:06,
1084,小港森林公園,supermarket,🍌 超市,高雄市小港區,小港森林公園靠近健身工廠旁路口,22.570091,120.369283,verified,0,0,2026-03-29 19:05:22,,,
1083,三重交流道旁,park,🍀 公園,新北市三重區,新北市三重區元信二街落雨松步道,25.0765965,121.4958863,verified,2,0,2026-03-29 17:14:57,,2026-05-31 09:52:45,
1081,百老匯影城,movie,🎬 電影院,新竹縣竹北市,新竹縣竹北市鹿場里自強南路8號9號,24.8192076,121.0273486,verified,16,19,2026-03-29 15:51:00,,2026-05-19 12:15:08,
1080,埔心郵局,postoffice,📮 郵局,彰化縣埔心鄉,513彰化縣埔心鄉忠義北路70號,23.953934,120.5434138,verified,0,0,2026-03-29 15:47:48,,,
1079,埔心鄉新館綠動公園,park,🍀 公園,彰化縣埔心鄉,512彰化縣埔心鄉新館路1巷180號,23.9376889,120.531025,verified,1,0,2026-03-29 15:45:17,,2026-05-26 10:47:54,
1078,吉利貨車出租那個轉角,sushi,🍣 壽司店,新北市新莊區,新莊區思源路110號,25.0466446,121.4601422,verified,1,2,2026-03-29 15:33:09,,2026-05-18 11:35:59,
1077,中山高速公路,forest,🌲 森林,新北市汐止區,新北市汐止區江北里汐萬路一段256巷3號,25.0740563,121.6524727,verified,0,0,2026-03-29 13:10:58,,,
1076,飛機模型陳列館,airport,✈️ 機場,新竹市北區,新竹市北區古賢里東大路三段104之1號,24.829435,120.954361,verified,1,2,2026-03-29 12:43:48,,2026-09-09 13:54:34,
1075,芳媛能量,minimart,🏪 便利商店,新竹市東區,新竹市東區關東里市8鄉道128號,24.7844437,121.0222303,verified,0,0,2026-03-29 12:39:20,,,
1073,7-eleven埔頂門市,minimart,🏪 便利商店,桃園市大溪區,335桃園市大溪區埔頂路一段468號7-ELEVEN 埔頂門市,24.9052175,121.2770623,verified,1,0,2026-03-29 12:04:53,,2026-05-19 04:55:07,
1072,赤崁海濱,beach,🐚 海灘,高雄市梓官區,那一條路幾乎都是貝殼純點,22.7347465,120.2471145,verified,7,5,2026-03-29 11:37:35,,2026-08-31 12:58:12,
1071,東洋狗學校,airport,✈️ 機場,高雄市梓官區,高雄市梓官區梓信里信義路320之28號,22.7671759,120.2589477,verified,5,0,2026-03-29 11:34:44,,2026-09-15 09:40:42,
1070,全家便利商店-五里林店,minimart,🏪 便利商店,高雄市橋頭區,高雄市橋頭區三德里五林路106號,22.7625233,120.2936659,verified,1,0,2026-03-29 11:27:41,,2026-04-29 03:29:10,
1069,杜記小籠包,library,📚 圖書館/書店,桃園市中壢區,榮民路200號,24.965881,121.260989,verified,1,0,2026-03-29 08:12:30,,2026-06-15 22:55:09,
1068,群松園藝,bridge,🌉 橋梁,台北市中山區,臺北市中山區大佳里濱江街289號,25.072413,121.544562,verified,0,0,2026-03-29 08:06:45,,,
1067,瑞明建設股份有限公司,restaurant,🍽️ 餐廳,苗栗縣頭份市,苗栗縣頭份市蟠桃里中央路399號,24.693419,120.8985627,verified,1,0,2026-03-29 08:04:12,,2026-04-05 16:51:00,
1066,鴻邦自動化有限公司,hotel,🏨 飯店,苗栗縣頭份市,苗栗縣竹南鎮頂埔里中華路34巷30號,24.707218,120.926568,verified,0,1,2026-03-29 08:02:29,,,
1065,鴻邦自動化有限公司,waterside,🎣 水邊,苗栗縣竹南鎮,苗栗縣竹南鎮頂埔里中華路34巷31號,24.70717,120.926632,verified,0,0,2026-03-29 08:01:06,,,
1064,鼎金郵局附近／鼎信街口,postoffice,📮 郵局,高雄市三民區,高雄市三民區鼎強街,22.6684932,120.3220329,verified,2,0,2026-03-29 06:59:58,,2026-09-02 04:08:18,
1063,台北市萬華區孝德里辦公處,park,🍀 公園,台北市萬華區,臺北市萬華區環河南路三段181號,25.022265,121.491862,verified,0,1,2026-03-29 06:22:58,,,
1062,全家便利商店,minimart,🏪 便利商店,台中市梧棲區,臺中市梧棲區頂寮里大仁路二段291巷398號6號,24.26393,120.533383,verified,0,0,2026-03-29 06:18:35,,,
1061,福樟良材-木創工坊(阿叔拍攝地點-正興木作),restaurant,🍽️ 餐廳,嘉義市東區,嘉義市東區維新路134巷37號,23.485511,120.460014,verified,2,1,2026-03-29 05:53:55,,2026-06-01 22:58:48,
1060,五股孝恩塔,roadside,🪙 路邊,新北市五股區,新北市五股區孝義路80號，有時會變森林,25.114803,121.449823,verified,1,0,2026-03-29 05:25:19,2026-05-02 07:11:58,2026-05-05 11:11:16,
1059,綜合運動場,bakery,🥖 麵包店,新北市土城區,運動場正門口位置可掃描麵包純點,24.9845607,121.4546219,verified,1,3,2026-03-29 04:44:54,,2026-06-13 12:02:16,
1058,芳姐早餐店,minimart,🏪 便利商店,新竹市東區,新竹市東區關東路62號,24.783334,121.022647,verified,0,0,2026-03-29 04:23:48,,,
1057,關廟三官府,forest,🌲 森林,台南市關廟區,臺南市關廟區長榮街332號,22.910081,120.33847,verified,0,0,2026-03-29 03:46:59,,,
1056,慈濟醫院急診室,bus,🚌 公車站,新北市新店區,新北市新店區復興里建國路289號,24.986594,121.535489,verified,0,0,2026-03-29 03:43:15,,,
1054,台中國際機場附設機車停車場出口處,airport,✈️ 機場,台中市沙鹿區,臺中市沙鹿區西勢里中航路一段168號,24.254462,120.599501,verified,1,0,2026-03-28 18:49:59,,2026-06-06 13:19:40,
1053,海灣繪本館,themePark,🎢 主題樂園,台中市清水區,436臺中市清水區中社路54號,24.26842,120.557349,verified,1,2,2026-03-28 18:46:22,,2026-05-25 05:29:25,
1052,晨間廚房鼎中店,park,🍀 公園,高雄市三民區,高雄市三民區鼎中路,22.6722332,120.3211237,verified,0,0,2026-03-28 15:26:58,,,
1050,高雄展覽館前成功2路上,station,🚂 車站,高雄市前鎮區,在展覽館與軟體園區之間,22.607015,120.300331,verified,2,1,2026-03-28 15:02:46,,2026-09-06 00:36:48,
1049,航空警察局台北分局,airport,✈️ 機場,台北市松山區,台北市松山區敦化北路409號,25.038078,121.281425,verified,3,2,2026-03-28 14:37:45,,2026-09-07 14:12:42,
1048,好市多北投店,restaurant,🍽️ 餐廳,台北市北投區,臺北市北投區一德里立德路117號,25.127384,121.469859,verified,1,0,2026-03-28 13:32:59,,2026-05-01 15:58:31,
1047,DHL Express Service Point (全家伸港雙興店),minimart,🏪 便利商店,彰化縣伸港鄉,彰化縣伸港鄉七嘉村建興路270號,24.1467921,120.4928374,verified,0,0,2026-03-28 10:53:01,,,
1046,凱奕有限公司,laundry,👕 自助洗衣店,彰化縣伸港鄉,彰化縣伸港鄉新港村新港路309巷6號,24.1490331,120.4882032,verified,5,0,2026-03-28 10:51:09,,2026-07-24 23:14:22,
1045,建興路，嘉興路口洪鼎企業社,clothesstore,👗 服飾店,彰化縣伸港鄉,彰化縣伸港鄉七嘉村建興路306號,24.1476004,120.4928863,verified,0,0,2026-03-28 10:50:19,,,
1044,榮成冷氣行,clothesstore,👗 服飾店,彰化縣伸港鄉,彰化縣伸港鄉泉州村仁愛路100-1號,24.1477871,120.4829879,verified,0,0,2026-03-28 10:49:15,,,
1043,麻善大橋,bridge,🌉 橋梁,台南市善化區,麻善大橋,23.167935,120.2653,verified,0,0,2026-03-28 10:49:13,,,
1042,伸港站(水尾),bus,🚌 公車站,彰化縣伸港鄉,彰化縣伸港鄉伸港站(水尾),24.1478889,120.4782314,verified,0,0,2026-03-28 10:48:09,,,
1041,鳥埤人工濕地/城林橋下,park,🍀 公園,新北市土城區,要往沒有轉彎的那裡前進一小段 是河濱公園,24.997935,121.439892,verified,0,0,2026-03-28 10:45:03,,,
1040,桃園中壢,station,🚂 車站,桃園市中壢區,內壢永強街上土地公,24.970396,121.258653,verified,1,0,2026-03-28 10:31:07,,2026-06-09 07:58:00,
1039,梧棲大排,waterside,🎣 水邊,台中市梧棲區,臺中市梧棲區大村里文心街81巷56號,24.2399091,120.54696,verified,1,0,2026-03-28 10:24:27,,2026-04-29 16:12:43,
1038,SALOMON 台北大巨蛋直營門市,movie,🎬 電影院,台北市信義區,臺北市信義區新仁里忠孝東路四段505號1 樓,25.0444955,121.5587103,verified,42,9,2026-03-28 06:43:45,,2026-08-05 00:09:38,
1037,長春墅,laundry,👕 自助洗衣店,新竹市東區,新竹市東區龍山里長春街163巷1號,24.789509,121.015574,verified,12,3,2026-03-28 06:43:45,,2026-08-18 12:20:09,
1036,福王府,diy,🔧 五金行,屏東縣潮州鎮,屏東縣潮州鎮崙東里崙新南路106號,22.519692,120.572801,verified,0,1,2026-03-28 06:40:54,,,
1035,桂子山,mountain,⛰️ 山丘,台南市南區,台南市水交路,22.978272,120.202752,verified,6,0,2026-03-28 06:25:58,,2026-06-02 06:16:38,
1034,雄中外圍,clothesstore,👗 服飾店,高雄市三民區,鐵道三街,22.6398813,120.2982927,verified,0,0,2026-03-28 06:24:11,,,
1033,西盛教會,minimart,🏪 便利商店,新北市新莊區,新北市新莊區光華里西盛街395巷1號,25.012797,121.42794,verified,0,0,2026-03-28 06:11:59,,,
1032,石潭公園,park,🍀 公園,台北市內湖區,臺北市內湖區石潭里成功路二段17號,25.06355,121.591533,verified,2,0,2026-03-28 05:51:25,,2026-08-21 04:48:48,
1031,基督教聖經學院外,bus,🚌 公車站,新竹市東區,聖經書院大門外，靠近全家便利商店,24.7922849,120.9736149,verified,1,0,2026-03-28 05:49:00,,2026-09-09 13:54:51,
1030,工研院光復院區,italian,🍕 義式餐廳,新竹市東區,工研院圍牆旁，尼奧室內設計與鐵製竹橋中間,24.79931412120053,120.9864043749235,verified,3,0,2026-03-28 05:40:07,2026-05-02 07:11:58,2026-09-06 10:42:10,
1029,昌祐北美館社區,laundry,👕 自助洗衣店,新竹市北區,300新竹市北區北大路166巷57號,24.8116715,120.9662737,verified,7,0,2026-03-28 05:37:13,,2026-08-20 12:06:15,
1028,印尼店,restaurant,🍽️ 餐廳,嘉義市東區,嘉義市東區軍輝路180號,23.4558618,120.4603632,verified,3,0,2026-03-28 05:02:31,,2026-06-28 04:00:57,
1027,永福橫移門,park,🍀 公園,新北市永和區,新北市永和區竹林里環河東路二段92號永福橫移門,25.0105148,121.5240864,verified,2,0,2026-03-28 04:10:48,,2026-05-18 09:25:14,
1026,莊記早午餐,restaurant,🍽️ 餐廳,新竹市北區,新竹市北區榮濱路25號,24.840788,120.930035,verified,0,0,2026-03-28 04:05:20,,,
1025,風之海岸旅館(聖軍路上),minimart,🏪 便利商店,新竹市北區,新竹市北區聖軍路40-68,24.842152,120.929193,verified,0,0,2026-03-28 04:03:19,,,
1024,極度自然髮作坊嗎附近,hairsalon,✂️ 美容院,桃園市八德區,334桃園市八德區廣豐三街No. 6號,24.9651,121.2956668,verified,0,5,2026-03-28 04:03:18,,,
1023,木星人·手作/木星基地周圍巷子,waterside,🎣 水邊,新竹市東區,新竹市東區長春街156巷,24.789614,121.0166,verified,0,0,2026-03-28 03:59:33,,,
1022,南華國小周圍巷子裡,cafe,☕ 咖啡店,新竹市北區,新竹市北區東大路四段277巷17弄2-14,24.843923,120.928346,verified,3,0,2026-03-28 03:54:56,,2026-04-07 10:05:48,
1021,新店區,restaurant,🍽️ 餐廳,新北市新店區,耕莘醫院,24.977866,121.535412,verified,0,2,2026-03-28 02:58:09,,,
1020,光明六路東二段,cafe,☕ 咖啡店,新竹縣竹北市,世興棒壘球場附近,24.8117059,121.0373177,verified,1,2,2026-03-28 01:14:56,,2026-04-07 10:05:49,
1019,木頭爵士｜木工訂製 木工教學,forest,🌲 森林,南投縣草屯鎮,富林路一段開車經過可以搜,23.9731576,120.6964103,verified,1,0,2026-03-28 01:00:08,,2026-06-10 18:35:53,
1018,藍昌路空地,restaurant,🍽️ 餐廳,高雄市楠梓區,空地,22.719492,120.29071,verified,2,0,2026-03-27 23:56:21,,2026-05-17 01:55:25,
1017,早安美芝城,ramen,🍜 拉麵店,高雄市楠梓區,中間店面才有喔,22.719947,120.290555,verified,1,0,2026-03-27 23:50:10,,2026-04-04 09:21:18,
1016,樹谷園區入口,forest,🌲 森林,台南市新市區,要銜接南科的樹谷園區入口,23.089338,120.261804,verified,1,0,2026-03-27 20:28:28,,2026-05-03 13:44:31,
1014,清風亭,forest,🌲 森林,新竹縣芎林鄉,清風亭,24.789419,121.073255,verified,0,0,2026-03-27 18:17:01,,,
1013,瑾諺工程有限公司,italian,🍕 義式餐廳,新竹縣芎林鄉,新竹縣竹東鎮仁愛里竹林大橋770號,24.749316,121.094203,verified,0,1,2026-03-27 18:15:03,,,
1012,陽明交通大學,university,🎓 大學/學院,新竹市東區,300新竹市東區科園里附近,24.785466,121.002174,verified,5,0,2026-03-27 17:05:00,,2026-06-12 13:41:44,
1011,蘭潭4號平台,waterside,🎣 水邊,嘉義市東區,4號平台,23.472128,120.482324,verified,0,1,2026-03-27 16:59:01,,,
1010,露易莎咖啡,cafe,☕ 咖啡店,嘉義縣番路鄉,台灣嘉義縣番路鄉觸口村,23.446175,120.585836,verified,1,0,2026-03-27 16:53:38,,2026-04-07 10:05:50,
1009,7-ELEVEN 觀升門市,minimart,🏪 便利商店,桃園市觀音區,桃園市觀音區藍埔里桃84鄉道492號,24.993534,121.112223,verified,1,0,2026-03-27 15:26:29,,2026-08-23 05:55:33,
1008,全國加油站,cafe,☕ 咖啡店,宜蘭縣宜蘭市,宜蘭縣宜蘭市南津里中山路一段545號,24.73559,121.762094,verified,1,0,2026-03-27 14:45:23,,2026-04-07 10:05:53,
1007,南郭國小,waterside,🎣 水邊,彰化縣彰化市,南郭國小外圍,24.0709312,120.548064,verified,0,0,2026-03-27 14:31:29,,,
1006,彰化縣政府社會處,minimart,🏪 便利商店,彰化縣彰化市,彰化縣彰化市介壽里中興路100巷13號,24.0703661,120.545993,verified,0,0,2026-03-27 14:30:38,,,
1005,夏普震旦彰化曉陽 電信手機配件．夏普家電直營,ramen,🍜 拉麵店,彰化縣彰化市,彰化縣彰化市曉陽路19號,24.0721177,120.5418443,verified,0,0,2026-03-27 14:29:54,,,
1004,樂陶料理所,italian,🍕 義式餐廳,彰化縣彰化市,彰化縣彰化市華北里中山路二段382巷22-3號,24.0740655,120.5450056,verified,2,0,2026-03-27 14:27:50,,2026-05-31 14:16:33,
1003,Amis Hair Studio x 阿密斯髮匠,forest,🌲 森林,彰化縣彰化市,全家門口靠公園路,24.0762365,120.5472839,verified,0,0,2026-03-27 14:26:04,,,
1002,博仕文理補習班,laundry,👕 自助洗衣店,新北市三重區,碧華街259號,25.0832207,121.4896119,verified,14,0,2026-03-27 13:44:43,,2026-08-24 16:09:38,
1001,八卦可麗都,cafe,☕ 咖啡店,高雄市仁武區,高雄市仁武區京吉二路31~53號,22.683896,120.343339,verified,3,0,2026-03-27 13:34:38,,2026-05-22 16:07:26,
1000,吳師父養生館 金馬店,electronics,🔋 電器行,彰化縣彰化市,彰化縣彰化市西興里金馬路三段697號,24.074552,120.531732,verified,0,1,2026-03-27 13:12:24,,,
999,710臺南市永康區尚頂里,bus,🚌 公車站,台南市永康區,府城汽車客運總公司附近,23.0265652,120.2328589,verified,3,0,2026-03-27 13:10:57,,2026-05-05 08:39:58,
998,台北市松菸,movie,🎬 電影院,台北市信義區,臺北市信義區新仁里忠孝東路四段505號1 樓,25.0444955,121.5587103,verified,37,3,2026-03-27 12:47:52,,2026-08-12 07:42:03,
997,府安路五段267巷25號,electronics,🔋 電器行,台南市安南區,小巷弄裡勿開車進來,23.021507,120.193175,verified,3,0,2026-03-27 12:44:23,,2026-08-12 23:34:52,
996,大水溝邊,waterside,🎣 水邊,彰化縣永靖鄉,512彰化縣永靖鄉五常巷161弄98號（附近）,23.904632,120.546589,verified,0,0,2026-03-27 12:31:10,,,
995,富東公園,park,🍀 公園,台南市安南區,臺南市安南區溪東里府安路五段119巷3,23.025574,120.199226,verified,0,0,2026-03-27 12:11:06,,,
994,國統紅豆湯圓（冷熱飲）,ramen,🍜 拉麵店,澎湖縣馬公市,澎湖縣馬公市光明里信義路57號,23.5728099,119.568615,verified,1,0,2026-03-27 11:53:01,,2026-06-05 13:02:07,
993,國立澎湖科技大學 體適能中心 N.P.U Fitness Center,university,🎓 大學/學院,澎湖縣馬公市,澎湖縣馬公市西衛里六合路300號行政教學大樓,23.5755533,119.5815083,verified,0,0,2026-03-27 11:52:39,,,
992,澎湖縣多功能綜合體育館,stadium,🏟️ 體育館,澎湖縣馬公市,澎湖縣馬公市陽明里中華路238之1號,23.5693466,119.57945,verified,1,0,2026-03-27 11:51:41,,2026-06-13 01:45:08,
991,舒飛美語補習班,minimart,🏪 便利商店,澎湖縣馬公市,澎湖縣馬公市西文里文學路27號,23.56750666,119.58267166,verified,0,0,2026-03-27 11:51:17,,,
990,沐光花坊,hotel,🏨 飯店,澎湖縣馬公市,澎湖县马公市光荣里三多路370巷40號,23.57836833,119.5700933,verified,1,0,2026-03-27 11:50:56,,2026-05-06 19:28:03,
989,文東商行,hotel,🏨 飯店,澎湖縣馬公市,澎湖縣馬公市案山里文安路160號,23.56229166,119.58095,verified,0,0,2026-03-27 11:50:36,,,
988,西嶼東臺,mountain,⛰️ 山丘,澎湖縣西嶼鄉,HG87+9M 台灣澎湖縣西嶼鄉內垵村,23.56592833,119.514201666,verified,0,1,2026-03-27 11:50:02,,,
987,海巡署 奎壁山雷達站,mountain,⛰️ 山丘,澎湖縣湖西鄉,HMXC+W5 台灣澎湖縣湖西鄉北寮村,23.59979166,119.67040833,verified,0,1,2026-03-27 11:49:34,,,
986,澎湖夏綠第民宿,supermarket,🍌 超市,澎湖縣馬公市,澎湖縣馬公市東衛里129-61號,23.5697266,119.607413,verified,0,1,2026-03-27 11:48:55,,,
985,,bridge,🌉 橋梁,澎湖縣白沙鄉,澎湖縣白沙鄉講美村203縣道,23.62345166,119.605033,verified,0,0,2026-03-27 11:48:15,,,
984,國土署南區都市基礎工程分署澎湖工務所,restaurant,🍽️ 餐廳,澎湖縣馬公市,澎湖縣馬公市東文里新生路533號,23.564899,119.5856683,verified,0,0,2026-03-27 11:47:32,,,
983,澎湖化石館,library,📚 圖書館/書店,澎湖縣馬公市,澎湖縣馬公市陽明里中華路236號 號,23.570415,119.577275,verified,0,0,2026-03-27 10:16:18,,,
982,岐頭親水民宿,themePark,🎢 主題樂園,澎湖縣白沙鄉,澎湖縣白沙鄉岐頭村45-6號,23.650665,119.6053133333333,verified,2,1,2026-03-27 10:15:46,,2026-07-17 23:42:28,
981,澎湖童樂園,forest,🌲 森林,澎湖縣湖西鄉,HJ66+2W 台灣澎湖縣湖西鄉城北村,23.560085,119.6123566666667,verified,0,0,2026-03-27 10:15:11,,,
980,,forest,🌲 森林,澎湖縣湖西鄉,HJ6C+54 台灣澎湖縣湖西鄉城北村,23.560465,119.6203383333334,verified,0,0,2026-03-27 10:14:35,,,
979,蜩鳴宮,forest,🌲 森林,澎湖縣白沙鄉,澎湖縣白沙鄉17、,23.660195,119.5973683333333,verified,0,0,2026-03-27 10:13:05,,,
978,,bridge,🌉 橋梁,澎湖縣西嶼鄉,JGVV+Q9 台灣澎湖縣西嶼鄉橫礁村,23.64444,119.54346,verified,0,0,2026-03-27 10:12:23,,,
977,宿舍,postoffice,📮 郵局,澎湖縣馬公市,澎湖縣馬公市陽明里新生路149巷12號,23.570326666666,119.5734966666667,verified,0,0,2026-03-27 10:11:22,,,
976,西嶼郵局,postoffice,📮 郵局,澎湖縣西嶼鄉,澎湖縣西嶼鄉池東村212-1,23.5994066666666,119.51073,verified,0,0,2026-03-27 10:10:38,,,
975,華庭小吃館,pharmacy,💊 藥局,澎湖縣馬公市,澎湖縣馬公市東文里新店路539號,23.56358333333334,119.5850233333333,verified,4,1,2026-03-27 10:09:54,,2026-09-21 01:42:27,
974,牧羊人咖啡館,cafe,☕ 咖啡店,澎湖縣西嶼鄉,澎湖縣西嶼鄉二崁村12號,23.6031866,119.518415,verified,2,0,2026-03-27 10:08:12,,2026-04-28 12:36:18,
973,鑫鴻小吃部-澎湖馬公必吃熱炒|道地海鮮|海鮮熱炒|合菜餐廳|海鮮餐廳推薦|熱炒推薦|薑母鴨推薦|必吃羊肉爐,hotel,🏨 飯店,澎湖縣馬公市,澎湖縣馬公市東文里新店路500號,23.5634166,119.584225,verified,0,0,2026-03-27 10:07:26,,,
972,順發商號,restaurant,🍽️ 餐廳,澎湖縣白沙鄉,澎湖縣白沙鄉港子村52,23.64787833,119.59939,verified,0,0,2026-03-27 10:06:20,,,
971,,restaurant,🍽️ 餐廳,澎湖縣,PPXHH7P+H4,24.56396166,119.58526,verified,0,0,2026-03-27 10:05:35,,,
970,必翔,bridge,🌉 橋梁,新竹縣湖口工業區,303新竹縣湖口鄉工業五路7號,24.858178,121.016305,verified,0,0,2026-03-27 09:43:35,,,
969,大聖廟,pharmacy,💊 藥局,台南市安南區,臺南市安南區州南里安和路四段274巷28弄70號,23.056405,120.220517,verified,4,0,2026-03-27 09:32:49,,2026-08-15 03:21:51,
966,宏匯廣場全家便利商店,movie,🎬 電影院,新北市新莊區,靠近全家櫃台,25.058926,121.448915,verified,5,12,2026-03-27 09:22:34,,2026-05-18 15:15:05,
965,霸總火鍋,supermarket,🍌 超市,桃園市平鎮區,金城街上的霸總火鍋和旁邊的洗車場可以掃到,24.9115443,121.2101033,verified,1,0,2026-03-27 08:33:24,,2026-04-27 10:07:04,
964,承德電器,electronics,🔋 電器行,桃園市中壢區,桃園市中壢區五權里中大路20號,24.9697683,121.2009224,verified,2,0,2026-03-27 07:55:33,,2026-09-16 11:44:17,
963,泡菜,korean,🥬 韓式餐廳,桃園市大溪區,和二路58號對面,24.8819135,121.2907798,verified,11,6,2026-03-27 07:50:43,,2026-06-19 05:21:33,
962,儂來檳榔,electronics,🔋 電器行,台中市大雅區,"臺中市大雅區雅環路一段428號, 68",24.21733,120.652404,verified,0,0,2026-03-27 07:49:50,,,
961,太武新村23號眷舍,themePark,🎢 主題樂園,桃園市大溪區,桃園市大溪區仁武里22,24.902525,121.281642,verified,2,3,2026-03-27 07:48:07,,2026-05-20 07:00:47,
960,亮點57,diy,🔧 五金行,新竹市北區,新竹市北區民富里少年街104巷12號,24.806141,120.957016,verified,5,2,2026-03-27 07:45:52,,2026-09-09 13:54:37,
959,SYS.FORMY // Diagnostics,hotel,🏨 飯店,桃園市桃園區,桃園市桃園區大林里榮華街33號,24.975672,121.3220414,verified,2,1,2026-03-27 07:27:48,,2026-07-15 04:42:01,
958,金SPA會館,hotel,🏨 飯店,桃園市楊梅區,桃園市楊梅區永寧里東森路20號二樓號,24.887585,121.161449,verified,1,0,2026-03-27 07:26:52,,2026-09-17 22:04:45,
957,福容大飯店 花蓮,hotel,🏨 飯店,花蓮縣花蓮市,花蓮縣花蓮市民運里民享八街1號,23.996066,121.632986,verified,1,0,2026-03-27 07:25:58,,2026-06-11 02:25:34,
956,社頭清水岩龍泉宮,forest,🌲 森林,彰化縣社頭鄉,彰化縣社頭鄉清水村清水岩路1號之2號,23.887352,120.614027,verified,0,1,2026-03-27 07:24:49,,,
955,修安室內裝修設計有限公司,laundry,👕 自助洗衣店,新北市中和區,新北市中和區秀山里大智街34巷3號三樓號,24.991971,121.521658,verified,10,0,2026-03-27 07:24:08,,2026-09-14 19:16:02,
954,知汐咖啡 Tidal cafe,laundry,👕 自助洗衣店,台中市西屯區,臺中市西屯區何福里寧夏東一街29號,24.168713,120.6618008,verified,5,1,2026-03-27 07:23:30,,2026-08-17 07:18:48,
953,鉅和科技有限公司,diy,🔧 五金行,新北市中和區,新北市中和區福善里福美路301巷44號,25.004048,121.497614,verified,5,1,2026-03-27 07:22:47,,2026-08-21 18:05:41,
952,兒童花園幼兒園,supermarket,🍌 超市,台中市豐原區,臺中市豐原區三村里同心街59號,24.237933,120.705365,verified,3,1,2026-03-27 07:21:28,,2026-06-15 12:05:42,
951,合心堂,supermarket,🍌 超市,台中市西屯區,臺中市西屯區何德里寧夏西一街30號,24.166875,120.659862,verified,3,0,2026-03-27 07:20:38,,2026-09-13 04:50:36,
950,辛峯食 關東煮x手作料理,supermarket,🍌 超市,台中市北區,臺中市北區健行里梅亭街519-1號,24.160419,120.671335,verified,4,0,2026-03-27 07:19:54,,2026-07-29 00:34:07,
949,青子Aoko — 早午餐、甜點店、咖啡廳、鹹派。（無接待三歲以下小孩，寵物友善，最晚預約16:30 入席）停車請搜尋『中和停車場』,supermarket,🍌 超市,台中市南屯區,臺中市南屯區中和里南光路76號,24.115621,120.624533,verified,1,0,2026-03-27 07:18:27,,2026-06-26 23:48:55,
948,C.N Hair,supermarket,🍌 超市,台南市安南區,臺南市安南區鳳凰里怡安路二段545巷6弄48號,23.0444662,120.1942364,verified,0,0,2026-03-27 07:17:45,,,
947,勁昌駕訓班 ｜高雄橋頭岡山梓官駕訓班推薦 ｜汽車駕訓班 ｜大重機考照｜機車駕訓班｜小型職業考照,supermarket,🍌 超市,高雄市橋頭區,高雄市橋頭區白樹里通樹路99號,22.756351,120.304208,verified,0,0,2026-03-27 07:17:00,,,
946,蓁蓁nails,bus,🚌 公車站,台北市士林區,臺北市士林區福順里重慶北路四段45號四樓號,25.080952,121.512987,verified,0,0,2026-03-27 07:15:36,,,
945,昌益藝術名宮2期,bus,🚌 公車站,新竹市北區,新竹市北區文雅里竹光路25巷10號五樓號,24.813591,120.9611843,verified,1,0,2026-03-27 07:14:52,,2026-09-09 13:54:27,
944,中社,bus,🚌 公車站,台中市后里區,臺中市后里區公館里三豐路五段402號,24.33445,120.730765,verified,0,0,2026-03-27 07:13:59,,,
943,嘉里大榮物流田中營業所,bus,🚌 公車站,彰化縣田中鎮,彰化縣田中鎮頂潭里員集路三段478號,23.875293,120.587963,verified,0,0,2026-03-27 07:13:14,,,
942,王功親子互動遊戲區,waterside,🎣 水邊,彰化縣芳苑鄉,彰化縣芳苑鄉王功村漁港路1780號,23.97031,120.324765,verified,0,0,2026-03-27 07:08:30,,,
941,貝林古堡 • 菲尼克斯教堂—葡式蛋撻,waterside,🎣 水邊,彰化縣埤頭鄉,彰化縣埤頭鄉和豊村斗苑東路1之68號,23.878208,120.501152,verified,1,0,2026-03-27 07:07:47,,2026-05-17 20:45:15,
940,廣田農機行,waterside,🎣 水邊,花蓮縣富里鄉,花蓮縣富里鄉竹田村東竹二路99號,23.219639,121.281969,verified,0,0,2026-03-27 07:06:56,,,
939,北門農工畜產保健科科辦,waterside,🎣 水邊,台南市佳里區,GH+5R 台灣臺南市佳里區六安里,23.175437,120.179558,verified,0,0,2026-03-27 07:06:10,,,
938,頑皮世界,zoo,🦁 動物園,台南市學甲區,J5+66 台灣臺南市學甲區三慶里,23.280524,120.208,verified,21,0,2026-03-27 06:59:04,,2026-08-13 13:41:20,
937,全聯福利中心 淡水義山店,movie,🎬 電影院,新北市淡水區,新北市淡水區崁頂里義山路二段303號,25.199464,121.437678,verified,12,1,2026-03-27 06:55:59,,2026-09-16 13:14:48,
936,魏姐包心粉圓 蘇澳服務區店,sweetshop,🍩 甜點店,宜蘭縣蘇澳鎮,宜蘭縣蘇澳鎮新城里蘇新路81號,24.621857,121.815472,verified,8,0,2026-03-27 06:51:44,,2026-08-17 00:07:51,
935,清水揪甘心愛團購,sweetshop,🍩 甜點店,台中市清水區,臺中市清水區南寧里鎮南街69號,24.267949,120.573107,verified,8,1,2026-03-27 06:51:01,,2026-06-06 15:17:03,
934,鐵又格｜快速安全捲門｜台南鐵捲門,sweetshop,🍩 甜點店,台南市歸仁區,臺南市歸仁區南興里182縣道532號,22.968897,120.275938,verified,6,0,2026-03-27 06:50:09,,2026-08-02 14:29:54,
933,豐樂停車場,artgallery,🎨 美術館,台中市南屯區,臺中市南屯區豐樂里豐偉路67號,24.130413,120.644898,verified,1,2,2026-03-27 06:39:20,,2026-06-28 06:22:12,
932,馥醍烘焙坊 仁愛店,bakery,🥖 麵包店,嘉義市西區,嘉義市西區志昇街81號/10000步的大花苗,23.469026,120.442948,verified,0,3,2026-03-27 05:18:30,,,
931,總統府跟台灣銀行中間,library,📚 圖書館/書店,台北市中正區,臺北市中正區建國里力行樓,25.041166,121.512333,verified,0,2,2026-03-27 04:50:41,,,
930,大肚區華山路,forest,🌲 森林,台中市大肚區,臺中市大肚區瑞井里瑞井路2號,24.160292,120.57134,verified,0,0,2026-03-27 03:35:43,,,
929,花東飛行場,airport,✈️ 機場,花蓮縣鳳林鎮,花東飛行場外圍幾乎都是,23.779197,121.474349,verified,0,0,2026-03-27 02:52:23,,,
928,東吳大學城中校區,university,🎓 大學/學院,台北市中正區,臺北市中正區建國里桃源街58號,25.0381339,121.5100417,verified,0,0,2026-03-27 02:35:41,,,
927,BH berest健康智品 台北大直店,hotel,🏨 飯店,台北市中山區,臺北市中山區成功里敬業二路63號1樓,25.081618967598168,121.55426921492257,verified,6,0,2026-03-27 00:24:20,,2026-07-19 12:48:14,
926,新埔板條附近的T字路口,bus,🚌 公車站,新竹縣新埔鎮,新竹縣新埔鎮義民路二段400號前後不確定,24.835374,121.055363,verified,0,0,2026-03-26 23:41:43,,,
925,全家冬山梅花店,minimart,🏪 便利商店,宜蘭縣冬山鄉,宜蘭縣冬山鄉梅花路280號,24.666051,121.7430827,verified,1,0,2026-03-26 17:56:31,,2026-05-10 01:02:26,
924,叁號影像工作室（,stadium,🏟️ 體育館,新北市新店區,百忍街50巷2弄附近,24.9761603,121.5332803,verified,1,0,2026-03-26 17:45:37,,2026-05-13 06:38:00,
923,全聯旁邊,supermarket,🍌 超市,台中市西屯區,臺中市西屯區潮洋里河南路四段8號,24.1600509,120.6360522,verified,0,1,2026-03-26 17:05:47,,,
922,樂夾派對,park,🍀 公園,苗栗縣竹南鎮,苗栗縣竹南鎮科專七路250號,24.705334,120.903109,verified,2,0,2026-03-26 16:09:33,,2026-06-11 10:58:43,
921,沙崙國小旁邊,korean,🥬 韓式餐廳,新北市樹林區,在溪崑一街30巷可以掃描到,24.9911582,121.4298248,verified,3,6,2026-03-26 15:33:36,,2026-09-05 03:56:30,
920,下福派出所,beach,🐚 海灘,新北市林口區,新北市林口区下福里下福里下福3號之10號,25.117622,121.290057,verified,1,0,2026-03-26 15:11:49,,2026-05-12 14:20:44,
919,清新福田社區大廳,bus,🚌 公車站,新竹縣新埔鎮,新竹縣新埔鎮田新十街178號,24.829163,121.066245,verified,1,1,2026-03-26 15:03:17,,2026-08-15 03:24:35,
918,德興塗裝,clothesstore,👗 服飾店,台南市安南區,安和路四段36巷37號旁,23.051165,120.220259,verified,1,0,2026-03-26 14:50:39,,2026-05-06 03:26:03,
917,,beach,🐚 海灘,新北市林口區,新北市林口区太平里太平里汕頭1之1號,25.13322,121.35932,verified,5,0,2026-03-26 14:49:32,,2026-05-26 01:49:14,
916,芬園鄉,cafe,☕ 咖啡店,彰化縣芬園鄉,芬園鄉民族路85度c附近,24.019188,120.625854,verified,1,0,2026-03-26 14:06:39,,2026-04-07 10:05:56,
915,荃錦燒烤區及扶輪燒烤場 Twisk Barbecue Area and Rotary Barbecue Site,mountain,⛰️ 山丘,香港,"Twisk Barbecue Area Site No. 1, 2 and Rotary Barbecue Site, Tai Mo Shan, 香港",22.406141,114.104954,verified,0,1,2026-03-26 13:53:14,,,
914,荃錦燒烤區及扶輪燒烤場 Twisk Barbecue Area and Rotary Barbecue Site,waterside,🎣 水邊,香港,"Twisk Barbecue Area Site No. 1, 2 and Rotary Barbecue Site, Tai Mo Shan, 香港",22.406141,114.104954,verified,0,1,2026-03-26 13:51:56,,,
913,元朗TEA CHÂTEAU 官茶坊 (形點店) 附近,station,🚂 車站,香港,"元朗朗日路9號形點一期1樓1050舖, Yuen Long, 香港",22.445776,114.037433,verified,0,3,2026-03-26 13:46:41,,,
912,嘉義高鐵站附近,bridge,🌉 橋梁,嘉義縣太保市,嘉義縣太保市高鐵西路168號,23.4598589,120.3233948,verified,0,1,2026-03-26 12:57:17,,,
910,韓鍋人韓式鍋物專賣,korean,🥬 韓式餐廳,嘉義市西區,嘉義市西區北港路202號,23.4772467,120.4351625,verified,0,2,2026-03-26 12:33:30,,,
909,英蘭商行,minimart,🏪 便利商店,雲林縣斗六市,雲林縣斗六市重光里重光路11號,23.692947,120.568848,verified,0,0,2026-03-26 12:25:51,,,
908,崇文國小,bus,🚌 公車站,嘉義市東區,崇文國小附近公車站,23.4742262,120.4545237,verified,1,0,2026-03-26 12:22:28,,2026-06-03 17:39:54,
907,初禾甜點,sweetshop,🍩 甜點店,嘉義市西區,嘉義市西區民生南路137號,23.4703589,120.4472375,verified,1,3,2026-03-26 12:03:31,,2026-04-07 16:08:36,
906,三泰參藥行,pharmacy,💊 藥局,嘉義市東區,嘉義市東區中正路190號,23.4795033,120.4553169,verified,1,5,2026-03-26 11:55:06,,2026-06-18 02:01:21,
905,嘉義市立圖書館,library,📚 圖書館/書店,嘉義市東區,嘉義市東區忠孝路275號,23.4875193,120.4526404,verified,0,3,2026-03-26 11:50:49,,,
904,高雄大湖里,postoffice,📮 郵局,高雄市湖內區,高雄市湖內區縱貫公路,22.8925298,120.2413873,verified,1,0,2026-03-26 10:31:52,,2026-06-11 09:39:57,
902,山腳光之藝廊,waterside,🎣 水邊,新北市泰山區,新北市泰山區黎明里泰林路二段522巷16號,25.065116,121.424637,verified,0,0,2026-03-26 09:35:52,,,
901,裕川堂椒麻燙附近,clothesstore,👗 服飾店,嘉義市東區,嘉義市東區義教街843號前,23.498777,120.45216,verified,3,0,2026-03-26 09:25:34,,2026-09-18 12:37:12,
900,高鐵道路旁,bridge,🌉 橋梁,桃園市中壢區,桃園市新屋區頭洲里新榮路292巷110號,24.957645,121.155458,verified,0,0,2026-03-26 08:03:15,,,
899,新生路,forest,🌲 森林,桃園市中壢區,艾蕾蒂巴黎甜點,24.92892,121.259858,verified,0,1,2026-03-26 07:42:59,,,
898,謙上園社區,postoffice,📮 郵局,桃園市八德區,八德區介壽路二段1022巷,24.9330295,121.2965506,verified,0,0,2026-03-26 06:52:46,,,
897,八德區,diy,🔧 五金行,桃園市八德區,八德區豐德二路,24.925543,121.285874,verified,1,5,2026-03-26 06:44:50,,2026-04-06 18:53:31,
896,大馬路上,roadside,🪙 路邊,花蓮縣吉安鄉,花蓮縣吉安鄉光華村南濱路一段534號5 樓,23.935564,121.593842,verified,0,0,2026-03-26 06:30:09,,,
895,嶺東科技大學,university,🎓 大學/學院,台中市南屯區,臺中市南屯區嶺東路1號,24.1372,120.6101,verified,1,2,2026-03-26 06:24:42,,2026-05-06 17:23:48,
894,垃圾廚坊 Trash Kitchen,movie,🎬 電影院,台北市信義區,"臺北市信義區新仁里菸廠路88號, Taiwan Design Museum, 松菸_2號小賣所",25.044185,121.561147,verified,3,2,2026-03-26 06:20:44,,2026-05-17 14:24:47,
893,太平洋公園對面的馬路,park,🍀 公園,花蓮縣花蓮市,花蓮縣花蓮市主和里193縣道49號,23.965594,121.607735,verified,3,0,2026-03-26 06:19:44,,2026-07-24 13:50:33,
892,善導庵,clothesstore,👗 服飾店,新北市新莊區,新北市新莊區頭前里化成路630巷20號,25.055329,121.467628,verified,1,0,2026-03-26 06:13:14,,2026-07-30 12:58:39,
891,巷口,laundry,👕 自助洗衣店,花蓮縣花蓮市,自立路34巷口,23.985696,121.595957,verified,0,1,2026-03-26 05:39:38,,,
890,一般道路,park,🍀 公園,花蓮縣花蓮市,建昌路88之2號,23.987805,121.594276,verified,1,0,2026-03-26 05:31:34,,2026-05-06 04:28:59,
888,家成五金,diy,🔧 五金行,高雄市岡山區,高雄市岡山區為隨東路,22.819036,120.2896624,verified,1,0,2026-03-26 04:02:36,,2026-06-19 10:52:11,
886,礁溪鄉,forest,🌲 森林,宜蘭縣礁溪鄉,里奧東方附近,24.81846,121.737614,verified,0,0,2026-03-26 02:02:36,,,
885,鉅勝模具機械五金,restaurant,🍽️ 餐廳,彰化縣鹿港鎮,彰化縣福興鄉西勢村員鹿路二段467巷2號,24.045138,120.435949,verified,0,0,2026-03-26 01:18:45,,,
884,台灣中油南亞站,restaurant,🍽️ 餐廳,嘉義縣太保市,612嘉義縣太保市北港路二段109號,23.496867,120.380057,verified,0,0,2026-03-26 01:15:09,,,
883,晶兆成二廠,forest,🌲 森林,新竹縣湖口鄉,新竹縣湖〇鄉文化路20號,24.865759,121.012445,verified,2,0,2026-03-25 23:58:59,,2026-05-11 10:57:45,
882,義民路二段236巷口,restaurant,🍽️ 餐廳,新竹縣新埔鎮,新竹縣新埔鎮義民路二段236巷口,24.835959,121.053995,verified,0,1,2026-03-25 23:13:38,,,
881,錦和國小附近,forest,🌲 森林,新北市中和區,中和區圓通路396巷,24.990511,121.48845,verified,0,0,2026-03-25 17:05:31,,,
880,國立臺灣大學,university,🎓 大學/學院,台北市大安區,臺北市大安區學府里天文數學館,25.021461,121.538649,verified,3,0,2026-03-25 16:54:12,,2026-06-09 07:19:40,
879,國立臺灣大學水源校區卓越研究大樓,university,🎓 大學/學院,台北市中正區,臺北市中正區思源街18號,25.014669,121.528419,verified,3,0,2026-03-25 16:49:15,,2026-07-07 11:18:38,
878,雲南人家,ramen,🍜 拉麵店,桃園市平鎮區,雲南人家雲泰料理至龍江路與中正五路交叉路口,24.929152,121.257375,verified,4,0,2026-03-25 15:10:16,,2026-08-22 05:23:05,
877,居仁國中附近,cafe,☕ 咖啡店,台中市西區,台中市西区民生里136 自由路一段99號,24.137271,120.679238,verified,5,0,2026-03-25 15:10:09,,2026-08-24 10:03:20,
876,桃園愛買,supermarket,🍌 超市,桃園市桃園區,附近有拉麵跟公園，要確認走的位置正確！,24.9842203,121.2863055,verified,5,0,2026-03-25 14:35:23,,2026-09-07 14:11:15,
875,春之園,sushi,🍣 壽司店,彰化縣鹿港鎮,彰化縣鹿港鎮鹿和路,24.06812,120.453,verified,1,1,2026-03-25 14:31:41,,2026-05-05 12:44:39,
874,在蛋蛋可麗餅附近,forest,🌲 森林,新北市泰山區,泰林路二段416號附近,25.064312,121.4272536,verified,0,0,2026-03-25 13:15:06,,,
873,松君閣,clothesstore,👗 服飾店,彰化縣和美鎮,508彰化縣和美鎮和泰路2號附近髮圈,24.1173941,120.4929513,verified,0,1,2026-03-25 12:47:23,,,
872,鐵路步道橋,waterside,🎣 水邊,台東縣台東市,雕堡,22.762375,121.134,verified,1,0,2026-03-25 12:46:05,,2026-04-07 13:31:33,
871,南通運動公園,park,🍀 公園,桃園市桃園區,桃園市桃園區新埔里南通路48號,25.0203511,121.3061908,verified,1,1,2026-03-25 12:30:18,,2026-09-07 02:03:23,
870,阿春媽媽早餐店,bus,🚌 公車站,高雄市三民區,三民區大裕和119號,22.656019,120.328581,verified,0,0,2026-03-25 12:24:56,,,
868,蘆洲水湳街停車場,roadside,🪙 路邊,新北市蘆洲區,新北市蘆洲區水湳街257號停車場附近,25.092421,121.46955,verified,4,0,2026-03-25 11:51:11,,2026-08-27 12:20:54,
866,新昊貿易煙火批發零售,waterside,🎣 水邊,新竹縣新豐鄉,新竹縣新豐鄉青埔村5鄰73-1號,24.92979,121.00712,verified,0,0,2026-03-25 11:26:31,,,
865,台中市豐原區肉品處理場,bridge,🌉 橋梁,台中市潭子區,臺中市潭子區新田里仁愛路一段159號,24.218041,120.71917,verified,0,0,2026-03-25 10:50:12,,,
864,沙田路二段132巷,clothesstore,👗 服飾店,台中市大肚區,臺中市大肚區新興里沙田路二段132巷1弄1號,24.141935,120.554216,verified,1,0,2026-03-25 10:44:11,,2026-05-18 14:00:12,
863,林口夜市,electronics,🔋 電器行,新北市林口區,請走夜市第一條往內走就掃的到,25.0804294,121.3870919,verified,0,2,2026-03-25 10:41:55,,,
862,永春東五路,minimart,🏪 便利商店,台中市南屯區,臺中市南屯區豐樂里永春東路1129號,24.136029,120.63552,verified,0,2,2026-03-25 09:43:16,,,
861,放牧蛋,sushi,🍣 壽司店,台中市東區,臺中市東區東英里十甲路470號,24.14422,120.710244,verified,1,3,2026-03-25 09:25:15,,2026-06-21 13:00:24,
860,裕隆城後面巷子,korean,🥬 韓式餐廳,新北市新店區,寶中路97巷走到中間左右,24.9807166,121.5496995,verified,7,0,2026-03-25 09:20:21,,2026-07-04 07:13:00,
859,CCW專業車體包膜對面空地,park,🍀 公園,新竹縣竹北市,302新竹縣竹北市嘉豐一街65號,24.8162348,121.0286663,verified,0,0,2026-03-25 08:09:44,,,
858,皆豪實業,waterside,🎣 水邊,台南市永康區,永科三路99號,23.0411563,120.2775079,verified,0,0,2026-03-25 07:33:40,,,
857,彰興國中,park,🍀 公園,彰化縣彰化市,彰興國中接近公園處,24.060365,120.53893,verified,1,0,2026-03-25 07:27:57,,2026-05-21 11:07:13,
855,壽豐門諾醫院,waterside,🎣 水邊,花蓮縣壽豐鄉,花蓮縣壽豐鄉共和村共和村魚池52號,23.869281,121.52482,verified,0,0,2026-03-25 06:44:13,,,
854,洋津義大利麵,italian,🍕 義式餐廳,苗栗縣苗栗市,苗栗縣苗栗市勝利路247號,24.547745,120.819471,verified,4,1,2026-03-25 05:10:57,,2026-05-06 04:52:41,
853,廣興,supermarket,🍌 超市,屏東縣屏東市,敬軍路,22.6931161,120.4851401,verified,0,0,2026-03-25 04:13:03,,,
852,Nutra Beauty 曼姿健康,waterside,🎣 水邊,台中市南屯區,臺中市南屯區豐樂里永順路688號五樓號,24.131039,120.636353,verified,0,0,2026-03-25 03:52:18,,,
851,萊爾富,minimart,🏪 便利商店,高雄市大寮區,蝦皮店到店到回憶小時候之間都是純點,22.6184193,120.3875871,verified,0,0,2026-03-25 03:40:11,,,
850,桃園市立新屋高級中等學校門口,bus,🚌 公車站,桃園市新屋區,桃園市新屋區新生里中興路146號,24.970251,121.101339,verified,1,0,2026-03-25 03:25:08,,2026-05-02 05:35:13,
849,廢棄房子前,hotel,🏨 飯店,台中市北區,北區中山路405號,24.145321,120.674576,verified,3,2,2026-03-25 03:11:52,,2026-07-23 12:58:32,
848,嘉義公園火雞肉飯便當,park,🍀 公園,嘉義縣新港鄉,嘉義縣新港鄉中山路119號,23.553101,120.347446,verified,0,0,2026-03-25 01:18:48,,,
847,自由路,bridge,🌉 橋梁,台中市西區,臺中市西區利民里建國北路三段98號,24.131987,120.672845,verified,0,0,2026-03-25 00:06:23,,,
846,涵星莊,university,🎓 大學/學院,花蓮縣壽豐鄉,花蓮縣壽豐鄉大學路一段東華大學內,23.896312,121.534561,verified,0,0,2026-03-24 23:35:08,,,
845,義里教會附近,postoffice,📮 郵局,台中市后里區,臺中市后里區義里里甲后路一段227巷17號,24.30826,120.72778,verified,5,0,2026-03-24 20:26:57,,2026-09-06 19:04:21,
844,郵局,postoffice,📮 郵局,台南市安平區,耶和華見證人王國聚會所門口前馬路,22.9931283,120.1664403,verified,0,0,2026-03-24 19:01:11,,,
843,佳里奇美宿舍／公園日間照顧中心,park,🍀 公園,台南市佳里區,台南市佳里區公園路82號,23.154753,120.17361,verified,0,0,2026-03-24 18:09:19,,,
842,停車場-永權實業永和警光場,ramen,🍜 拉麵店,新北市永和區,新北市永和区豫溪里警光街33之1號,25.00916,121.518317,verified,4,0,2026-03-24 14:09:06,,2026-06-09 02:53:15,
841,聚洲工業股份有限公司（五金零件沖壓）,clothesstore,👗 服飾店,新北市新莊區,新北市新莊區化成里化成路113巷80號,25.0472928,121.4627687,verified,0,1,2026-03-24 13:49:42,,,
840,路竹體育公園,park,🍀 公園,高雄市路竹區,高雄市路竹區社南里,22.8632358,120.2674178,verified,2,0,2026-03-24 12:45:49,,2026-04-08 13:48:09,
839,多那之門口,restaurant,🍽️ 餐廳,嘉義縣朴子市,嘉義縣朴子市祥和二路西段66號,23.458666,120.285352,verified,2,0,2026-03-24 12:32:18,,2026-06-12 09:15:34,
838,一甲公園,park,🍀 公園,高雄市路竹區,一甲公園靠近信義路178巷,22.870895,120.2671214,verified,1,0,2026-03-24 12:23:50,,2026-04-08 13:48:15,
837,停車場出入口,minimart,🏪 便利商店,高雄市路竹區,高雄市路竹區潭墘路47號,22.865369,120.265303,verified,1,0,2026-03-24 12:12:29,,2026-04-02 11:00:39,
836,228公園,park,🍀 公園,嘉義市西區,嘉義市西區大信街182號,23.466946,120.414946,verified,0,0,2026-03-24 12:04:13,,,
835,捷運九張犁站,station,🚂 車站,台中市烏日區,臺中市烏日區九德里建國路925號,24.1140558,120.6400953,verified,1,0,2026-03-24 10:10:54,,2026-06-26 15:02:13,
834,黎明路一段,bus,🚌 公車站,台中市南屯區,臺中市南屯區南屯里永春東路1090號,24.135939,120.636565,verified,0,0,2026-03-24 09:48:34,,,
833,龍富路4段,ramen,🍜 拉麵店,台中市南屯區,臺中市南屯區新生里龍富路四段105號,24.143282,120.625847,verified,0,0,2026-03-24 09:45:23,,,
832,大溪國小側門，對面是“大溪羽球紀念碑”涼亭,sweetshop,🍩 甜點店,桃園市大溪區,桃園市大溪區登籠路58號,24.884441,121.286933,verified,15,1,2026-03-24 09:22:47,,2026-09-09 02:58:36,
831,石岡區公所,bus,🚌 公車站,台中市石岡區,臺中市石岡區九房里豐勢路1033號,24.2751154,120.780279,verified,0,0,2026-03-24 09:16:29,,,
829,加油站旁,minimart,🏪 便利商店,台中市石岡區,臺中市石岡區九房里豐勢路廣成巷3-7號,24.274981,120.7822504,verified,0,0,2026-03-24 09:06:31,,,
828,東豐綠色走廊、情人木橋,bridge,🌉 橋梁,台中市石岡區,臺中市石岡區九房里豐勢路850號,24.274594,120.786676,verified,0,0,2026-03-24 08:57:38,,,
827,金樺飯店,hotel,🏨 飯店,桃園市中壢區,320桃園市中壢區長興街55巷1號,24.9724223,121.2494661,verified,2,1,2026-03-24 08:30:02,,2026-06-23 12:47:22,
826,臺中市沙鹿區三民路,forest,🌲 森林,台中市沙鹿區,臺中市沙鹿區西勢里台10線582號,24.251951,120.575825,verified,2,0,2026-03-24 08:12:59,,2026-07-04 08:22:57,
823,錦和高中圍牆,forest,🌲 森林,新北市中和區,新北市中和區圓通路252巷,24.9921301,121.4923146,verified,3,0,2026-03-24 06:33:29,,2026-04-26 09:03:53,
822,國際路一段,waterside,🎣 水邊,桃園市八德區,速邁樂加油站附近,24.968049,121.291899,verified,1,1,2026-03-24 06:06:57,,2026-06-07 14:32:38,
821,外交部,park,🍀 公園,台北市中正區,臺北市中正區建國里公園路60號,25.039342,121.51565,verified,2,0,2026-03-24 05:00:48,,2026-05-26 00:28:44,
820,馬自達南台中門市,bus,🚌 公車站,台中市南屯區,臺中市南屯區新生里向上路三段501之1號二樓號,24.144521,120.624542,verified,0,0,2026-03-24 04:53:42,,,
819,明日之星遊樂園,electronics,🔋 電器行,嘉義市西區,嘉義市西區友愛路146號,23.479527,120.434201,verified,5,0,2026-03-24 04:37:27,,2026-05-25 14:08:56,
816,國光街停車場旁,minimart,🏪 便利商店,新竹市北區,新竹市北區民富里國光街28號,24.811072,120.961433,verified,1,0,2026-03-24 03:43:21,,2026-09-09 13:54:27,
815,駿發室內裝修有限公司,laundry,👕 自助洗衣店,新北市新莊區,新北市新莊區南港里龍安路266巷32號四樓號,25.01865,121.42146,verified,0,2,2026-03-24 03:17:12,,,
814,通信分隊展演空間,laundry,👕 自助洗衣店,台北市大安區,臺北市大安區義村里中山堂(舊圖書館),25.0403781,121.5396023,verified,10,4,2026-03-24 03:10:26,,2026-09-14 12:32:16,
813,BONBON WEDDING 上賓國際有限公司,hairsalon,✂️ 美容院,新北市新莊區,剪刀純點,25.0250013,121.4187841,verified,9,0,2026-03-24 03:05:02,,2026-09-20 09:13:07,
812,心合有限公司,sushi,🍣 壽司店,台北市士林區,臺北市士林區前港里承德路四段176號,25.0866483,121.5226078,verified,4,0,2026-03-24 02:59:50,,2026-08-13 00:32:05,
811,有限責任國立金門高級中學員工生消費合作社,italian,🍕 義式餐廳,金門縣金寧鄉,金門縣金寧鄉珠浦西路,24.4366845,118.3148357,verified,0,2,2026-03-24 02:59:18,,,
810,彰銀大發分局轉角,cafe,☕ 咖啡店,高雄市大寮區,鳳林三路344巷 往戶政,22.602814,120.398143,verified,4,0,2026-03-24 02:39:55,,2026-08-09 19:08:28,
809,長安街267巷24弄,roadside,🪙 路邊,新北市蘆洲區,新北市蘆洲區永康里永安南路二段328巷12號,25.083818,121.457114,verified,0,0,2026-03-24 02:09:33,,,
808,中山二路,bus,🚌 公車站,新北市蘆洲區,Con早餐店前,25.078267,121.469064,verified,0,0,2026-03-24 01:55:57,,,
807,花開富貴,roadside,🪙 路邊,新北市新店區,新北市新店區花開富貴,24.981949,121.53387,verified,0,2,2026-03-24 00:35:47,,,
806,國風國中,cafe,☕ 咖啡店,花蓮縣花蓮市,正門口,23.978165,121.595506,verified,1,0,2026-03-23 23:44:33,,2026-04-07 10:05:59,
803,縣政府員工停車場,laundry,👕 自助洗衣店,南投縣南投市,南投縣南投市三和一路11號,23.902514,120.689481,verified,0,2,2026-03-23 14:47:46,,,
802,中央大學側門,university,🎓 大學/學院,桃園市中壢區,桃園市中壢區大享街,24.969208,121.187748,verified,4,0,2026-03-23 14:38:40,,2026-05-24 04:37:32,
801,中興高中,library,📚 圖書館/書店,南投縣南投市,南投縣南投市中學路2號,23.95043,120.694953,verified,0,2,2026-03-23 14:37:45,,,
800,中興會堂,park,🍀 公園,南投縣南投市,南投縣南投市光榮北路1號,23.949332,120.696487,verified,1,0,2026-03-23 14:35:03,,2026-05-18 00:50:20,
797,藍泉加水站,restaurant,🍽️ 餐廳,高雄市路竹區,高雄市路竹區智仁街262號,22.858191,120.2651,verified,1,0,2026-03-23 14:02:23,,2026-06-01 02:13:47,
796,林森國小旁,pharmacy,💊 藥局,桃園市中壢區,桃園市中壢區執信一街,24.945943,121.227846,verified,3,1,2026-03-23 14:00:02,,2026-06-15 16:53:17,
795,雞肉焿の的家,restaurant,🍽️ 餐廳,高雄市路竹區,高雄市路竹區中興路283號,22.857121,120.263027,verified,1,0,2026-03-23 13:54:15,,2026-08-03 19:19:42,
794,中壢東興郵局後方,postoffice,📮 郵局,桃園市中壢區,桃園市中壢區力行街,24.948169,121.226814,verified,5,3,2026-03-23 13:54:10,,2026-07-14 05:25:38,
793,信義國小大門,supermarket,🍌 超市,桃園市中壢區,桃園市中壢區成都路,24.9512,121.231293,verified,1,0,2026-03-23 13:47:10,,2026-04-27 07:15:04,
792,東興國中正門,bus,🚌 公車站,桃園市中壢區,桃園市中壢區衡陽街,24.949857,121.230451,verified,0,0,2026-03-23 13:44:14,,,
791,東興國中側門,ramen,🍜 拉麵店,桃園市中壢區,桃園市中壢區吉安街,24.949565,121.228434,verified,2,0,2026-03-23 13:40:25,,2026-04-08 11:47:15,
790,東興國中側門,forest,🌲 森林,桃園市中壢區,桃園市中壢區吉安街,24.949775,121.228343,verified,1,0,2026-03-23 13:37:24,,2026-04-02 16:42:35,
789,雙紅經典復刻紅茶,bus,🚌 公車站,高雄市路竹區,紅茶店前面,22.854561,120.258804,verified,0,0,2026-03-23 13:33:56,,,
788,文北里,clothesstore,👗 服飾店,高雄市路竹區,路竹區建國路196巷58號,22.86117,120.25487,verified,0,1,2026-03-23 13:25:10,,,
787,文化路178巷,pharmacy,💊 藥局,高雄市路竹區,文化路跟文化路178巷交叉口,22.858123,120.255552,verified,0,0,2026-03-23 13:16:58,,,
786,178鮮肉包,waterside,🎣 水邊,新北市永和區,234新北市永和區民族街178巷口號,24.9972923,121.5183384,verified,2,0,2026-03-23 13:13:32,,2026-05-30 04:40:27,
785,高雄市立圖書館路竹分館,library,📚 圖書館/書店,高雄市路竹區,路竹圖書館後面機車停車區,22.855951,120.25845,verified,2,0,2026-03-23 13:09:00,,2026-05-16 03:04:27,
784,馳名串燒,sweetshop,🍩 甜點店,嘉義縣朴子市,嘉義縣朴子市中央公路503號,23.4422,120.2455,verified,0,2,2026-03-23 13:07:02,,,
783,真自然健康管理學院,bus,🚌 公車站,嘉義縣太保市,嘉義縣太保市中山路二段148號,23.499504,120.3711,verified,0,0,2026-03-23 12:52:11,,,
782,桃林步道水邊,waterside,🎣 水邊,桃園市桃園區,鐵柵欄附近那區都是水邊純點,25.011072,121.318127,verified,1,1,2026-03-23 12:17:14,,2026-04-04 03:44:55,
781,南昌模具,clothesstore,👗 服飾店,台南市安南區,安和路五段171巷131號（反光鏡旁）,23.064848,120.215744,verified,1,0,2026-03-23 12:02:40,,2026-05-20 12:43:11,
780,新民路菜市場,pharmacy,💊 藥局,高雄市三民區,高雄市三民區新民路116號,22.652278,120.323322,verified,1,1,2026-03-23 11:27:06,,2026-09-02 04:02:11,
779,酥香居,restaurant,🍽️ 餐廳,高雄市鳳山區,高雄市鳳山區文衡里青年路二段218號,22.638158,120.350723,verified,0,2,2026-03-23 10:29:08,,,
778,浮洲公園,park,🍀 公園,新北市板橋區,220新北市板橋區僑中一街80巷/公園內很多地方都是純點,25.004679,121.454482,verified,1,2,2026-03-23 10:28:56,,2026-04-28 14:35:01,
777,崇倫中醫診所,park,🍀 公園,台中市南區,三民西路293號/站在藏韻的招牌前,24.129963,120.657993,verified,0,0,2026-03-23 10:25:56,,,
776,大林-南巡代天府,restaurant,🍽️ 餐廳,嘉義縣大林鎮,中山路17巷34號門口,23.600979,120.453967,verified,0,0,2026-03-23 10:20:33,,,
775,松山機場,airport,✈️ 機場,台北市松山區,臺北市松山區民福里民族東路674-1號,25.064599,121.546757,verified,2,0,2026-03-23 10:00:19,,2026-08-31 14:18:48,
774,松山機場,airport,✈️ 機場,台北市中山區,臺北市中山區大佳里民族東路155號,25.068185,121.54033,verified,1,0,2026-03-23 09:59:23,,2026-08-31 14:18:52,
773,及愛菁英幼兒園,library,📚 圖書館/書店,台北市大安區,臺北市大安區古風里辛亥路一段79號4號,25.0211818,121.5304958,verified,1,1,2026-03-23 09:48:16,,2026-04-03 07:10:43,
772,台灣健而婷生化科技股份有限公司,minimart,🏪 便利商店,台中市西屯區,臺中市西屯區何仁里長安路一段104號,24.170447,120.655867,verified,0,1,2026-03-23 09:33:01,,,
771,台南市北區開元路394巷61弄1號,pharmacy,💊 藥局,台南市北區,台南市北區開元路394巷61弄1號,23.009381,120.226224,verified,2,0,2026-03-23 08:58:51,,2026-05-05 08:27:22,
770,南華大學 學海堂,university,🎓 大學/學院,嘉義縣大林鎮,南華路一段55號 整棟樓範圍都是,23.569101,120.495024,verified,0,0,2026-03-23 08:41:37,,,
769,國風國中,stadium,🏟️ 體育館,花蓮縣花蓮市,970花蓮縣花蓮市林政街7號,23.9784592,121.5952692,verified,0,0,2026-03-23 06:01:54,,,
768,益民路2段,restaurant,🍽️ 餐廳,台中市大里區,臺中市大里區大明里東興路62巷7號,24.1162,120.6813251,verified,0,0,2026-03-23 05:59:41,,,
767,中興大學,university,🎓 大學/學院,台中市南區,臺中市南區積善里興大路145號,24.1196,120.6741251,verified,0,1,2026-03-23 05:58:16,,,
766,飛機巷,airport,✈️ 機場,台北市中山區,臺北市中山區大佳里松江路581巷14-16號,25.070116,121.538589,verified,3,0,2026-03-23 04:54:37,,2026-08-10 10:06:45,
765,中正區外交部,roadside,🪙 路邊,台北市中正區,臺北市中正區建國里凱達格蘭大道2號,25.039189,121.516784,verified,4,0,2026-03-23 04:50:31,,2026-07-20 06:08:08,
764,近金華鐵板燒,bus,🚌 公車站,彰化縣二林鎮,彰化縣二林鎮信義路邊,23.8959161,120.3671618,verified,0,0,2026-03-23 04:00:52,,,
763,二林飛鴿,postoffice,📮 郵局,彰化縣二林鎮,斗苑路五段路邊,23.9004761,120.3652722,verified,0,0,2026-03-23 03:56:03,,,
762,全家中埔雙興店,bus,🚌 公車站,嘉義縣中埔鄉,嘉義縣中埔鄉中華路307號,23.4394758,120.453773,verified,1,0,2026-03-23 02:32:32,,2026-04-03 12:44:23,
761,白雲國小,stadium,🏟️ 體育館,新北市汐止區,弘道街,25.0485599,121.6179815,verified,3,0,2026-03-23 01:28:15,,2026-08-25 14:36:10,
760,頭前溪左岸自行車道(舊社-南寮),waterside,🎣 水邊,新竹市北區,公道五路四段521-531號,24.828486,120.962941,verified,1,0,2026-03-23 01:10:49,,2026-09-09 13:54:25,
759,177 Lab｜美睫、皮膚管理（預約制）,roadside,🪙 路邊,新竹市北區,公道五路四段金雅西街路口,24.827637,120.965838,verified,1,0,2026-03-23 01:08:46,,2026-09-09 13:54:21,
757,迪奧百貨實業社,ramen,🍜 拉麵店,苗栗縣苗栗市,苗栗縣苗栗市中華路419號,24.580477,120.824719,verified,0,0,2026-03-22 23:43:58,,,
756,青山公路-掃管笏段,roadside,🪙 路邊,香港屯門區,屯門出九龍方向公路,22.3739375,113.9884375,verified,0,2,2026-03-22 23:43:14,,,
755,愛國會國際同濟會,movie,🎬 電影院,高雄市三民區,台灣高雄市三民區十全二路8號,22.645658,120.30252,verified,26,3,2026-03-22 18:44:00,,2026-06-16 08:23:17,
754,順泰廚具行,waterside,🎣 水邊,台中市豐原區,臺中市豐原區南村里文化街38號,24.253558,120.728521,verified,1,0,2026-03-22 17:34:33,,2026-05-09 16:19:12,
753,警察局,supermarket,🍌 超市,雲林縣虎尾鎮,雲林縣虎尾鎮東仁里光復路180號,23.709892,120.444936,verified,2,0,2026-03-22 16:01:38,,2026-06-04 10:50:50,
752,陽明公園,park,🍀 公園,桃園市楊梅區,陽明公園靠近金山街192號,24.910241,121.159925,verified,0,0,2026-03-22 15:16:47,,,
751,長庚大學,university,🎓 大學/學院,桃園市龜山區,振興路下去一點點就到了,25.0359765,121.3837844,verified,8,0,2026-03-22 15:13:23,2026-03-26 09:06:58,2026-05-03 00:16:55,
750,威力電腦工作室,park,🍀 公園,桃園市楊梅區,桃園市楊梅區楊明里中山北路一段390巷35之3號,24.910417,121.15861,verified,0,0,2026-03-22 15:12:20,2026-03-26 09:06:58,,
749,維修診所,roadside,🪙 路邊,新北市新莊區,新莊區中原路93號,25.054327,121.456451,verified,1,0,2026-03-22 14:02:59,2026-03-26 09:06:58,2026-03-29 04:21:45,
748,台電萬隆聯合辦公大樓,forest,🌲 森林,台北市文山區,116臺北市文山區景隆街21號,24.9997995,121.5416817,verified,1,1,2026-03-22 13:38:37,2026-03-26 09:06:58,2026-03-31 02:56:22,
747,北大國小側門,forest,🌲 森林,新北市三峽區,新北市三峽區龍埔里國光街330巷6弄16號6弄7號,24.940077,121.372831,verified,4,0,2026-03-22 13:24:42,2026-03-26 09:06:58,2026-05-17 09:37:43,
746,撫遠街,airport,✈️ 機場,台北市松山區,臺北市松山區莊敬里撫遠街407號,25.066232,121.565501,verified,6,2,2026-03-22 11:38:02,2026-03-26 09:06:58,2026-05-21 12:04:25,
745,大安區,italian,🍕 義式餐廳,台北市大安區,臺北市大安區龍淵里和平東路二段76巷29弄2 樓6號,25.0227227,121.5390896,verified,14,0,2026-03-22 11:21:43,2026-03-26 09:06:58,2026-06-19 14:10:28,
744,龍江公園附近,park,🍀 公園,高雄市三民區,很曬的路,22.6398996,120.3082507,verified,1,0,2026-03-22 11:00:10,2026-03-26 09:06:58,2026-05-05 07:16:37,
743,日本媽媽點心坊 (あめり屋),sweetshop,🍩 甜點店,花蓮縣花蓮市,970花蓮縣花蓮市延平街74巷,23.985258,121.601666,verified,1,5,2026-03-22 10:44:43,2026-03-26 09:06:58,2026-06-09 14:42:37,
742,忠權健康公園,park,🍀 公園,彰化縣彰化市,彰化縣彰化市自立街89號對面的公園裡,24.08479,120.535814,verified,0,0,2026-03-22 10:03:55,2026-03-26 09:06:58,,
741,燦坤,electronics,🔋 電器行,高雄市大社區,高雄市大社區觀音里大新路21號,22.725224,120.349883,verified,2,0,2026-03-22 09:43:43,2026-03-26 09:06:58,2026-05-09 17:15:29,
740,守護女神,park,🍀 公園,新北市板橋區,新北市板橋區中正里藝文街189號,25.021575,121.451227,verified,4,1,2026-03-22 09:13:35,2026-03-26 09:06:58,2026-05-31 16:58:35,
739,公園純點,park,🍀 公園,新北市三重區,三重朝陽街60號,25.057163,121.483397,verified,1,1,2026-03-22 08:21:08,2026-03-26 09:06:58,2026-05-05 11:11:28,
738,Dau.Dau.Lai慢慢來民宿,park,🍀 公園,宜蘭縣宜蘭市,宜蘭市女中路二段,24.747595,121.760917,verified,1,1,2026-03-22 08:05:29,2026-03-26 09:06:58,2026-05-08 05:46:10,
737,住商不動產宜科一店,cafe,☕ 咖啡店,宜蘭縣宜蘭市,宜蘭市擺厘里,24.742098,121.748832,verified,6,0,2026-03-22 08:03:14,2026-03-26 09:06:58,2026-06-08 13:12:54,
736,Tùng phúc,bakery,🥖 麵包店,新北市鶯歌區,新北市鶯歌區鳳鳴里鶯桃路658巷33號,24.9697878,121.3299863,verified,1,4,2026-03-22 07:59:32,2026-03-26 09:06:58,2026-05-24 07:37:53,
735,MIMI MOTEL,hotel,🏨 飯店,桃園市蘆竹區,桃園市蘆竹區長興路一段100號及六福路十字路口,25.0614,121.293,verified,4,0,2026-03-22 07:23:48,2026-07-11 09:57:59,2026-09-01 20:35:12,
734,彰化銀行南新莊分行,clothesstore,👗 服飾店,新北市新莊區,242新北市新莊區中正路657-1號,25.0307797,121.4289598,verified,1,1,2026-03-22 06:35:27,2026-03-26 09:06:58,2026-04-28 03:43:02,
733,鑫圓超雷射,postoffice,📮 郵局,新北市新莊區,新北市新莊區化成里化成路113巷32號二樓號,25.047155,121.464916,verified,2,1,2026-03-22 06:21:44,2026-03-26 09:06:58,2026-07-09 08:28:06,
732,G猛車業,postoffice,📮 郵局,新北市新莊區,新北市新莊區思源里思源路108號四樓號,25.046726,121.460068,verified,4,1,2026-03-22 05:33:57,2026-03-26 09:06:58,2026-05-29 23:39:59,
731,全聯公義店,supermarket,🍌 超市,苗栗縣竹南鎮,苗栗縣竹南鎮大埔里1160號,24.7126029,120.9025662,verified,2,1,2026-03-22 05:23:55,2026-03-26 09:06:58,2026-05-01 02:37:40,
730,頭份交流道,hamburger,🍔 漢堡店,苗栗縣頭份市,苗栗縣頭份市建國里中華路1361號,24.6933584,120.9151455,verified,10,6,2026-03-22 05:21:42,2026-03-26 09:06:58,2026-06-11 03:37:48,
729,路邊純點,roadside,🪙 路邊,新北市蘆洲區,新北市蘆洲區復興路340巷巷子,25.088712,121.48379,verified,10,0,2026-03-22 04:43:23,2026-03-26 09:06:58,2026-08-03 09:25:35,
728,路邊純點,roadside,🪙 路邊,新北市蘆洲區,新北市蘆洲區復興路360號紅綠燈附近,25.091153,121.484056,verified,4,0,2026-03-22 04:33:26,2026-03-26 09:06:58,2026-08-03 09:25:47,
727,竹林大橋,bridge,🌉 橋梁,新竹縣芎林鄉,新竹縣竹東鎮竹林大橋,24.748912,121.095183,verified,2,0,2026-03-22 01:16:00,2026-03-26 09:06:58,2026-09-04 10:38:05,
726,撫遠街304巷,roadside,🪙 路邊,台北市松山區,臺北市松山區莊敬里撫遠街403巷10 樓2號,25.066139,121.56612,verified,0,1,2026-03-22 00:33:20,2026-03-26 09:06:58,,
725,朴子國中,bus,🚌 公車站,嘉義縣朴子市,嘉義縣朴子市明智路62巷24號,23.460514,120.238824,verified,1,0,2026-03-22 00:04:01,2026-03-26 09:06:58,2026-05-05 05:32:42,
724,肌動,hairsalon,✂️ 美容院,雲林縣斗南鎮,雲林縣斗南鎮明昌里延平路二段554巷57號,23.670678,120.47434,verified,9,4,2026-03-21 23:17:29,2026-03-26 09:06:58,2026-07-04 13:27:57,
723,小港全方位銀髮健身俱樂部（山東青島里聯合活動中心）,park,🍀 公園,高雄市小港區,高雄市小港區青島里中光街47巷62號,22.572031,120.356193,verified,1,0,2026-03-21 17:22:17,2026-03-26 09:06:58,2026-06-11 16:09:23,
722,鴻展汽車工作室,ramen,🍜 拉麵店,高雄市小港區,高雄市小港區山東里宏平路632號,22.569978,120.352607,verified,0,1,2026-03-21 17:20:40,2026-03-26 09:06:58,,
721,小港理髮男士爸爸,park,🍀 公園,高雄市小港區,高雄市小港區山東里民治路30號七樓號,22.570666,120.350114,verified,0,0,2026-03-21 17:19:17,2026-03-26 09:06:58,,
720,信欣營造股份有限公司,clothesstore,👗 服飾店,高雄市小港區,高雄市小港區三苓里義興街129號,22.566992,120.350913,verified,1,0,2026-03-21 17:17:20,2026-03-26 09:06:58,2026-03-29 03:36:15,
719,裕益行,ramen,🍜 拉麵店,高雄市小港區,高雄市小港區三苓里永義街27巷16號,22.566341,120.349553,verified,1,0,2026-03-21 17:16:08,2026-03-26 09:06:58,2026-06-11 11:57:28,
718,長星工程有限公司,minimart,🏪 便利商店,高雄市小港區,高雄市小港區二苓里二美街35號,22.564261,120.347687,verified,0,0,2026-03-21 17:13:26,2026-03-26 09:06:58,,
717,富毓企業五金行,park,🍀 公園,高雄市小港區,高雄市小港區鳳宮里宮田街20號,22.560485,120.351206,verified,0,0,2026-03-21 17:11:58,2026-03-26 09:06:58,,
716,凱德威有限公司,park,🍀 公園,高雄市小港區,高雄市小港區店鎮里南北路56號,22.561594,120.354744,verified,0,0,2026-03-21 17:10:32,2026-03-26 09:06:58,,
715,越廚娘,restaurant,🍽️ 餐廳,高雄市小港區,高雄市小港區店鎮里中鋼路90-9號,22.559337,120.354299,verified,1,0,2026-03-21 17:09:26,2026-03-26 09:06:58,2026-08-09 01:20:39,
713,百富璞植,forest,🌲 森林,嘉義縣朴子市,嘉義縣朴子市內厝路112號,23.469902,120.24299,verified,0,0,2026-03-21 15:00:07,2026-03-26 09:06:58,,
712,朴子張天師道觀,park,🍀 公園,嘉義縣朴子市,嘉義縣朴子市111之21號,23.462876,120.230454,verified,0,1,2026-03-21 14:57:59,2026-03-26 09:06:58,,
711,朴子醫院,bus,🚌 公車站,嘉義縣朴子市,嘉義縣朴子市永和里應菜埔42之50號5樓,23.464424,120.23448,verified,0,0,2026-03-21 14:56:23,2026-03-26 09:06:58,,
710,昊欣科技有限公司,roadside,🪙 路邊,嘉義縣朴子市,嘉義县朴子市四維路二段261巷3弄33號,23.458144,120.23646,verified,0,0,2026-03-21 14:55:32,2026-03-26 09:06:58,,
709,朴子竹圍里龍樹亭,minimart,🏪 便利商店,嘉義縣朴子市,嘉義縣朴子市中興路229號,23.459735,120.242179,verified,0,0,2026-03-21 14:54:47,2026-03-26 09:06:58,,
708,朴子市農會,park,🍀 公園,嘉義縣朴子市,嘉義縣朴子市市東路3號,23.462846,120.247928,verified,0,0,2026-03-21 14:53:27,2026-03-26 09:06:58,,
707,芬芳手作西點.客制化蛋糕 (line: @484ecwvd),pharmacy,💊 藥局,嘉義縣朴子市,嘉義縣朴子市文明南路12號,23.463387,120.249441,verified,3,0,2026-03-21 14:52:40,2026-03-26 09:06:58,2026-08-08 04:08:38,
706,朴子國小,park,🍀 公園,嘉義縣朴子市,嘉義縣朴子市平和路1-10號,23.465811922466177,120.24807035923004,verified,0,0,2026-03-21 14:49:23,2026-03-26 09:06:58,,
705,Yoga dance,restaurant,🍽️ 餐廳,嘉義縣朴子市,嘉義縣朴子市中興路259號,23.459750010858727,120.2416115999222,verified,0,0,2026-03-21 14:42:29,2026-03-26 09:06:58,,
704,選手村拱門,bus,🚌 公車站,新北市林口區,新北市林口區西林里仁愛路二段206-6號,25.074639,121.378476,verified,3,0,2026-03-21 13:54:49,2026-03-26 09:06:58,2026-04-05 07:18:13,
703,森林純點,forest,🌲 森林,台北市北投區,臺北市北投區永和里石牌路二段343巷8弄5號,25.124388,121.523441,verified,2,0,2026-03-21 13:37:29,2026-03-26 09:06:58,2026-06-12 07:02:22,
702,竹山,library,📚 圖書館/書店,南投縣竹山鎮,南投縣竹山鎮大忠路15號,23.7565264,120.6755702,verified,0,1,2026-03-21 13:26:38,2026-03-26 09:06:58,,
701,潮港城,waterside,🎣 水邊,台中市南屯區,臺中市南屯區新生里五權西路二段1261號,24.147697,120.621778,verified,0,0,2026-03-21 13:25:54,2026-03-26 09:06:58,,
700,慶安街,ramen,🍜 拉麵店,新北市土城區,新北市土城區土城里慶安街7號,24.97338,121.442031,verified,1,0,2026-03-21 13:05:56,2026-03-24T01:33:05.285Z,2026-05-01 03:28:02,
699,斌斌貿易股份有限公司,ramen,🍜 拉麵店,台中市南屯區,臺中市南屯區新生里龍富十六街28號,24.143949,120.627782,verified,0,1,2026-03-21 12:55:55,2026-03-24T01:33:05.285Z,,
698,台南市善化戶政事務所,restaurant,🍽️ 餐廳,台南市善化區,臺南市善化區文昌里光復路269號,23.1273549,120.2890579,verified,0,0,2026-03-21 11:59:26,2026-03-24T01:33:05.285Z,,
696,鄉間上,clothesstore,👗 服飾店,彰化縣永靖鄉,512彰化縣永靖鄉永西路82號附近,23.915763,120.542859,verified,1,0,2026-03-21 11:17:17,2026-03-24T01:33:05.285Z,2026-05-20 15:44:49,
695,小河邊,bus,🚌 公車站,彰化縣永靖鄉,彰化縣永靖鄉五福巷6號附近，有皮克敏地點永田二號橋附近,23.906032,120.53874,verified,0,0,2026-03-21 10:58:22,2026-03-24T01:33:05.285Z,,
694,車棚那邊,forest,🌲 森林,嘉義市西區,嘉義市西區國華街3號,23.469067,120.449583,verified,4,0,2026-03-21 09:37:02,2026-03-24T01:33:05.285Z,2026-04-03 07:46:12,
693,國華街 與永安街路口,restaurant,🍽️ 餐廳,嘉義市西區,嘉義市西區永安街127號2號,23.470679,120.44941,verified,1,0,2026-03-21 09:35:48,2026-03-24T01:33:05.285Z,2026-03-30 08:53:59,
692,民生南路55巷與崇文街152巷交叉口,ramen,🍜 拉麵店,嘉義市西區,嘉義市西區民生南路55巷16號,23.472105,120.448031,verified,3,0,2026-03-21 09:33:20,2026-03-24T01:33:05.285Z,2026-05-02 15:53:30,
691,成功東街口,minimart,🏪 便利商店,嘉義市西區,嘉義市西區國華街75號,23.472611,120.449283,verified,3,0,2026-03-21 09:30:24,2026-03-24T01:33:05.285Z,2026-05-02 16:43:11,
690,旌旗教會,stadium,🏟️ 體育館,雲林縣斗六市,雲林縣斗六市大學路三段,23.694681,120.526527,verified,3,0,2026-03-21 09:07:13,2026-03-24T01:33:05.285Z,2026-09-03 15:08:25,
689,UFO Tech 新揚電機實業有限公司,clothesstore,👗 服飾店,新北市新莊區,新北市新莊區化成里化成路63巷29號之1號,25.0458527,121.4637876,verified,0,0,2026-03-21 09:05:43,2026-03-24T01:33:05.285Z,,
688,清泉崗機場,airport,✈️ 機場,台中市大雅區,臺中市大雅區六寶里和平路187之1號,24.2451979,120.6361981,verified,16,0,2026-03-21 08:45:11,2026-03-24T01:33:05.285Z,2026-08-24 10:27:35,
687,文中小平面停車場,stadium,🏟️ 體育館,新北市三重區,新北市三重區三陽路100巷3弄172-7號停車場出入口旁,25.058991,121.48211,verified,3,1,2026-03-21 08:18:39,2026-03-24T01:33:05.285Z,2026-05-08 02:23:49,
686,全佑藥局,pharmacy,💊 藥局,新北市蘆洲區,蘆洲區三民路11號,25.0822226,121.4756547,verified,2,10,2026-03-21 08:04:15,2026-03-24T01:33:05.285Z,2026-04-06 07:00:08,
685,公車站純點,bus,🚌 公車站,新北市三重區,新北市三重區自強路四段30號加油站附近,25.076817,121.488865,verified,3,0,2026-03-21 07:55:25,2026-03-24T01:33:05.285Z,2026-08-11 10:02:07,
684,大雅上楓圖書館,library,📚 圖書館/書店,台中市大雅區,臺中市大雅區上楓里楓林街255號,24.2363658,120.6661302,verified,1,0,2026-03-21 07:55:22,2026-03-24T01:33:05.285Z,2026-03-27 14:00:32,
683,全家雲承店,minimart,🏪 便利商店,雲林縣莿桐鄉,雲林縣莿桐鄉中正路228號,23.7579393,120.4963903,verified,1,0,2026-03-21 07:19:47,2026-03-24T01:33:05.285Z,2026-09-03 15:03:32,
682,大家好自助餐,hairsalon,✂️ 美容院,雲林縣莿桐鄉,雲林縣莿桐鄉北平路24號,23.7590599,120.500246,verified,0,2,2026-03-21 07:17:23,2026-03-24T01:33:05.285Z,,
681,恆新復健診所,park,🍀 公園,桃園市桃園區,330桃園市桃園區新埔八街111號,25.021041,121.298233,verified,2,0,2026-03-21 07:12:35,2026-03-24T01:33:05.285Z,2026-03-26 01:48:31,
680,台灣玻璃館,beach,🐚 海灘,彰化縣鹿港鎮,台灣玻璃館小客車停車場,24.068404,120.394961,verified,0,2,2026-03-21 07:10:40,2026-03-24T01:33:05.285Z,,
679,紋學院PRO INK TATTOO,restaurant,🍽️ 餐廳,新北市汐止區,新北市汐止區樟樹里台5甲線279號,25.0586621,121.63672,verified,1,1,2026-03-21 06:57:02,2026-03-24T01:33:05.285Z,2026-03-26 17:43:46,
678,永康超狂特賣會,minimart,🏪 便利商店,台南市永康區,臺南市永康區正南三路178號,23.030926,120.23527,verified,1,0,2026-03-21 06:50:06,2026-03-24T01:33:05.285Z,2026-08-24 14:04:25,
677,松田公園,park,🍀 公園,雲林縣台西鄉,雲林縣臺西鄉光華村63-55號,23.6906357,120.2072448,verified,1,0,2026-03-21 06:40:06,2026-03-24T01:33:05.285Z,2026-05-13 21:16:17,
676,橋,bridge,🌉 橋梁,雲林縣台西鄉,雲林縣臺西鄉海南村民族路58-之1號,23.6976982,120.1947423,verified,2,0,2026-03-21 06:38:30,2026-03-24T01:33:05.285Z,2026-04-03 00:37:54,
675,台西衛生所,pharmacy,💊 藥局,雲林縣台西鄉,雲林縣臺西鄉台西村民生路36號,23.6990512,120.1996914,verified,1,0,2026-03-21 06:37:13,2026-03-24T01:33:05.285Z,2026-08-09 05:45:20,
674,國立臺灣歷史博物館,forest,🌲 森林,台南市安南區,外圍步道,23.05881,120.2337,verified,0,1,2026-03-21 06:30:10,2026-03-24T01:33:05.285Z,,
673,歷史博物館,waterside,🎣 水邊,台南市安南區,歷史博物館周圍,23.05881,120.2337,verified,0,0,2026-03-21 06:28:59,2026-03-24T01:33:05.285Z,,
672,三民區,laundry,👕 自助洗衣店,高雄市三民區,鼎和街43號/日大平價泳裝鼎和店,22.666761,120.317905,verified,12,0,2026-03-21 06:11:10,2026-03-24T01:33:05.285Z,2026-09-02 04:10:45,
671,環狀線新埔站附近,stadium,🏟️ 體育館,新北市板橋區,新北市板橋區漢生東路83巷,25.01678,121.467393,verified,6,1,2026-03-21 06:10:49,2026-03-24T01:33:05.285Z,2026-06-19 08:37:50,
670,板橋玉勅廣信天師府,pharmacy,💊 藥局,新北市板橋區,南雅西路二段180巷23號,25.013856,121.452874,verified,1,6,2026-03-21 05:59:55,2026-03-24T01:33:05.285Z,2026-05-03 13:41:58,
669,淡水運動中心附近,park,🍀 公園,新北市淡水區,新北市淡水區崁頂里中山北路二段381巷14號,25.1869069,121.4424423,verified,0,0,2026-03-21 05:47:26,2026-03-24T01:33:05.285Z,,
668,新春街,forest,🌲 森林,新北市淡水區,新北市淡水區新春里新春街125巷61號,25.1831729,121.4404802,verified,1,0,2026-03-21 05:37:47,2026-03-24T01:33:05.285Z,2026-06-10 14:02:23,
667,7-11花都門市,minimart,🏪 便利商店,彰化縣田尾鄉,田尾鄉民生路一段586號,23.907771,120.524962,verified,0,0,2026-03-21 05:17:06,2026-03-24T01:33:05.285Z,,
666,雲林縣私立金安心居家長照機構,clothesstore,👗 服飾店,雲林縣西螺鎮,雲林縣西螺鎮福來路530號,23.800895,120.450009,verified,0,2,2026-03-21 05:09:49,2026-03-24T01:33:05.285Z,,
665,描屋早午餐,hotel,🏨 飯店,高雄市新興區,高雄市新興區玉衡里文橫一路71號,22.626437,120.302658,verified,3,0,2026-03-21 04:51:59,2026-03-24T01:33:05.285Z,2026-06-06 05:59:23,
664,偉一西服,clothesstore,👗 服飾店,新北市新莊區,偉一西服前面,25.032898,121.44428,verified,0,0,2026-03-21 04:51:30,2026-03-24T01:33:05.285Z,,
663,台西麵店,ramen,🍜 拉麵店,雲林縣台西鄉,雲林縣臺西鄉台西村中山路74號,23.6996682,120.2010372,verified,1,0,2026-03-21 04:44:16,2026-03-24T01:33:05.285Z,2026-03-29 09:41:05,
662,內湖區,bus,🚌 公車站,台北市內湖區,臺北市內湖區石潭里石潭路131巷145號,25.063933,121.589068,verified,0,0,2026-03-21 04:15:55,2026-03-24T01:33:05.285Z,,
661,東方美西衛五福店,minimart,🏪 便利商店,澎湖縣馬公市,東方美西衛五福店,23.5815,119.5751,verified,0,3,2026-03-21 03:32:11,2026-03-24T01:33:05.285Z,,
660,台灣電力公司綜合研究所樹林所區 的巷子裡,bus,🚌 公車站,新北市樹林區,新北市樹林區大安路84巷,24.99876,121.42306,verified,0,0,2026-03-21 02:51:00,2026-03-24T01:33:05.285Z,,
659,弘祥名壺,forest,🌲 森林,新北市樹林區,樹林寶寶 蘑菇點 往山壁靠近的地方,24.96499,121.380831,verified,0,1,2026-03-21 02:45:16,2026-03-24T01:33:05.285Z,,
658,頂美牙齒,pharmacy,💊 藥局,高雄市鳳山區,里歐頂豐店,22.5884584,120.3565295,verified,0,1,2026-03-21 02:22:58,2026-03-24T01:33:05.285Z,,
657,鳳林鎮,supermarket,🍌 超市,花蓮縣鳳林鎮,97545花蓮縣鳳林鎮中正路二段212號,23.749187,121.450062,verified,0,0,2026-03-21 01:55:04,2026-03-24T01:33:05.285Z,,
656,壽豐鄉立圖書館,library,📚 圖書館/書店,花蓮縣壽豐鄉,974花蓮縣壽豐鄉壽山路62號,23.871107,121.507686,verified,1,0,2026-03-21 01:41:54,2026-03-24T01:33:05.285Z,2026-07-24 13:51:10,
655,小和山谷,cafe,☕ 咖啡店,花蓮縣壽豐鄉,花蓮縣壽豐鄉壽豐村壽文路43號,23.875603,121.513246,verified,3,0,2026-03-21 01:36:51,2026-03-24T01:33:05.285Z,2026-07-24 13:33:32,
653,麻辣天后炒香鍋旁邊巷子,supermarket,🍌 超市,台南市永康區,臺南市永康區大橋二街239巷口,23.0209187,120.2304187,verified,1,0,2026-03-21 00:17:13,2026-03-24T01:33:05.285Z,2026-05-05 08:29:15,
652,沈豪國際專業快速洗車場,diy,🔧 五金行,台南市永康區,710臺南市永康區中正南路611號,23.0367033,120.231737,verified,2,1,2026-03-21 00:08:54,2026-03-24T01:33:05.285Z,2026-04-30 10:20:54,
651,𝐁𝐨𝐭𝐡 𝐗 𝐡𝐚𝐢𝐫 桃園青埔髮廊,hairsalon,✂️ 美容院,桃園市中壢區,桃園市中壢區青山路,25.0121178,121.2184899,verified,18,0,2026-03-20 18:53:24,2026-03-24T01:33:05.285Z,2026-08-28 14:14:13,
650,歪歪髮廊,hairsalon,✂️ 美容院,台中市烏日區,台中市烏日區中華路544號,24.1087738,120.634229,verified,5,2,2026-03-20 17:41:16,2026-03-24T01:33:05.285Z,2026-06-01 14:03:48,
649,林園,beach,🐚 海灘,高雄市林園區,高雄市林園區中芸路,22.4830579,120.3961658,verified,4,0,2026-03-20 17:03:07,2026-03-24T01:33:05.285Z,2026-08-20 16:11:33,
648,05R跑道觀賞點,airport,✈️ 機場,桃園市大園區,不要太靠近觀賞點要往回一點,25.060132,121.2192366,verified,16,1,2026-03-20 16:54:01,2026-03-20 17:02:06,2026-09-03 11:44:33,
647,學田里,roadside,🪙 路邊,台中市烏日區,臺中市烏日區學田里學田路568巷23號66弄5號,24.123201,120.608452,verified,1,0,2026-03-20 16:29:11,2026-03-20 17:02:06,2026-05-28 14:51:05,
646,Toyosaka Shrine 豊栄神社,shrine,⛩️ 神社/寺廟,日本北海道,Toyosaka Shrine 豊栄神社,42.8855926,141.5693119,verified,18,4,2026-03-20 15:42:35,2026-03-20 17:02:06,2026-08-18 07:34:47,
645,東方高爾夫俱樂部,forest,🌲 森林,桃園市龜山區,桃園市龜山區舊路里振興路229巷10號,25.008792,121.354398,verified,1,0,2026-03-20 15:42:17,2026-03-20 17:02:06,2026-03-25 16:26:37,
644,世賢北港站,bus,🚌 公車站,嘉義市西區,嘉義市西區世賢路一段861號,23.485803,120.42406,verified,0,0,2026-03-20 14:54:29,2026-03-20 17:02:06,,
643,阿婆炸麻糬,restaurant,🍽️ 餐廳,嘉義市西區,嘉義市西區民生南路39號,23.472407,120.446925,verified,4,1,2026-03-20 14:39:36,2026-03-20 17:02:06,2026-05-02 06:52:41,
642,三重聖玄慈惠堂,park,🍀 公園,新北市三重區,新北市三重區自強路二段67巷聖玄慈惠堂附近,25.069959,121.489825,verified,1,1,2026-03-20 14:32:24,2026-03-20 17:02:06,2026-05-05 11:11:11,
641,路邊純點,roadside,🪙 路邊,新北市蘆洲區,新北市蘆洲區永樂街38巷19弄42號,25.08954,121.456809,verified,2,0,2026-03-20 14:27:42,2026-03-20 17:02:06,2026-08-02 09:25:15,
640,餐廳純點,restaurant,🍽️ 餐廳,新北市蘆洲區,新北市蘆洲區仁愛街122號美聯社附近,25.094802,121.46943,verified,9,0,2026-03-20 14:22:47,2026-03-20 17:02:06,2026-08-27 12:20:53,
639,大台北菜市場,park,🍀 公園,新北市蘆洲區,新北市蘆洲區五華街326-6號附近,25.090414,121.484699,verified,6,1,2026-03-20 14:20:47,2026-03-20 17:02:06,2026-08-03 09:25:39,
638,中央研究院南部院,bus,🚌 公車站,台南市歸仁區,中央研究院南部院路口蘭花瓣藝術品附近,22.924254,120.29135,verified,0,0,2026-03-20 14:09:55,2026-03-20 17:02:06,,
637,西伯小公園,park,🍀 公園,雲林縣斗南鎮,雲林縣斗南鎮西伯里56-1,23.685234,120.443291,verified,7,0,2026-03-20 13:44:48,2026-03-20 17:02:06,2026-09-03 14:58:24,
636,公園純點,park,🍀 公園,台南市歸仁區,在台南三井後門高發二路288號附近,22.926014,120.290054,verified,0,0,2026-03-20 13:31:17,2026-03-20 17:02:06,,
635,公車站純點,bus,🚌 公車站,台南市歸仁區,在大武路一段有寫著C區製程試驗場附近,22.920002,120.291912,verified,0,0,2026-03-20 13:22:04,2026-03-20 17:02:06,,
634,路邊純點,roadside,🪙 路邊,台南市歸仁區,在高發二路跟蓮仁路中間這段歸仁十五路上,22.921601,120.29006,verified,0,0,2026-03-20 13:17:20,2026-03-20 17:02:06,,
633,橋樑純點,bridge,🌉 橋梁,台南市歸仁區,在蓮仁路與歸仁十五路的紅綠燈路口,22.921231,120.288663,verified,0,0,2026-03-20 13:13:24,2026-03-20 17:02:06,,
632,水邊純點,waterside,🎣 水邊,台南市歸仁區,在沙崙綠能科技示範的鹿附近,22.920613,120.290898,verified,0,0,2026-03-20 13:10:35,2026-03-20 17:02:06,,
631,阿文自助餐附近（依座標為主）,ramen,🍜 拉麵店,嘉義縣太保市,嘉義縣太保市太保二路77號,23.457807,120.295393,verified,0,0,2026-03-20 13:06:54,2026-03-20 17:02:06,,
630,拉麵店純點,ramen,🍜 拉麵店,台南市東區,台南市東區富農街一段131巷42弄1號,22.982024,120.233422,verified,0,0,2026-03-20 12:54:42,2026-03-20 17:02:06,,
629,天元宮後山櫻花園區,forest,🌲 森林,新北市淡水區,在爬斜坡上來看的到天元宮附近,25.185332,121.488169,verified,0,0,2026-03-20 12:51:46,2026-03-20 17:02:06,,
628,森林純點,forest,🌲 森林,新北市蘆洲區,新北市蘆洲區復興路227巷29號,25.091354,121.479203,verified,7,0,2026-03-20 12:46:12,2026-03-20 17:02:06,2026-06-03 11:20:14,
627,髮圈純點,clothesstore,👗 服飾店,新北市蘆洲區,新北市蘆洲區復興路227巷18號,25.090672,121.480219,verified,7,0,2026-03-20 12:44:40,2026-03-20 17:02:06,2026-08-18 08:36:42,
626,公車站純點,bus,🚌 公車站,新北市蘆洲區,新北市蘆洲區集賢路168-5號,25.088609,121.484576,verified,8,0,2026-03-20 12:42:55,2026-03-20 17:02:06,2026-08-03 09:25:31,
625,拉麵店純點,ramen,🍜 拉麵店,台南市歸仁區,台南市歸仁區民權三街28號,22.969431,120.288639,verified,0,0,2026-03-20 12:39:35,2026-03-20 17:02:06,,
624,便利店純點,minimart,🏪 便利商店,新北市蘆洲區,新北市蘆洲區408巷22號,25.093409,121.474418,verified,10,0,2026-03-20 12:36:28,2026-03-20 17:02:06,2026-08-01 00:54:56,
623,路邊純點,roadside,🪙 路邊,新北市蘆洲區,新北市蘆洲區422巷48弄34號,25.093088,121.474254,verified,9,0,2026-03-20 12:27:31,2026-03-20 17:02:06,2026-08-01 00:54:58,
622,便利商店純點,minimart,🏪 便利商店,新北市蘆洲區,新北市蘆洲區中興街150號,25.090156,121.48192,verified,4,0,2026-03-20 12:24:21,2026-03-20 17:02:06,2026-08-03 09:25:44,
621,路邊純點,roadside,🪙 路邊,新北市蘆洲區,新北市蘆洲區中興街126號,25.089177,121.482193,verified,7,0,2026-03-20 12:20:51,2026-03-20 17:02:06,2026-08-03 09:25:37,
620,馳名串燒,sweetshop,🍩 甜點店,嘉義縣民雄鄉,嘉義縣民雄鄉公園一街260號,23.555376,120.47061,verified,0,5,2026-03-20 12:16:33,2026-03-20 17:02:06,,
619,桂林郵局,postoffice,📮 郵局,高雄市小港區,高雄市小港區桂林里桂華街125號,22.5831656,120.358051,verified,1,1,2026-03-20 12:02:02,2026-03-20 17:02:06,2026-03-24 04:29:37,
618,萊爾富鳳山尚勇店,pharmacy,💊 藥局,高雄市鳳山區,高雄市鳳山區過埤里過勇路57號,22.5865547,120.3626734,verified,0,1,2026-03-20 11:59:49,2026-03-20 17:02:06,,
617,旭呈室內設計 展承工程行,themePark,🎢 主題樂園,南投縣南投市,南投縣南投市平山里華陽路775號,23.9299008,120.6783416,verified,9,1,2026-03-20 11:44:21,2026-03-20 17:02:06,2026-07-17 23:43:25,
616,千甲車站,station,🚂 車站,新竹市東區,新竹市東區千甲車站,24.80648,121.003601,verified,6,0,2026-03-20 11:37:06,2026-03-20 17:02:06,2026-08-06 12:34:02,
615,翰暉對面,waterside,🎣 水邊,桃園市中壢區,桃園市中壢區正義里新興北街49號,24.954928,121.230966,verified,1,1,2026-03-20 11:16:06,2026-03-20 17:02:06,2026-03-25 16:26:32,
614,全聯福利中心 新竹關新西店,supermarket,🍌 超市,新竹市東區,新竹市東區關新里關東路171號,24.789428,121.019746,verified,3,4,2026-03-20 11:14:12,2026-03-20 11:14:12,2026-03-20 16:23:38,
613,7-ELEVEN 興祥門市,minimart,🏪 便利商店,台中市烏日區,臺中市烏日區九德里興祥街191巷15號,24.109968,120.636823,verified,0,1,2026-03-20 11:13:26,2026-03-20 17:02:06,,
612,皙之密苗栗生活館附近,ramen,🍜 拉麵店,苗栗縣苗栗市,苗栗縣苗栗市新東街19號,24.552298,120.818364,verified,2,0,2026-03-20 11:13:07,2026-03-20 17:02:06,2026-04-30 13:13:25,
611,大林公車轉運站,bus,🚌 公車站,嘉義縣大林鎮,嘉義縣大林鎮大林站,23.6124034,120.4401148,verified,0,0,2026-03-20 10:48:16,2026-03-20 17:02:06,,
610,清水區第一公墓,forest,🌲 森林,台中市沙鹿區,臺中市沙鹿區西勢里中航路一段527號,24.263697,120.578835,verified,1,0,2026-03-20 09:43:22,2026-03-20 17:02:06,2026-03-24 08:15:10,
609,晉宜公園,park,🍀 公園,台中市沙鹿區,臺中市沙鹿區晉江里晉文路133號,24.223996,120.581317,verified,1,0,2026-03-20 09:41:54,2026-03-20 17:02:06,2026-03-22 12:51:35,
608,美二佳蛋糕麵包伴手禮店(清水店),bakery,🥖 麵包店,台中市清水區,臺中市清水區清水里中山路88號1樓,24.264225,120.573632,verified,6,1,2026-03-20 09:39:56,2026-03-20 17:02:06,2026-06-29 22:05:29,
607,富登塑鋼,laundry,👕 自助洗衣店,屏東縣潮州鎮,920屏東縣潮州鎮光復路42-1號,22.540902,120.535521,verified,1,2,2026-03-20 09:29:24,2026-03-20 17:02:06,2026-03-28 06:41:14,
606,光興停車場,restaurant,🍽️ 餐廳,新北市三重區,新北市三重區光輝里光興街41號,25.0603122,121.4995743,verified,0,1,2026-03-20 09:10:23,2026-03-20 17:02:06,,
605,甲依洗衣店,laundry,👕 自助洗衣店,高雄市楠梓區,甲依洗衣店,22.7289713,120.3293537,verified,1,1,2026-03-20 09:10:06,2026-03-20 17:02:06,2026-03-28 01:10:20,
604,高捷岡山高醫站,waterside,🎣 水邊,高雄市岡山區,在橋頭火車站跟岡山高醫中間，搭捷運可以掃到,22.7778486,120.3030134,verified,2,0,2026-03-20 08:49:22,2026-03-20 17:02:06,2026-06-17 13:24:32,
603,會稽公園,park,🍀 公園,桃園市桃園區,溜滑梯那段,25.013877,121.315889,verified,1,0,2026-03-20 08:33:20,2026-03-20 17:02:06,2026-03-25 16:26:26,
602,桃林步道,ramen,🍜 拉麵店,桃園市桃園區,大興西路灶咖那側，蘿蔔糕阿伯附近,25.017542,121.312125,verified,1,0,2026-03-20 08:23:51,2026-03-20 17:02:06,2026-03-25 16:26:17,
601,南昌公園,park,🍀 公園,桃園市桃園區,匹克球場,25.02026,121.312755,verified,3,0,2026-03-20 08:18:04,2026-03-20 17:02:06,2026-09-02 13:41:38,
600,小北E棒球場,stadium,🏟️ 體育館,台南市北區,台南市北區育德一街&文成五路交叉口,23.018851468531143,120.20510002745736,verified,7,1,2026-03-20 07:41:38,2026-03-20 17:02:06,2026-05-02 00:00:45,
599,桀能環保科技股份有限公司,postoffice,📮 郵局,彰化縣鹿港鎮,彰化縣鹿港鎮草中里頂草路四段388之2號,24.108277,120.459549,verified,1,0,2026-03-20 07:25:18,2026-03-20 17:02:06,2026-03-24 05:58:05,
598,三重二重埔郵局,postoffice,📮 郵局,新北市三重區,光復路一段140號,25.052766,121.471887,verified,6,2,2026-03-20 06:53:55,2026-03-20 17:02:06,2026-07-09 08:25:59,
597,國強貨運有限公司,cafe,☕ 咖啡店,新竹市北區,北新街39巷接中和路52巷交界路口,24.8018438,120.9578187,verified,3,0,2026-03-20 06:45:02,2026-03-20 17:02:06,2026-09-09 13:54:39,
596,吉士華康專業護具,ramen,🍜 拉麵店,台北市萬華區,臺北市萬華區新和里中華路二段416巷66弄61號,25.0275358,121.503823,verified,1,1,2026-03-20 06:44:42,2026-03-20 17:02:06,2026-06-21 17:44:37,
594,歸仁區,bus,🚌 公車站,台南市歸仁區,711臺南市歸仁區大仁街143號,22.969274,120.299991,verified,0,0,2026-03-20 04:51:29,2026-03-20 17:02:06,,
593,神明神社,shrine,⛩️ 神社/寺廟,日本神奈川縣,日本橫濱市泉區上飯田町,35.42283,139.478472,verified,17,0,2026-03-20 04:28:16,2026-03-20 17:02:06,2026-07-04 07:27:21,
591,欣聯人力資源管理顧問有限公司,waterside,🎣 水邊,桃園市桃園區,桃園市桃園區檜樂里大德三街62巷1號,25.017277,121.317486,verified,1,0,2026-03-20 03:21:30,2026-03-20 17:02:06,2026-05-23 12:58:23,
590,吉得堡存髮圈存,clothesstore,👗 服飾店,新北市三重區,仁華街75號,25.083058,121.485336,verified,2,0,2026-03-20 02:39:53,2026-03-20 17:02:06,2026-07-31 09:07:29,
589,高鐵六家基地,waterside,🎣 水邊,新竹縣竹北市,提頂一街,24.79551,121.04747,verified,1,0,2026-03-20 01:31:01,2026-03-20 17:02:06,2026-07-27 06:23:04,
588,德美藥行附近,makeup,💄 化妝品商店,嘉義市東區,嘉義市東區吳鳳北路287號,23.480802,120.453248,verified,2,2,2026-03-20 01:23:47,2026-03-20 17:02:06,2026-06-16 02:03:07,
587,大直植福宮,park,🍀 公園,台北市中山區,臺北市中山區成功里北安路608巷16號,25.081599,121.550683,verified,1,0,2026-03-20 00:59:05,2026-03-20 17:02:06,2026-04-02 12:22:08,
586,慈濟醫院,roadside,🪙 路邊,新北市新店區,急診菇附近,24.986782,121.534971,verified,1,0,2026-03-20 00:54:37,2026-03-20 17:02:06,2026-05-04 17:58:35,
585,旺客隆五金百貨,diy,🔧 五金行,新竹縣竹北市,竹北市嘉豐二街一段2-38,24.8172467,121.0303242,verified,10,1,2026-03-19 23:51:28,2026-03-20 17:02:06,2026-05-23 02:05:50,
584,監理所(高楠路),bus,🚌 公車站,高雄市楠梓區,德民路跟高楠公路測速照相機前,22.73295,120.320048,verified,1,0,2026-03-19 16:53:34,2026-03-20 17:02:06,2026-03-28 12:33:11,
583,三總醫院,bus,🚌 公車站,基隆市中正區,基隆市中正區三軍總醫院基隆分院,25.1447896,121.7631252,verified,2,0,2026-03-19 16:39:00,2026-03-20 17:02:06,2026-04-30 02:14:14,
582,全家便利商店清水海風店,waterside,🎣 水邊,台中市清水區,436臺中市清水區神清路86之28號86之21號,24.2900694,120.6331876,verified,0,0,2026-03-19 14:36:16,2026-03-20 17:02:06,,
581,蔡記隆府,italian,🍕 義式餐廳,新北市蘆洲區,新北市蘆洲區長興路58巷1號,25.085451,121.461689,verified,1,3,2026-03-19 14:05:35,2026-03-20 17:02:06,2026-05-09 14:31:23,
580,大巨蛋GATE1入口,stadium,🏟️ 體育館,台北市信義區,大巨蛋1號入口,25.04237,121.560898,verified,30,4,2026-03-19 14:00:40,2026-03-20 17:02:06,2026-07-09 08:23:34,
579,佳湘麵包,bakery,🥖 麵包店,台南市西港區,佳湘麵包路口,23.1206794,120.1988284,verified,6,0,2026-03-19 13:56:38,2026-03-20 17:02:06,2026-09-12 23:10:15,
578,南科,roadside,🪙 路邊,台南市善化區,臺南市安南區公[塭]里公學路五段511號,23.07174,120.16192,verified,0,0,2026-03-19 13:52:24,2026-03-20 17:02:06,,
577,美聯社,supermarket,🍌 超市,台中市烏日區,台中市烏日區中華路94號美廉社 烏日中華店,24.111155,120.6416855,verified,5,0,2026-03-19 13:39:40,2026-03-20 17:02:06,2026-06-10 15:55:06,
576,全聯 台南生產店,supermarket,🍌 超市,台南市東區,生產路181號,22.9653337,120.2252763,verified,2,0,2026-03-19 13:21:01,2026-03-20 17:02:06,2026-05-18 08:06:38,
575,河邊小路,clothesstore,👗 服飾店,彰化縣田尾鄉,522彰化縣田尾鄉福德巷439號,23.898707,120.536828,verified,0,0,2026-03-19 12:53:22,2026-03-20 17:02:06,,
574,民權路106巷,restaurant,🍽️ 餐廳,新北市蘆洲區,新北市蘆洲區民權路106巷2號附近,25.088961,121.474447,verified,11,1,2026-03-19 12:35:28,2026-03-20 17:02:06,2026-07-24 11:30:24,
573,三民高中三民路旁巷子,restaurant,🍽️ 餐廳,新北市蘆洲區,新北市蘆洲區三民路98巷19號,25.087546,121.472974,verified,13,0,2026-03-19 12:31:15,2026-03-20 17:02:06,2026-08-20 12:14:38,
572,世賢圖書館,library,📚 圖書館/書店,嘉義市西區,嘉義市西區竹圍四路118號,23.4898997,120.4289998,verified,4,0,2026-03-19 12:11:09,2026-03-20 17:02:06,2026-05-02 16:42:15,
571,揣茶,ramen,🍜 拉麵店,台南市北區,臺南市北區長北街66號,23.001303,120.204204,verified,3,0,2026-03-19 11:09:14,2026-03-20 17:02:06,2026-05-17 08:36:04,
570,阡藝理髮廳,hairsalon,✂️ 美容院,高雄市苓雅區,高雄市廣西路與廣東二街交叉口,22.615998063732434,120.32108666884864,verified,11,0,2026-03-19 09:23:31,2026-03-20 17:02:06,2026-08-18 04:05:39,
569,中正南路52巷46弄,clothesstore,👗 服飾店,台南市永康區,奇美醫院第五停車場附近,23.0193977,120.2178476,verified,1,3,2026-03-19 08:27:34,2026-03-20 17:02:06,2026-06-14 19:23:10,
568,吉隆茶葉旁巷子,restaurant,🍽️ 餐廳,台南市永康區,永二街288巷底,23.018677,120.250015,verified,0,0,2026-03-19 08:21:49,2026-03-20 17:02:06,,
567,康永牙醫後面,diy,🔧 五金行,台南市永康區,復國路二段173巷口,23.0119768,120.2481854,verified,7,0,2026-03-19 08:18:24,2026-03-20 17:02:06,2026-06-27 23:10:38,
566,梅珍香食品,hamburger,🍔 漢堡店,花蓮縣吉安鄉,花蓮縣吉安鄉梅珍香店面的佛具行附近,23.97911,121.5885,verified,5,4,2026-03-19 08:12:43,2026-03-20 17:02:06,2026-06-18 05:54:10,
565,幸福旅人民宿,hairsalon,✂️ 美容院,花蓮縣花蓮市,花蓮市福建街162-2號,23.96935,121.60148,verified,5,0,2026-03-19 08:09:43,2026-03-20 17:02:06,2026-08-28 14:15:46,
564,大華搬場服務社,restaurant,🍽️ 餐廳,台北市中正區,臺北市中正區河堤里金門街24巷9號三樓號,25.022038,121.522471,verified,0,0,2026-03-19 04:48:47,2026-03-20 17:02:06,,
563,桃園國際路郵局,postoffice,📮 郵局,桃園市桃園區,桃園市桃園區國際路二段589號,25.007175,121.285951,verified,7,3,2026-03-19 04:27:01,2026-03-20 17:02:06,2026-08-13 01:09:24,
562,和平島公園,beach,🐚 海灘,基隆市中正區,和平島公園前紅色告示牌,25.160181,121.762505,verified,6,0,2026-03-19 03:02:42,2026-03-19 08:12:18,2026-07-31 11:54:56,
561,大湖國小附近,supermarket,🍌 超市,台北市內湖區,臺北市內湖區大湖里大湖街131巷55號,25.086603,121.600684,verified,9,0,2026-03-19 02:41:28,2026-03-20 17:02:06,2026-09-17 13:10:01,
560,沖繩宮古島市,airport,✈️ 機場,日本沖繩縣,沖繩縣宮古島市西里,24.782488,125.295424,verified,3,0,2026-03-19 02:15:29,2026-03-19 08:12:06,2026-07-12 07:58:38,
559,7-11北興門市旁,pharmacy,💊 藥局,台南市永康區,大同街路上,23.0159697,120.2652569,verified,1,0,2026-03-19 02:05:49,2026-03-20 17:02:06,2026-06-20 19:57:29,
558,龍樂火鍋門口,italian,🍕 義式餐廳,台南市永康區,臺南市永康區永大路,23.0301726,120.2602774,verified,6,0,2026-03-19 02:04:15,2026-03-20 17:02:06,2026-07-17 02:38:55,
557,永康區大同街路邊,restaurant,🍽️ 餐廳,台南市永康區,靠近北興7-11,23.0102373,120.2655936,verified,0,0,2026-03-19 02:02:40,2026-03-20 17:02:06,,
556,正信路書純點,library,📚 圖書館/書店,基隆市信義區,基隆市信義區正信路,25.129799,121.761032,verified,1,0,2026-03-19 02:00:04,2026-03-20 17:02:06,2026-06-08 18:05:01,
555,萬丹公園路口,park,🍀 公園,屏東縣萬丹鄉,路口附近,22.5945863,120.488572,verified,2,0,2026-03-19 01:43:27,2026-03-20 17:02:06,2026-05-11 05:28:33,
554,維欣食品,sweetshop,🍩 甜點店,新北市板橋區,新北市板橋區溪福里金門街299巷14號,24.985972,121.4306848,verified,7,11,2026-03-19 01:06:08,2026-03-20 17:02:06,2026-09-05 03:38:30,
553,路口,italian,🍕 義式餐廳,新北市林口區,四維路和文化一路交叉口,25.0765106,121.3800745,verified,11,0,2026-03-18 21:28:10,2026-03-20 17:02:06,2026-07-16 16:26:35,
552,嘉威聯合會計師事務所(彰化員林分所),hairsalon,✂️ 美容院,彰化縣員林市,員林市惠明街196巷45號,23.95187,120.5680187,verified,5,0,2026-03-18 18:10:36,2026-03-20 17:02:06,2026-08-28 14:16:11,
551,路邊廁所,forest,🌲 森林,南投縣南投市,公廁前有一段路都是森林,23.9551326,120.6920021,verified,3,0,2026-03-18 16:23:32,2026-03-20 17:02:06,2026-09-11 11:55:11,
550,CITY PARKING 城市車旅停車場 龜山停四站,forest,🌲 森林,桃園市龜山區,桃園市龜山區明成街與號明成街33巷,24.99139,121.345119,verified,2,1,2026-03-18 14:54:57,2026-03-20 17:02:06,2026-03-29 08:21:37,
549,全方位停車場 延壽站,laundry,👕 自助洗衣店,桃園市桃園區,桃園市桃園區中信里延壽街83號二樓號,24.9929536,121.2923479,verified,3,0,2026-03-18 14:53:26,2026-03-20 17:02:06,2026-06-06 07:16:07,
548,擬餌,waterside,🎣 水邊,台中市大里區,臺中市大里區東昇里台74線20號,24.119606,120.700478,verified,2,0,2026-03-18 14:07:15,2026-03-20 17:02:06,2026-05-17 01:13:29,
547,日盛食堂,sushi,🍣 壽司店,新北市板橋區,新北市板橋區自強里中正路69巷83-1號,25.012475,121.454758,verified,9,5,2026-03-18 14:04:36,2026-03-20 17:02:06,2026-06-01 12:29:19,
546,牙刷,pharmacy,💊 藥局,台中市東區,臺中市東區東信里東英一街57號,24.134096,120.705706,verified,6,0,2026-03-18 14:02:36,2026-03-20 17:02:06,2026-09-06 18:41:11,
545,捷運華格納,restaurant,🍽️ 餐廳,新北市中和區,新北市中和區景文里景新街132巷8之6號三樓號,24.99804,121.504475,verified,1,0,2026-03-18 13:17:47,2026-03-20 17:02:06,2026-04-08 07:21:11,
544,美麗國,roadside,🪙 路邊,新北市中和區,新北市中和區景文里景新街96巷17號,24.998251,121.504622,verified,2,0,2026-03-18 13:17:22,2026-03-20 17:02:06,2026-05-02 17:08:51,
543,渠泰興五金行,electronics,🔋 電器行,新北市中和區,新北市中和區景文里景新街96號,24.998617,121.50489,verified,1,5,2026-03-18 13:16:18,2026-03-20 17:02:06,2026-04-08 07:21:13,
542,朴子祥和郵局,postoffice,📮 郵局,嘉義縣朴子市,嘉義縣朴子市祥和二路西段6號,23.457839,120.289632,verified,1,0,2026-03-18 11:47:28,2026-03-20 17:02:06,2026-05-03 17:07:04,
541,海岸大橋附近,park,🍀 公園,宜蘭縣南澳鄉,宜蘭縣蘇澳鎮南強里南澳南路42號,24.454334,121.802459,verified,1,0,2026-03-18 09:42:20,2026-03-20 17:02:06,2026-05-09 22:44:19,
540,南澳路邊電塔,park,🍀 公園,宜蘭縣蘇澳鎮,宜蘭縣蘇澳鎮南強里南澳南路1-11號,24.455954,121.803589,verified,1,0,2026-03-18 09:35:04,2026-03-20 17:02:06,2026-09-14 07:10:24,
539,北藝,station,🚂 車站,台北市士林區,北藝中心一樓4號門,25.085318,121.52459,verified,0,3,2026-03-18 08:32:58,2026-03-20 17:02:06,,
538,在百齡左岸河濱公園，靠近社子,waterside,🎣 水邊,台北市士林區,3GP7+G6 臺北市士林區葫東里,25.0863647,121.5130327,verified,1,0,2026-03-18 07:34:57,2026-03-20 17:02:06,2026-06-06 02:54:19,
537,一般住家道路,waterside,🎣 水邊,基隆市七堵區,31號附近,25.099053,121.710082,verified,0,0,2026-03-18 07:11:32,2026-03-20 17:02:06,,
536,肇天宮旁路上,restaurant,🍽️ 餐廳,彰化縣田尾鄉,福德巷547號,23.900328,120.538028,verified,0,0,2026-03-18 06:34:57,2026-03-20 17:02:06,,
535,省錢超市後面的路,library,📚 圖書館/書店,彰化縣田尾鄉,公所路上,23.89254,120.526638,verified,3,1,2026-03-18 06:27:21,2026-03-20 17:02:06,2026-05-23 15:57:32,
534,台北賓館,waterside,🎣 水邊,台北市中正區,2GQ8+QW 臺北市中正區黎明里,25.039434,121.517281,verified,1,0,2026-03-18 04:35:36,2026-03-20 17:02:06,2026-04-27 03:52:43,
533,旅行博物館,hotel,🏨 飯店,台東縣台東市,博物館路1號,22.760045,121.091018,verified,0,0,2026-03-18 01:38:38,2026-03-20 17:02:06,,
532,孔廟西大成坊,waterside,🎣 水邊,台南市中西區,孔廟,22.9900286,120.2037066,verified,1,0,2026-03-17 22:17:59,2026-03-18 01:14:05,2026-05-01 19:19:00,
531,泰蝦PA滑水道泰國蝦吃到飽,restaurant,🍽️ 餐廳,新北市林口區,新北市林口區南勢里三民路56號,25.0688347,121.3591821,verified,2,1,2026-03-17 17:47:22,2026-03-18 01:14:09,2026-04-28 14:52:19,
529,168Parking,university,🎓 大學/學院,新北市蘆洲區,247新北市蘆洲區保和街57-47號,25.0863729,121.4699031,verified,13,0,2026-03-17 15:57:27,2026-03-20 17:02:06,2026-08-09 04:29:06,
528,臺大,university,🎓 大學/學院,台北市大安區,臺北市大安區學府里羅斯福路四段一號,25.0193868,121.5353111,verified,10,1,2026-03-17 15:13:10,2026-03-20 17:02:06,2026-06-29 14:06:17,
527,高典衛浴,laundry,👕 自助洗衣店,台南市永康區,臺南市永康區復國里復國一路315巷40號,23.0105119,120.2450743,verified,7,0,2026-03-17 14:29:55,2026-03-20 17:02:06,2026-06-30 08:23:28,
526,拉亞漢堡屏東自由店騎樓,hamburger,🍔 漢堡店,屏東縣屏東市,屏東縣屏東市自由路357-2號,22.6796421,120.4969113,verified,6,0,2026-03-17 14:10:37,2026-03-20 17:02:06,2026-06-17 02:00:51,
525,民有三街580號,cafe,☕ 咖啡店,桃園市桃園區,桃園市桃園區寶山里民有三街582號,25.0147721,121.3133405,verified,2,4,2026-03-17 13:57:13,2026-03-20 17:02:06,2026-04-07 10:06:04,
524,台中高工實習工廠,restaurant,🍽️ 餐廳,台中市南區,臺中市南區永興里高工路165號,24.113324,120.660532,verified,2,0,2026-03-17 13:24:13,2026-03-20 17:02:06,2026-08-24 10:02:48,
523,大觀國中,forest,🌲 森林,新北市板橋區,新北市板橋區浮洲里僑中一街1號,25.011274,121.448702,verified,1,0,2026-03-17 12:20:34,2026-03-20 17:02:06,2026-05-03 09:46:47,
522,8鍋小火鍋,restaurant,🍽️ 餐廳,新北市淡水區,新北市淡水區新春里新民街278號,25.181692,121.435364,verified,0,1,2026-03-17 12:16:01,2026-03-20 17:02:06,,
521,真耶穌教會-淡水教會附近,forest,🌲 森林,新北市淡水區,新北市淡水區大庄里新民街一段65號臺北灣一期A區別墅區,25.183639,121.432028,verified,0,0,2026-03-17 12:11:34,2026-03-20 17:02:06,,
520,台北灣第六期-江南大宅附近,forest,🌲 森林,新北市淡水區,新北市淡水區大庄里新民街一段39之1號,25.1860395,121.4286624,verified,0,0,2026-03-17 12:09:28,2026-03-20 17:02:06,,
519,荷蘭灣附近,bus,🚌 公車站,新北市淡水區,新北市淡水區大庄里中正路二段153號,25.1880589,121.4249315,verified,0,0,2026-03-17 12:04:47,2026-03-20 17:02:06,,
518,荷蘭灣附近,roadside,🪙 路邊,新北市淡水區,新北市淡水區中正新民街口,25.188149,121.425352,verified,0,0,2026-03-17 12:03:46,2026-03-20 17:02:06,,
517,月老仙翁廟附近,bus,🚌 公車站,新北市淡水區,新北市淡水區沙崙里台2乙線136號,25.1871766,121.4211543,verified,0,0,2026-03-17 12:01:57,2026-03-20 17:02:06,,
516,北大特區,minimart,🏪 便利商店,新北市樹林區,新北市樹林區大有路,24.94749,121.383824,verified,1,0,2026-03-17 12:00:39,2026-03-20 17:02:06,2026-04-02 13:30:58,
515,中華民國紅十字會對面,park,🍀 公園,新北市淡水區,新北市淡水區紅十字會,25.1860195,121.4184563,verified,1,0,2026-03-17 11:58:43,2026-03-20 17:02:06,2026-04-07 10:04:17,
514,輕軌沙崙站,station,🚂 車站,新北市淡水區,新北市淡水區沙崙里淡海路300號,25.187952,121.417591,verified,1,2,2026-03-17 11:49:48,2026-03-20 17:02:06,2026-09-11 16:03:48,
513,綠野馬場,clothesstore,👗 服飾店,新北市淡水區,新北市淡水區沙崙里淡海路292號,25.188959,121.418831,verified,1,0,2026-03-17 11:45:15,2026-03-20 17:02:06,2026-04-28 15:48:57,
512,猴子走走花精按摩,bus,🚌 公車站,台中市南區,臺中市南區工學里大慶街一段130號,24.11408,120.658417,verified,0,0,2026-03-17 11:01:06,2026-03-20 17:02:06,,
511,那霸機場,airport,✈️ 機場,日本沖繩縣那霸市,那霸機場43B，上飛機後，飛機還沒起飛的飛機上,26.210974,127.649608,verified,3,2,2026-03-17 10:55:49,2026-03-19 08:12:08,2026-04-04 14:04:27,
509,國華國中,italian,🍕 義式餐廳,宜蘭縣羅東鎮,宜蘭縣羅東鎮國華里杏林街1號,24.677353,121.761014,verified,2,0,2026-03-17 09:15:22,2026-03-20 17:02:06,2026-04-26 11:16:41,
508,中華電信,bus,🚌 公車站,桃園市新屋區,中華電信新屋服務中心旁,24.971262,121.108958,verified,0,0,2026-03-17 09:03:30,2026-03-20 17:02:06,,
507,長春街163巷,laundry,👕 自助洗衣店,新竹市東區,163巷巷口，附近有法格高轉速自助洗衣,24.7894932,121.0155925,verified,6,1,2026-03-17 08:53:44,2026-03-20 17:02:06,2026-06-27 00:04:51,
506,龜山區,clothesstore,👗 服飾店,桃園市龜山區,頂興路,24.988952,121.329514,verified,4,1,2026-03-17 08:47:22,2026-03-20 17:02:06,2026-09-02 13:26:55,
505,透天住家有道路,clothesstore,👗 服飾店,台中市北屯區,台中市北屯區松順一街75號,24.150682,120.670289,verified,0,3,2026-03-17 08:35:27,2026-03-20 17:02:06,,
504,披薩義大利麵,italian,🍕 義式餐廳,台中市北區,臺中市北區賴村里德化街423號,24.16172,120.677768,verified,8,0,2026-03-17 07:52:10,2026-03-20 17:02:06,2026-08-24 10:09:56,
503,煙波飯店宜蘭館,hotel,🏨 飯店,宜蘭縣宜蘭市,縣政五街轉角處,24.72548079659127,121.76175747314265,verified,5,0,2026-03-17 06:56:25,2026-03-20 17:02:06,2026-07-15 14:38:41,
502,立宸整合牙醫診所,themePark,🎢 主題樂園,台北市士林區,臺北市士林區三玉里忠誠路二段41巷40 樓2號,25.1102702,121.5323023,verified,8,4,2026-03-17 06:52:14,2026-03-20 17:02:06,2026-08-21 08:17:17,
501,牛仔莊園,forest,🌲 森林,新北市三芝區,新北市三芝區埔頭里古庄108之1號,25.2634048,121.498186,verified,0,0,2026-03-17 04:23:30,2026-03-20 17:02:06,,
500,廚師帽,restaurant,🍽️ 餐廳,彰化縣彰化市,彰化縣彰化市線東路一段370號之2,24.073653,120.518283,verified,1,0,2026-03-17 03:57:49,2026-03-20 17:02:06,2026-08-12 04:26:47,
499,佳音英文,ramen,🍜 拉麵店,彰化縣員林市,510002彰化縣員林市靜修東路48號,23.963125,120.5757133,verified,0,0,2026-03-17 03:56:43,2026-03-20 17:02:06,,
498,呷尚寶-文衡店,minimart,🏪 便利商店,高雄市鳳山區,高雄市鳳山區文化路25號一樓,22.633375,120.357987,verified,1,0,2026-03-17 02:32:37,2026-03-20 17:02:06,2026-03-26 04:27:33,
497,CITY PARKING  大里停六站號出入口,italian,🍕 義式餐廳,台中市大里區,台中市大里區永隆七街89-65號,24.1138416,120.6762381,verified,1,4,2026-03-17 01:19:29,2026-03-20 17:02:06,2026-03-21 01:56:38,
496,K bab 大叔的飯卷店門口,library,📚 圖書館/書店,台中市北區,臺中市北區錦平街20號,24.1521555,120.6841107,verified,0,3,2026-03-17 01:16:20,2026-03-20 17:02:06,,
495,早漁早午餐,korean,🥬 韓式餐廳,高雄市三民區,高雄三民區立志街,22.651864,120.326715,verified,16,0,2026-03-17 00:22:52,2026-03-20 17:02:06,2026-09-02 03:57:51,
494,文中路跟文林路路口,library,📚 圖書館/書店,桃園市觀音區,桃園市觀音區新坡里文林路33號,25.015636,121.134283,verified,2,1,2026-03-16 23:26:40,2026-03-20 17:02:06,2026-06-11 08:00:02,
493,東方美早餐店,zoo,🦁 動物園,新北市中和區,新北市中和區新生街186巷20號,24.9997561,121.4826369,verified,35,34,2026-03-16 20:56:53,2026-03-20 17:02:06,2026-07-19 06:42:48,
492,DHL Express Service Point Locker (土城學士里辦公室ｉ郵箱),restaurant,🍽️ 餐廳,新北市土城區,新北市土城區學士里裕民路214巷36號,24.983403,121.452293,verified,1,1,2026-03-16 20:32:45,2026-03-20 17:02:06,2026-04-02 16:35:17,
491,土城無極玉皇太子宮,cafe,☕ 咖啡店,新北市土城區,新北市土城區新北市土城區,24.98384,121.452658,verified,6,0,2026-03-16 20:31:52,2026-03-18 01:14:17,2026-07-14 01:34:18,
490,莒光四村,bakery,🥖 麵包店,新北市土城區,新北市土城區裕生里中央路一段189巷4號,24.986949768625816,121.44629007242712,verified,0,5,2026-03-16 20:30:01,2026-03-20 17:02:06,,
489,土城綜合體育場,stadium,🏟️ 體育館,新北市土城區,新北市土城區中正里裕民路193之1號,24.984794,121.455766,verified,9,0,2026-03-16 20:26:58,2026-03-18 01:14:20,2026-09-09 02:14:21,
488,高鐵橋下,bridge,🌉 橋梁,台南市新化區,臺南市新化區全興里166,23.0242244,120.28988,verified,0,0,2026-03-16 15:58:12,2026-03-20 17:02:06,,
487,竹仔腳公車站,bus,🚌 公車站,台南市新化區,站牌附近都吃得到,23.028972,120.2941085,verified,0,0,2026-03-16 15:57:01,2026-03-20 17:02:06,,
486,中灣五街（大灣菜市場）,clothesstore,👗 服飾店,台南市永康區,在座標旁鐵皮倉庫門口，建議站在路燈及倉庫中間的位子，太前面會變成貼紙，太後面則會吃到郵局點,23.0070247,120.2694881,verified,0,0,2026-03-16 15:54:18,2026-03-20 17:02:06,,
485,晶宴會館-御豐館,makeup,💄 化妝品商店,新竹市東區,新竹市東區公道五路三段,24.805571,120.992174,verified,15,0,2026-03-16 14:24:51,2026-03-20 17:02:06,2026-08-17 09:34:10,
484,歡樂派對音樂坊,restaurant,🍽️ 餐廳,新竹市東區,新竹市東區公道五路二段437號,24.80399,120.995286,verified,2,0,2026-03-16 14:22:31,2026-03-20 17:02:06,2026-09-09 13:54:47,
483,魚中魚貓狗水族大賣場 竹北店,cafe,☕ 咖啡店,新竹縣竹北市,新竹縣竹北市博愛街119號,24.830782,121.004268,verified,8,0,2026-03-16 14:19:54,2026-03-20 17:02:06,2026-07-10 19:38:59,
482,新莊車站,station,🚂 車站,新竹市東區,300新竹市東區關新路,24.788246,121.022098,verified,4,2,2026-03-16 14:17:14,2026-03-20 17:02:06,2026-08-23 16:33:12,
481,新竹 佑聖宮 (玄天上帝),station,🚂 車站,新竹市北區,300新竹市北區公道五路五段195號,24.835112,120.948218,verified,2,0,2026-03-16 14:15:20,2026-03-20 17:02:06,2026-07-10 18:32:49,
480,塹港富美宮,forest,🌲 森林,新竹市北區,新竹市北區富美路28a號,24.840929,120.938993,verified,1,0,2026-03-16 14:12:00,2026-03-20 17:02:06,2026-03-22 15:52:33,
479,全友天下社區門外,restaurant,🍽️ 餐廳,彰化縣彰化市,彰化市辭修北路167巷91-59左右,24.0931148,120.5401636,verified,0,0,2026-03-16 13:34:21,2026-03-20 17:02:06,,
478,武食餐廳,restaurant,🍽️ 餐廳,南投縣草屯鎮,542南投縣草屯鎮民生一街62巷36號,23.967437,120.684342,verified,3,0,2026-03-16 13:20:54,2026-03-20 17:02:06,2026-06-10 18:35:54,
477,有點荒涼的地方,roadside,🪙 路邊,新北市鶯歌區,新北市鶯歌區尖山里八德路29號,24.9526493,121.3349853,verified,0,0,2026-03-16 11:53:03,2026-03-20 17:02:06,,
476,沙鹿星巴克,cafe,☕ 咖啡店,台中市沙鹿區,臺中市沙鹿區興安里大同街19號之8號,24.2343511,120.5575128,verified,4,0,2026-03-16 10:32:19,2026-05-02 07:11:58,2026-06-15 11:58:54,
475,A,bus,🚌 公車站,新竹市東區,新竹市東區科園里力行一路10-1號,24.771382,121.016742,verified,0,0,2026-03-16 10:07:05,2026-03-20 17:02:06,,
474,大智街跟新福一路轉角處,bus,🚌 公車站,桃園市新屋區,桃園市新屋區新屋里新福一路69號,24.970738,121.107265,verified,0,0,2026-03-16 09:23:31,2026-03-20 17:02:06,,
473,白聖紀念講堂,roadside,🪙 路邊,新北市新店區,新店祥友中古汽車,24.972621,121.548044,verified,0,0,2026-03-16 09:07:07,2026-03-20 17:02:06,,
472,全里農機材料行,bridge,🌉 橋梁,花蓮縣壽豐鄉,游樂設施再往前一小段路才會是【橋梁】純點,23.871533090391498,121.51301179856229,verified,1,0,2026-03-16 08:37:07,2026-03-20 17:02:06,2026-03-31 01:49:52,
471,高雄長庚復健大樓2樓眼科部,bridge,🌉 橋梁,高雄市鳥松區,高雄市鳥松區大埤路123號,22.649027,120.352201,verified,1,0,2026-03-16 07:38:28,2026-03-20 17:02:06,2026-03-26 04:28:01,
470,全能不動產地政士事務所,cafe,☕ 咖啡店,桃園市桃園區,桃園市桃園區忠二路7號,24.996659955830285,121.3037464411589,verified,2,2,2026-03-16 07:02:55,2026-03-20 17:02:06,2026-04-07 10:06:09,
469,福興祠,sweetshop,🍩 甜點店,桃園市桃園區,330桃園市桃園區會稽一街20號,25.015006826490463,121.31439175767157,verified,28,1,2026-03-16 07:01:52,2026-03-20 17:02:06,2026-08-15 11:31:17,
468,晨瑋環保工程有限公司前面,restaurant,🍽️ 餐廳,彰化縣田尾鄉,光復路595號,23.889518,120.5335,verified,0,0,2026-03-16 06:26:25,2026-03-20 17:02:06,,
467,茄萣國中,waterside,🎣 水邊,高雄市茄萣區,高雄市茄萣區濱海路四段,22.9070811,120.1806497,verified,0,0,2026-03-16 06:25:44,2026-03-20 17:02:06,,
466,鄉間小路上,park,🍀 公園,彰化縣田尾鄉,中學路二段,23.893332,120.533325,verified,0,0,2026-03-16 06:22:40,2026-03-18 01:14:15,,
465,豐生種苗園對面,minimart,🏪 便利商店,彰化縣田尾鄉,光復路二段712號附近,23.891425,120.530262,verified,0,0,2026-03-16 06:13:55,2026-03-20 17:02:06,,
464,名園（園藝）前的人行道,cafe,☕ 咖啡店,彰化縣田尾鄉,在田尾國小對面,23.890772,120.527962,verified,1,1,2026-03-16 06:08:32,2026-03-20 17:02:06,2026-04-07 10:06:12,
463,河邊,waterside,🎣 水邊,彰化縣北斗鎮,四維巷,23.882735,120.524862,verified,0,0,2026-03-16 06:04:46,2026-03-20 17:02:06,,
462,北斗家商附近,bus,🚌 公車站,彰化縣北斗鎮,復興路與台一線縱貫路口,23.88081,120.521986,verified,0,0,2026-03-16 06:01:43,2026-03-20 17:02:06,,
461,獅二路7號,pharmacy,💊 藥局,桃園市楊梅區,獅二路7號,24.924783,121.173328,verified,2,1,2026-03-16 04:47:45,2026-03-20 17:02:06,2026-05-06 09:28:38,
460,蘆竹區,minimart,🏪 便利商店,桃園市蘆竹區,內新路,25.069578,121.286441,verified,0,0,2026-03-16 04:34:51,2026-03-20 17:02:06,,
459,鳳山商工,roadside,🪙 路邊,高雄市鳳山區,J9M4+VX 台灣高雄市鳳山區文華里,22.634683,120.357488,verified,4,0,2026-03-16 00:24:44,2026-03-20 17:02:06,2026-04-28 01:36:22,
458,集和街與集賢街十字路口,clothesstore,👗 服飾店,新竹市北區,全禾藥局前,24.8047141,120.9616124,verified,1,2,2026-03-15 22:53:16,2026-03-20 17:02:06,2026-09-09 13:54:35,
457,全家 三重街口店,minimart,🏪 便利商店,新北市三重區,新北市三重區頂崁街,25.0674337,121.4771447,verified,3,0,2026-03-15 17:12:15,2026-03-20 17:02:06,2026-06-28 07:13:47,
456,牛挑灣埤生態園區,waterside,🎣 水邊,嘉義縣朴子市,嘉義縣朴子市153之10號,23.408253,120.255868,verified,1,0,2026-03-15 17:11:12,2026-03-20 17:02:06,2026-03-21 14:37:26,
455,環中路四段五權西路出口,waterside,🎣 水邊,台中市南屯區,臺中市南屯區新生里環中路四段76-1號,24.1462555,120.6234049,verified,1,0,2026-03-15 17:08:44,2026-03-20 17:02:06,2026-03-21 12:45:15,
454,朴子市牛挑灣松華里322號,roadside,🪙 路邊,嘉義縣朴子市,嘉義縣朴子市嘉36鄉道282號,23.41162,120.251846,verified,1,0,2026-03-15 17:08:04,2026-03-20 17:02:06,2026-03-21 14:37:26,
453,張媽媽八寶韭菜盒,ramen,🍜 拉麵店,高雄市苓雅區,憲政路與憲政路242巷口,22.6365798,120.3215109,verified,1,0,2026-03-15 17:02:22,2026-03-20 17:02:06,2026-07-17 19:23:36,
452,高雄果菜市場,waterside,🎣 水邊,高雄市三民區,市場裡靠十全立體停車場紅綠燈,22.6445253,120.3166343,verified,2,2,2026-03-15 17:00:08,2026-03-20 17:02:06,2026-05-04 15:14:08,
451,名人堂棒球飯店,hotel,🏨 飯店,桃園市龍潭區,桃園市龍潭區民生路,24.8458695,121.2280262,verified,5,0,2026-03-15 15:48:36,2026-03-20 17:02:06,2026-06-15 14:11:31,
450,龍潭富林市民活動中心,airport,✈️ 機場,桃園市龍潭區,桃園市龍潭區建國路,24.8469018,121.2313762,verified,5,5,2026-03-15 15:45:44,2026-03-20 17:02:06,2026-05-11 00:11:12,
449,小人國主題樂園,themePark,🎢 主題樂園,桃園市龍潭區,桃園市龍潭區高原路,24.8320208,121.1883968,verified,6,12,2026-03-15 15:43:06,2026-03-20 17:02:06,2026-05-24 05:45:55,
448,朴子市,electronics,🔋 電器行,嘉義縣朴子市,嘉義縣朴子市四維路一段607號,23.4582313,120.2442751,verified,3,0,2026-03-15 15:20:25,2026-03-20 17:02:06,2026-07-22 13:40:09,
447,三元花園餐廳.韓式料理.Uber外送,korean,🥬 韓式餐廳,台中市西屯區,臺中市西屯區福聯里大道四段1976號,24.183018,120.598504,verified,11,0,2026-03-15 14:46:47,2026-03-15 14:46:47,2026-09-02 17:24:18,
446,艾斯伯特,park,🍀 公園,嘉義縣新港鄉,嘉義縣新港鄉中庄村,23.56558,120.3456,verified,1,1,2026-03-15 14:32:29,2026-03-15 14:56:18,2026-03-20 15:26:48,
445,弍凡設計公司,forest,🌲 森林,新北市林口區,南勢街77-20號（google map要輸入地址才會導航到正確位置）,25.0742628,121.3476316,verified,0,0,2026-03-15 13:30:39,2026-03-15 14:56:18,,
444,嘉北國小,themePark,🎢 主題樂園,嘉義市東區,嘉義市東區嘉北街40號,23.4937222,120.4553333,verified,18,1,2026-03-15 13:25:44,2026-03-15 14:56:18,2026-07-17 23:44:55,
442,新竹市境福市民活動中心,airport,✈️ 機場,新竹市北區,新竹市北區中正路556號,24.8176118,120.9560347,verified,5,2,2026-03-15 13:15:21,2026-03-16 13:09:11,2026-09-09 13:54:28,
441,冠宇水資源科技股份有限公司,diy,🔧 五金行,新竹市香山區,新竹市香山區牛埔東路,24.7930854,120.9350495,verified,4,0,2026-03-15 13:11:49,2026-03-15 14:56:18,2026-05-30 13:00:58,
440,弘築企業,makeup,💄 化妝品商店,嘉義市東區,嘉義市東區保忠一街123號,23.5126718,120.4508122,verified,3,1,2026-03-15 11:53:09,2026-03-15 14:56:18,2026-05-29 03:19:21,
439,彰化市工具純點,diy,🔧 五金行,彰化縣彰化市,彰化市東興里,24.075737,120.546594,verified,3,0,2026-03-15 10:22:16,2026-03-15 14:56:18,2026-03-29 16:48:49,
438,麵初心者胭脂(螃蟹龍蝦拉麵),ramen,🍜 拉麵店,台中市中區,臺中市中區大誠里福音街53號,24.147355,120.68026,verified,0,1,2026-03-15 09:44:19,2026-03-15 14:56:18,,
437,大寮國中門口,library,📚 圖書館/書店,高雄市大寮區,門口警衛室附近,22.6035191,120.3933301,verified,4,0,2026-03-15 09:06:36,2026-03-15 14:56:18,2026-09-02 04:06:52,
436,7-11 新港庄門市,minimart,🏪 便利商店,苗栗縣後龍鎮,苗栗縣後龍鎮新民里中心路122號,24.613884,120.8146592,verified,1,0,2026-03-15 08:42:56,2026-03-15 14:56:18,2026-03-26 14:29:14,
435,家樂福超市 竹北縣政二店,supermarket,🍌 超市,新竹縣竹北市,新竹縣竹北市斗崙里縣政二路南段56號,24.8198543,121.0122341,verified,2,0,2026-03-15 08:40:45,2026-03-15 14:56:18,2026-05-04 12:38:25,
434,駕訓中心,bridge,🌉 橋梁,新北市中和區,新北市中和區駕訓中心,24.992203,121.477351,verified,1,0,2026-03-15 08:29:07,2026-03-15 14:56:18,2026-04-08 06:18:38,
433,螢橋國小,sweetshop,🍩 甜點店,台北市中正區,臺北市中正區詔安街27號,25.024894,121.5145028,verified,11,10,2026-03-15 08:25:02,2026-03-15 14:56:18,2026-08-05 00:02:01,
432,虎嘯山林,hamburger,🍔 漢堡店,新竹市香山區,虎林街73號,24.8071141,120.9397189,verified,9,0,2026-03-15 07:56:58,2026-03-15 14:56:18,2026-09-04 13:34:14,
431,814超市,italian,🍕 義式餐廳,高雄市大社區,高雄市大社區中山路,22.7321514,120.3439013,verified,4,0,2026-03-15 07:40:33,2026-03-15 14:56:18,2026-09-02 03:54:36,
430,路竹外省麵,bus,🚌 公車站,高雄市路竹區,高雄市路竹區竹南街（近國昌路口）,22.854157,120.260541,verified,1,0,2026-03-15 07:39:12,2026-03-15 14:56:18,2026-06-03 10:13:37,
429,尖特美工業股份有限公司,bridge,🌉 橋梁,高雄市路竹區,高雄市路竹區中山南路（省道台1線）,22.830021,120.266067,verified,0,0,2026-03-15 07:37:25,2026-03-15 14:56:18,,
428,蒜頭木精靈傳統豆花,bridge,🌉 橋梁,嘉義縣六腳鄉,嘉義縣六腳鄉蒜東村,23.4852531,120.2944055,verified,0,0,2026-03-15 07:35:44,2026-03-15 14:56:18,,
427,嘉義市嘉雄陸橋,bridge,🌉 橋梁,嘉義市西區,嘉義市西區159縣道664號,23.475038,120.438852,verified,3,0,2026-03-15 07:33:50,2026-03-15 14:56:18,2026-04-07 06:08:43,
426,安仁里統聯客運站,bus,🚌 公車站,嘉義縣太保市,嘉義縣太保市安仁里[統聯],23.4595482,120.2973898,verified,0,0,2026-03-15 07:29:54,2026-03-15 14:56:18,,
425,高鐵,station,🚂 車站,嘉義縣太保市,嘉義縣太保市612,23.4572357,120.325378,verified,3,0,2026-03-15 07:23:52,2026-03-15 14:56:18,2026-09-10 03:00:57,
423,華華皮件,roadside,🪙 路邊,新北市新店區,三民路,24.971111,121.538889,verified,0,2,2026-03-15 07:15:42,2026-03-15 14:56:18,,
422,私立小博士幼兒園,diy,🔧 五金行,雲林縣斗六市,雲林縣斗六市南京西路10號,23.7112561,120.5351445,verified,7,0,2026-03-15 07:08:07,2026-03-15 14:56:18,2026-06-01 10:58:25,
421,膨鼠公園,park,🍀 公園,雲林縣斗六市,雲林縣斗六市鎮南里公明路41號,23.697219,120.530804,verified,3,0,2026-03-15 07:03:04,2026-03-15 14:56:18,2026-04-07 10:45:30,
420,新勢公園,park,🍀 公園,桃園市平鎮區,桃園市平鎮區新勢里,24.9517219,121.2169382,verified,5,0,2026-03-15 06:51:09,2026-03-15 14:56:18,2026-08-02 06:46:55,
419,紅茶老爹屏東大武店,minimart,🏪 便利商店,屏東縣屏東市,屏東縣屏東市大武里大武路75號,22.656733,120.4772034,verified,1,0,2026-03-15 06:21:50,2026-03-15 14:56:18,2026-05-17 06:00:52,
418,百齡橋左岸公園,bridge,🌉 橋梁,台北市士林區,臺北市士林區葫東里通河西街一段128號,25.0885592,121.5121938,verified,0,0,2026-03-15 06:06:07,2026-03-15 14:56:18,,
417,高鐵下,bridge,🌉 橋梁,台南市後壁區,高鐵橋下,23.33109,120.336485,verified,1,0,2026-03-15 05:36:13,2026-03-15 14:56:18,2026-03-28 15:39:50,
416,Times UNIQLO桃園春日路店停車場,clothesstore,👗 服飾店,桃園市桃園區,春日路往桃園方向，UNIQLO春日路店附近,25.0234749,121.3068871,verified,7,0,2026-03-15 05:09:03,2026-03-15 14:56:18,2026-09-07 02:03:18,
415,長榮企業大樓,forest,🌲 森林,桃園市蘆竹區,台4線往桃園方向，靠近南下交流道,25.0396764,121.2962461,verified,1,0,2026-03-15 05:05:25,2026-03-15 14:56:18,2026-03-21 08:03:36,
414,佛光山鶯歌禪淨中心,diy,🔧 五金行,新北市鶯歌區,超舜五金行附近 在佛光山的花點可以掃到,24.9558536,121.347994,verified,5,3,2026-03-15 04:59:58,2026-03-15 14:56:18,2026-04-26 16:24:46,
413,新社,electronics,🔋 電器行,雲林縣西螺鎮,雲林縣西螺鎮新豐里平和南路35巷28號,23.78976,120.449619,verified,0,1,2026-03-15 03:52:56,2026-03-15 14:56:18,,
412,彰化縣立體育場,stadium,🏟️ 體育館,彰化縣彰化市,彰化縣彰化市介壽里建興路1號 500號,24.06571,120.55402,verified,2,0,2026-03-15 03:36:04,2026-03-15 14:56:18,2026-05-15 15:28:06,
411,,forest,🌲 森林,宜蘭縣蘇澳鎮,宜蘭縣蘇澳鎮東澳里台9丁線,24.494385,121.834998,verified,0,0,2026-03-15 03:16:11,2026-03-15 14:56:18,,
410,昇WARM,bus,🚌 公車站,高雄市苓雅區,英明路206巷10號,22.620377,120.325546,verified,0,0,2026-03-15 01:42:59,2026-03-15 14:56:18,,
409,新文路欄杆旁,forest,🌲 森林,桃園市新屋區,桃園市新屋區清華里新文路139號,24.974298,121.110115,verified,0,0,2026-03-15 01:30:01,2026-03-15 14:56:18,,
408,水巷步道,supermarket,🍌 超市,桃園市新屋區,桃園市新屋區新屋里中華路241巷1號,24.9716384,121.1071745,verified,1,0,2026-03-15 01:09:34,2026-03-15 14:56:18,2026-04-01 05:30:23,
407,台南永康,restaurant,🍽️ 餐廳,台南市永康區,台南永康美芝城,23.016549,120.25968,verified,0,0,2026-03-15 00:29:06,2026-03-15 14:56:18,,
406,嘉義幸福草莓農場,sweetshop,🍩 甜點店,嘉義縣中埔鄉,嘉義縣中埔鄉富和路60 號,23.4430437,120.4717451,verified,4,0,2026-03-14 17:25:32,2026-03-15 14:56:18,2026-06-06 16:52:26,
405,藝鍋物 嘉義新生店,korean,🥬 韓式餐廳,嘉義市東區,嘉義市東區新生路545號,23.49178,120.45821,verified,17,0,2026-03-14 17:14:32,2026-03-14 17:14:32,2026-08-24 05:07:12,
404,福氣麵店,korean,🥬 韓式餐廳,台南市安平區,臺南市安平區怡平里文平路353號,22.9914589,120.1784211,verified,4,0,2026-03-14 17:14:32,2026-03-14 17:14:32,2026-08-09 02:39:26,
403,吉藝刺青所,korean,🥬 韓式餐廳,台南市歸仁區,大德路,22.97346,120.29101,verified,1,0,2026-03-14 17:14:32,2026-03-14 17:14:32,2026-05-15 09:46:57,
402,順酆國際股份有限公司,korean,🥬 韓式餐廳,台中市南屯區,臺中市南屯區田心里大墩四街490號對面號,24.1423058,120.6415974,verified,5,3,2026-03-14 17:14:32,2026-03-14 17:14:32,2026-04-04 14:55:22,
401,臺中市立居仁國民中學,korean,🥬 韓式餐廳,台中市西區,台中市西区136 自由路一段97號,24.136849,120.6787406,verified,13,6,2026-03-14 17:14:32,2026-03-14 17:14:32,2026-05-27 08:38:38,
400,一品軒黃金泡菜,korean,🥬 韓式餐廳,桃園市桃園區,桃園市桃園區寶山里大德一街69號,25.0148681,121.3135481,verified,13,1,2026-03-14 17:14:32,2026-03-14 17:14:32,2026-06-13 12:51:53,
396,漢堡,roadside,🪙 路邊,台中市西區,臺中市西區公民里自立街95巷8號,24.140947,120.669119,verified,1,0,2026-03-14 16:49:07,2026-03-15 14:56:18,2026-06-05 10:52:28,
395,品味漢堡,hamburger,🍔 漢堡店,台中市西區,臺中市西區公民里自立街95巷10號二樓號,24.140979,120.669103,verified,18,2,2026-03-14 16:47:50,2026-03-15 14:56:18,2026-09-04 05:43:33,
394,猫の執事 CatButler,restaurant,🍽️ 餐廳,台中市西區,臺中市西區公民里貴和街179號,24.139032,120.667113,verified,2,1,2026-03-14 16:30:49,2026-03-15 14:56:18,2026-03-25 18:56:07,
393,五廊街、貴和街口,roadside,🪙 路邊,台中市西區,臺中市西區公民里五廊街102之10號,24.138837,120.667348,verified,0,0,2026-03-14 16:23:32,2026-03-15 14:56:18,,
392,糶米古道,forest,🌲 森林,桃園市龜山區,木棧道底端,25.00574,121.34228,verified,1,0,2026-03-14 15:35:05,2026-03-15 14:56:18,2026-03-31 15:46:20,
391,南澳工作站,themePark,🎢 主題樂園,宜蘭縣南澳鄉,宜蘭縣南澳鄉南澳村中正路55號,24.4680988,121.7933409,verified,3,0,2026-03-14 15:18:21,2026-03-15 14:56:18,2026-07-17 23:44:18,
390,中港觀光夜市,restaurant,🍽️ 餐廳,台中市梧棲區,臺中市梧棲區大村里文昌路280號,24.2435416,120.5448434,verified,1,0,2026-03-14 14:44:44,2026-03-15 14:56:18,2026-03-23 17:05:01,
389,正老王羊肉爐,restaurant,🍽️ 餐廳,台中市梧棲區,臺中市梧棲區大庄里大道八段360-24號,24.2451141,120.5500274,verified,0,0,2026-03-14 14:43:39,2026-03-15 14:56:18,,
388,超市,supermarket,🍌 超市,台中市梧棲區,台中市梧栖区福德里中華路二段201巷5弄52號,24.2473127,120.5515281,verified,0,0,2026-03-14 14:41:51,2026-03-15 14:56:18,,
387,全聯,supermarket,🍌 超市,高雄市小港區,高雄市小港區鳳宮里店北路157號,22.562456,120.351402,verified,4,0,2026-03-14 14:01:38,2026-03-15 14:56:18,2026-05-10 15:21:17,
386,新竹縣政府旁縣政七街,park,🍀 公園,新竹縣竹北市,新竹縣竹北市縣政七街 的 路邊智慧停車格(6號),24.827297,121.01216,verified,0,0,2026-03-14 13:39:56,2026-03-15 14:56:18,,
385,陸軍官校門口,university,🎓 大學/學院,高雄市鳥松區,高雄市鳳山區維武路（成功派出所旁）,22.660072,120.365103,verified,4,1,2026-03-14 12:33:45,2026-03-15 14:56:18,2026-04-07 15:31:42,
384,私立高雄仁愛之家,supermarket,🍌 超市,高雄市大寮區,高雄市大寮區鳳屏一路（仁愛之家門口旁）,22.63872,120.397661,verified,0,2,2026-03-14 12:16:16,2026-03-15 14:56:18,,
383,自立公園,park,🍀 公園,台中市西區,臺中市西區公民里金山路28號,24.140548,120.669758,verified,0,0,2026-03-14 10:42:26,2026-03-15 14:56:18,,
382,客家神學院,mountain,⛰️ 山丘,桃園市龍潭區,新原路82號,24.840679,121.1942974,verified,5,0,2026-03-14 10:41:23,2026-03-15 14:56:18,2026-07-16 12:06:09,
381,屏東大學屏商校區運動場,university,🎓 大學/學院,屏東縣屏東市,屏東縣屏東市,22.655434,120.513055,verified,2,0,2026-03-14 10:37:08,2026-03-15 14:56:18,2026-05-17 06:04:45,
380,一級智能自助洗衣,laundry,👕 自助洗衣店,嘉義縣大林鎮,嘉義縣大林鎮明華路48之9號,23.602898,120.448278,verified,0,2,2026-03-14 10:26:16,2026-03-15 14:56:18,,
379,文化中心,cafe,☕ 咖啡店,宜蘭縣宜蘭市,光泉鮮乳 萬泰行 對面的人行道,24.7485315,121.743598,verified,1,0,2026-03-14 09:42:39,2026-03-15 14:56:18,2026-04-07 10:06:12,
378,宏大五金行(資源回收),restaurant,🍽️ 餐廳,新北市土城區,新北市土城區員林里學府路二段171-3號,24.978824,121.44614,verified,0,0,2026-03-14 09:04:34,2026-03-15 14:56:18,,
377,詩肯柚木環中店,ramen,🍜 拉麵店,桃園市中壢區,320桃園市中壢區環中東路915號,24.9521241,121.2411066,verified,1,4,2026-03-14 08:53:33,2026-03-15 14:56:18,2026-03-29 12:05:42,
376,中科崴立櫻花公園,bus,🚌 公車站,台中市后里區,臺中市后里區后里里三豐路四段600號,24.321589,120.725559,verified,0,1,2026-03-14 08:33:01,2026-03-15 14:56:18,,
375,梧棲體育館,stadium,🏟️ 體育館,台中市梧棲區,臺中市梧棲區福德里中正路303巷70號,24.2503504,120.5428351,verified,5,0,2026-03-14 08:14:48,2026-03-15 14:56:18,2026-06-05 16:59:19,
374,海安路路易莎,cafe,☕ 咖啡店,台南市北區,台南市海安路路易莎,23.0158962,120.2003827,verified,5,0,2026-03-14 07:47:25,2026-03-15 14:56:18,2026-09-08 17:52:13,
373,花園夜市,cafe,☕ 咖啡店,台南市北區,台南花園夜市,23.0115022,120.2007465,verified,1,1,2026-03-14 07:45:32,2026-03-15 14:56:18,2026-04-07 10:06:15,
372,魚鱗天梯,beach,🐚 海灘,新竹市北區,魚鱗天梯,24.852426354146907,120.9237133398497,verified,13,0,2026-03-14 06:53:42,2026-03-15 14:56:18,2026-08-30 03:41:28,
371,東津代天府玉龍宮共福堂,hairsalon,✂️ 美容院,屏東縣東港鎮,大約在許家旗魚丸左右,22.4665549,120.4468596,verified,4,0,2026-03-14 06:35:43,2026-03-15 14:56:18,2026-06-30 00:40:14,
370,市民大道八段,park,🍀 公園,台北市南港區,臺北市南港區南港里市民大道八段485號,25.054023,121.611192,verified,1,0,2026-03-14 06:25:49,2026-03-15 14:56:18,2026-03-24 13:43:23,
369,稻米與月桃花餐廳,forest,🌲 森林,台東縣卑南鄉,臺東縣卑南鄉利嘉村利民路1巷20號,22.770716,121.05485,verified,0,0,2026-03-14 06:07:34,2026-03-15 14:56:18,,
368,民樂路,pharmacy,💊 藥局,雲林縣北港鎮,財政部中區國稅局北港稽徵所,23.5742158,120.2973606,verified,1,1,2026-03-14 04:28:32,2026-03-15 14:56:18,2026-03-21 22:50:03,
367,嘉邑慈玉宮,supermarket,🍌 超市,嘉義市西區,嘉義市西區市13鄉道150號,23.4523738,120.4420916,verified,3,0,2026-03-14 04:25:13,2026-03-15 14:56:18,2026-05-02 16:41:16,
366,樹德福德祠,waterside,🎣 水邊,台中市南區,臺中市南區樹德里復興路一段207巷17-27號,24.112637,120.648275,verified,1,0,2026-03-14 03:53:30,2026-03-15 14:56:18,2026-03-20 16:45:31,
365,早安美芝城彰化自強南店,pharmacy,💊 藥局,彰化縣彰化市,500彰化縣彰化市自強南路219號,24.083699,120.534652,verified,4,1,2026-03-14 03:05:58,2026-03-15 14:56:18,2026-04-08 01:52:04,
364,北大特區,bus,🚌 公車站,新北市樹林區,新北市三峽區學府路,24.950453,121.379525,verified,0,0,2026-03-14 01:38:24,2026-03-15 14:56:18,,
363,路上,bus,🚌 公車站,日本沖繩縣島尻郡,"Kochinda, Yaese, Shimajiri District, Okinawa 901-0401日本",26.155209,127.721255,verified,0,0,2026-03-14 00:25:50,2026-03-15 14:56:18,,
362,日月駕訓班旁,waterside,🎣 水邊,新北市蘆洲區,新北市蘆洲區國道路,25.074703,121.47061,verified,1,0,2026-03-13 21:49:02,2026-03-15 14:56:18,2026-04-05 18:46:44,
361,交通公園附近,park,🍀 公園,新北市新店區,新北市新店區中正路302巷,24.9758092,121.5385817,verified,2,0,2026-03-13 19:10:40,2026-03-15 14:56:18,2026-05-07 00:59:09,
360,同榮堂,roadside,🪙 路邊,高雄市岡山區,路邊巷弄,22.792229,120.285673,verified,0,0,2026-03-13 16:58:19,2026-03-15 14:56:18,,
359,惠宇原山社區,hotel,🏨 飯店,台中市北屯區,臺中市北屯區廍子里太原路三段1189號,24.161979,120.724491,verified,1,1,2026-03-13 15:16:42,2026-03-13 16:04:39,2026-04-01 07:52:59,
358,本舍 Townplace West Kowloon,hotel,🏨 飯店,香港,西九荔盈街10號,22.327024,114.15043,verified,4,0,2026-03-13 14:24:58,2026-03-13 16:05:36,2026-08-13 03:25:37,
357,丁丁藥局,pharmacy,💊 藥局,台南市東區,台南市東區東門路二段,22.985182,120.22288,verified,0,1,2026-03-13 14:14:55,2026-03-13 16:04:40,,
356,達美樂披薩,italian,🍕 義式餐廳,台南市東區,台南市東區東門路二段,22.98548,120.22374,verified,3,1,2026-03-13 14:12:51,2026-03-13 16:04:41,2026-06-12 01:42:34,
355,61號小舖,clothesstore,👗 服飾店,新北市中和區,235新北市中和區建六路76-80,25.0021948,121.486862,verified,0,2,2026-03-13 13:47:45,2026-03-13 16:04:42,,
353,中和家,restaurant,🍽️ 餐廳,新北市中和區,235新北市中和區新生街75-45,25.0025406,121.4833849,verified,0,0,2026-03-13 13:39:54,2026-03-13 16:04:42,,
352,郵政物流園區形象公園,park,🍀 公園,桃園市龜山區,桃園市龜山區樂善里文桃路 476巷18號,25.0473319,121.391941,verified,1,0,2026-03-13 13:38:14,2026-03-13 13:39:11,2026-07-07 13:19:27,
351,靚pretty髮藝,bus,🚌 公車站,新北市中和區,235新北市中和區建六路37-3,25.0021942,121.4855896,verified,0,0,2026-03-13 13:38:03,2026-03-13 13:39:12,,
350,三能包裝材料有限公司,station,🚂 車站,新北市中和區,235新北市中和區中山路二段366巷10號,25.0041775,121.4918492,verified,3,0,2026-03-13 13:36:21,2026-03-13 13:39:13,2026-09-15 13:52:32,
349,家菖機車行,diy,🔧 五金行,台南市永康區,臺南市永康區西灣里大安街305號,23.0109075,120.2648536,verified,0,0,2026-03-13 13:35:17,2026-03-13 13:39:13,,
348,斗六棒球場,stadium,🏟️ 體育館,雲林縣斗六市,誠心衛星電視台附近,23.7192562,120.5374596,verified,4,0,2026-03-13 13:29:05,2026-03-13 13:33:40,2026-05-25 16:32:46,
347,何厝庄公園,park,🍀 公園,雲林縣莿桐鄉,莿桐福德祠附近,23.7541758,120.496108,verified,3,0,2026-03-13 13:23:31,2026-03-13 13:33:41,2026-05-15 22:40:47,
346,沅承工程行（空調 冷氣家電 販售 維修 保養 清潔）,library,📚 圖書館/書店,高雄市鳳山區,高雄市鳳山區縣衙里曹公路2號,22.62718,120.357656,verified,1,1,2026-03-13 13:15:09,2026-03-13 13:33:42,2026-05-03 05:19:56,
345,永盛,curry,🍛 咖哩餐廳,高雄市仁武區,高雄市仁武區仁慈八街,22.674976,120.357537,verified,4,8,2026-03-13 13:07:44,2026-03-13 13:33:42,2026-09-02 03:57:05,
344,高雄NS電玩Switch專賣店(鳳山店)-高雄鳳山Switch遊戲主機販售 PS5主機 現貨 維修 遊戲周邊配件遊戲片 二手買賣/交換/寄賣 NS任天堂 NINTENDO 主機遊戲片 盒玩/盲盒/公仔/扭蛋/一番賞/玩具 PTT Dcard,sushi,🍣 壽司店,高雄市鳳山區,高雄市鳳山區文濱路,22.642419,120.349435,verified,13,1,2026-03-13 13:05:02,2026-03-13 13:33:43,2026-09-02 03:53:32,
343,雙喜人像攝影快速沖印,diy,🔧 五金行,高雄市前鎮區,高雄市前鎮區草衙里佛道路76號,22.575198,120.322939,verified,3,0,2026-03-13 13:01:45,2026-03-13 13:33:43,2026-08-08 07:35:29,
342,私立李萬短期文理補習班-龍潭推薦補習班|升私中補習班|全科補習班|國中補習班|雙龍國小安親班|課後輔導|升學補習班,italian,🍕 義式餐廳,桃園市龍潭區,桃園市龍潭區中正里神龍路405號,24.8571601,121.2167957,verified,3,2,2026-03-13 12:09:39,2026-03-13 13:33:44,2026-06-19 05:20:07,
341,新聯塑膠有限公司,park,🍀 公園,新北市土城區,新北市土城區員林里學府路二段134號,24.979207,121.446637,verified,0,0,2026-03-13 12:08:55,2026-03-13 13:33:45,,
340,YAMAHA瀚立,minimart,🏪 便利商店,新北市新店區,二十張路96號附近，很大一片範圍都是便利商店純點,24.979769,121.536238,verified,1,0,2026-03-13 11:56:43,2026-03-13 13:33:45,2026-03-21 15:25:27,
339,日本滋賀縣,shrine,⛩️ 神社/寺廟,日本滋賀縣,極樂寺,35.056243,135.935265,verified,12,0,2026-03-13 11:11:07,2026-03-13 16:05:36,2026-07-18 12:44:25,
337,淳睦設計‧系統家具,minimart,🏪 便利商店,桃園市中壢區,桃園市中壢區永光里環西路二段410號四樓號,24.965581,121.216158,verified,0,0,2026-03-13 10:46:23,2026-03-13 10:50:34,,
336,偉園麟手工鮮肉湯包（中豐店）,park,🍀 公園,桃園市平鎮區,桃園市平鎮區新富里中豐路364號,24.938689,121.216284,verified,0,0,2026-03-13 10:32:18,2026-03-13 10:50:35,,
334,KOZY 可以沙龍 桃園館 附近,hairsalon,✂️ 美容院,桃園市桃園區,桃園市桃園區文中里正光二街159號,24.99987,121.292277,verified,8,4,2026-03-13 10:20:35,2026-03-13 10:50:37,2026-07-05 21:02:37,
333,聯承診所前,library,📚 圖書館/書店,桃園市新屋區,桃園市新屋區新屋里桃109鄉道68號,24.971457,121.102516,verified,0,0,2026-03-13 10:19:17,2026-03-13 10:50:38,,
332,京暘企業對面,park,🍀 公園,桃園市新屋區,桃園市新屋區新屋里桃109鄉道47號,24.971801,121.102952,verified,0,0,2026-03-13 10:16:45,2026-03-13 10:50:38,,
331,Kwan’s coffee room(寬咖啡),italian,🍕 義式餐廳,台中市南屯區,文心南五路三段166號前,24.143991,120.630848,verified,1,1,2026-03-13 09:49:00,2026-03-13 10:50:39,2026-03-21 07:48:15,
330,CAMA CAFE 中和光寶店,park,🍀 公園,新北市中和區,新北市中和區碧河里建一路86號,25.0021237,121.4879352,verified,0,5,2026-03-13 09:10:39,2026-03-13 10:50:40,,
329,水來青舍,ramen,🍜 拉麵店,桃園市觀音區,桃園市觀音區大同里新華路二段436號,25.008848,121.133908,verified,1,0,2026-03-13 08:06:34,2026-03-13 10:50:40,2026-08-23 05:55:30,
328,重新橋下壘球場（幸運草）純點,park,🍀 公園,新北市三重區,241新北市三重區,25.049537,121.48343,verified,1,0,2026-03-13 07:38:30,2026-03-13 10:50:41,2026-05-07 10:41:22,
327,中村加油站,artgallery,🎨 美術館,台中市南屯區,臺中市南屯區新生里五權西路二段1045號,24.1473327,120.6294607,verified,20,1,2026-03-13 07:37:33,2026-03-13 10:50:42,2026-07-12 13:53:05,
326,美聯社民雄中華店,supermarket,🍌 超市,嘉義縣民雄鄉,嘉義縣民雄鄉中華路69號,23.530086,120.453639,verified,1,0,2026-03-13 07:20:12,2026-03-13 10:50:42,2026-05-01 07:17:07,
325,福樂國小,park,🍀 公園,嘉義縣民雄鄉,嘉義縣民雄鄉光明二街208號,23.529064,120.45231,verified,1,0,2026-03-13 07:16:09,2026-03-13 10:50:43,2026-05-01 07:17:12,
324,彰化市辭修北路167巷,supermarket,🍌 超市,彰化縣彰化市,彰化縣彰化市辭修北路167巷47號,24.092733,120.539604,verified,1,0,2026-03-13 07:07:09,2026-03-13 10:50:43,2026-03-20 16:43:50,
323,日星文具店對面跟保生藥局之間,library,📚 圖書館/書店,屏東縣東港鎮,日星文具店對面跟保生藥局中間段,22.4729738,120.4571821,verified,2,3,2026-03-13 06:57:49,2026-03-13 10:50:44,2026-06-14 13:29:14,
322,三西和產業道路附近,forest,🌲 森林,屏東縣東港鎮,（中段才有純點）接近路口會參雜其他的,22.482658,120.476051,verified,1,0,2026-03-13 06:51:48,2026-03-13 10:50:48,2026-03-28 06:41:19,
321,民雄雙福郵局,postoffice,📮 郵局,嘉義縣民雄鄉,嘉義縣民雄鄉中山路7號,23.523408,120.447501,verified,2,0,2026-03-13 06:48:58,2026-03-13 10:50:49,2026-05-04 13:21:40,
320,羅仕企業有限公司,pharmacy,💊 藥局,嘉義縣民雄鄉,嘉義縣民雄鄉中山路17號,23.524901,120.449768,verified,2,0,2026-03-13 06:45:16,2026-03-13 10:50:49,2026-08-02 11:51:51,
319,嘉義市東區荖藤里,diy,🔧 五金行,嘉義市東區,嘉義市東區忠孝路800號,23.516871,120.441585,verified,5,0,2026-03-13 06:38:43,2026-03-13 10:50:50,2026-05-04 10:20:43,
318,夢時代跟迪卡農附近,park,🍀 公園,高雄市前鎮區,806高雄市前鎮區興邦里,22.596747,120.308111,verified,2,0,2026-03-13 06:22:49,2026-03-13 10:50:50,2026-06-04 19:33:29,
317,凱旋國小、苓雅監理站,ramen,🍜 拉麵店,高雄市苓雅區,高雄市苓雅區憲政路235號,22.6366838,120.3202808,verified,2,1,2026-03-13 05:58:18,2026-03-13 10:50:51,2026-03-25 07:33:30,
316,四神獸公園,park,🍀 公園,嘉義縣太保市,嘉義縣太保市東勢里,23.463013,120.296529,verified,0,0,2026-03-13 05:56:10,2026-03-13 10:50:52,,
315,靚靜美學,restaurant,🍽️ 餐廳,台中市西區,臺中市西區和龍里日興街90號,24.14926,120.673728,verified,3,1,2026-03-13 05:32:53,2026-03-13 10:50:52,2026-08-14 14:24:25,
314,LUÓ Barber男士理髮廳/午夜場價格請另詢/午夜場請於白天時段預約/男士修容/男士整體造型/門口可停車/需預約,park,🍀 公園,台中市豐原區,臺中市豐原區陽明里自強南街178號,24.244885,120.720419,verified,0,0,2026-03-13 05:07:51,2026-03-13 10:50:53,,
313,信兵衛浮誇丼飯(店門口停車位，定位很飄),sushi,🍣 壽司店,台中市北區,臺中市北區六合里成功路478號,24.147068,120.675796,verified,2,3,2026-03-13 05:05:47,2026-06-17 20:33:56,2026-03-23 11:41:06,
312,麥味登 楊梅楊新北店,minimart,🏪 便利商店,桃園市楊梅區,桃園市楊梅區大同里楊新北路269之2號,24.912786,121.152905,verified,1,0,2026-03-13 04:55:48,2026-03-13 10:50:54,2026-06-05 15:16:37,
311,機場路,airport,✈️ 機場,台南市仁德區,台南市仁德區機場路,22.943109,120.2168129,verified,1,0,2026-03-13 04:26:33,2026-03-13 10:50:54,2026-04-27 07:00:58,
310,五股工業區,electronics,🔋 電器行,新北市五股區,五股區五工五路22號,25.064594,121.452078,verified,4,0,2026-03-13 04:22:39,2026-03-13 10:50:54,2026-08-06 14:03:37,
309,阿宏手工洗車店,restaurant,🍽️ 餐廳,嘉義市西區,嘉義市西區竹文街116號,23.482363,120.440765,verified,1,0,2026-03-13 04:14:49,2026-03-13 10:50:55,2026-06-07 12:59:48,
308,中東海棗,roadside,🪙 路邊,高雄市橋頭區,棋琴20重奏,22.738043,120.300229,verified,1,0,2026-03-13 04:07:08,2026-03-13 10:50:55,2026-03-21 09:46:53,
307,台鐵南港車站附近,korean,🥬 韓式餐廳,台北市南港區,南港區南港里南港路一段263號,25.0537222,121.60975,verified,31,1,2026-03-13 03:13:30,2026-03-13 10:50:56,2026-09-13 10:42:01,
306,健統實業股份有限公司,forest,🌲 森林,高雄市大寮區,高雄市小港區大平路跟新厝路交接處（招牌門口旁）,22.560325,120.395351,verified,0,0,2026-03-13 02:59:26,2026-03-13 10:50:58,,
305,品皇咖啡附近,korean,🥬 韓式餐廳,台南市安平區,品皇咖啡附近,22.9914999,120.1783611,verified,1,0,2026-03-13 02:50:35,2026-03-13 10:50:59,2026-06-27 22:24:46,
304,高雄餐旅大學,university,🎓 大學/學院,高雄市小港區,高雄市小港區港信路跟松愛街交接口（靠近高餐停車車棚）,22.560429,120.373399,verified,1,1,2026-03-13 02:39:29,2026-03-13 02:45:47,2026-04-28 17:49:29,
303,湳雅街187巷118號,hairsalon,✂️ 美容院,新竹市北區,新竹市北區湳雅里湳雅街187巷118號,24.8217039,120.9716019,verified,7,0,2026-03-13 02:05:18,2026-03-13 10:50:59,2026-08-28 14:17:13,
302,台灣富德斯,forest,🌲 森林,桃園市觀音區,富林里 桃園市觀音區,25.053679,121.105594,verified,1,0,2026-03-13 01:16:21,2026-03-13 01:17:30,2026-08-23 05:55:27,
301,台北大富貴,cafe,☕ 咖啡店,新北市新莊區,中平里 新北市新莊區,25.0515245,121.4457726,verified,2,1,2026-03-13 00:11:56,2026-03-13 00:28:52,2026-06-16 11:30:54,
300,海洋都心三期,roadside,🪙 路邊,新北市淡水區,崁頂里 新北市淡水區  7-11揚都店附近,25.196105,121.438668,verified,1,0,2026-03-12 23:44:20,2026-03-12 23:46:22,2026-05-21 13:33:05,
299,草漯棒壘球場附近,park,🍀 公園,桃園市觀音區,草漯里 桃園市觀音區,25.045911,121.13682,verified,0,1,2026-03-12 23:08:15,2026-03-12 23:46:34,,
298,可立嘉嫩骨飯門前靠左,laundry,👕 自助洗衣店,台南市安平區,華平里 臺南市安平區,22.9934808,120.1741795,verified,1,0,2026-03-12 17:26:58,2026-03-12 23:46:49,2026-05-24 14:02:51,
297,南林路停車場,forest,🌲 森林,新北市泰山區,大科里 新北市泰山區,25.0453986,121.4077057,verified,0,0,2026-03-12 16:25:08,2026-03-12 23:47:04,,
296,中和區 南勢角一帶迷你書純點,library,📚 圖書館/書店,新北市中和區,忠孝里 新北市中和區,24.9869691,121.5099733,verified,1,3,2026-03-12 15:20:44,2026-03-12 23:47:40,2026-04-05 15:44:14,
295,森堡企業有限公司,ramen,🍜 拉麵店,台中市北區,臺中市北區中正里原子街45號,24.145865,120.673605,verified,3,0,2026-03-12 14:58:19,2026-03-12 23:47:54,2026-05-07 17:39:45,
293,聯迅科技,restaurant,🍽️ 餐廳,台中市,臺中市北區中正里中山路429巷11號,24.1453,120.67366,verified,0,0,2026-03-12 14:43:39,2026-05-02 07:11:58,,
292,弗雷斯尼約,mexican,🌮 墨西哥餐廳,墨西哥,弗雷斯尼約 墨西哥薩卡特卡斯,23.1719735,-102.8727872,verified,21,1,2026-03-12 14:41:30,2026-03-12 23:48:49,2026-09-07 06:10:35,
291,高柴生紅豆餅,diy,🔧 五金行,高雄市左營區,菜公里 高雄市左營區,22.67625,120.3203889,verified,4,1,2026-03-12 14:40:37,2026-03-12 23:49:02,2026-06-20 02:49:07,
290,Zarzamora & Merida,mexican,🌮 墨西哥餐廳,美國,聖安東尼奧 美國德克薩斯,29.4092118,-98.5296086,verified,10,0,2026-03-12 14:39:22,2026-03-12 23:49:19,2026-08-27 09:42:09,
289,シャルマンフジ堺シティフロント 附近,artgallery,🎨 美術館,日本大阪府,堺市 日本大阪府,34.578366,135.495601,verified,9,4,2026-03-12 14:31:59,2026-03-12 23:49:49,2026-07-27 16:08:27,
288,仁愛里,electronics,🔋 電器行,台南市仁德區,仁愛里 臺南市仁德區 大同路三段665號附近,22.9482979,120.2195454,verified,0,2,2026-03-12 14:28:49,2026-03-12 23:50:08,,
287,NASA附近,mountain,⛰️ 山丘,美國,North Aohoku Place,19.824758,-155.4733555,verified,3,0,2026-03-12 14:27:17,2026-03-13 16:05:36,2026-07-19 14:23:36,
286,台中教育大學,park,🍀 公園,台中市西區,臺中市西區平和里民權路177巷10號,24.143123,120.672614,verified,3,0,2026-03-12 14:26:24,2026-03-12 23:50:33,2026-09-06 19:25:39,
285,文山里,artgallery,🎨 美術館,高雄市鳳山區,文山里 高雄市鳳山區 文東街227巷內,22.6393576,120.3580061,verified,18,0,2026-03-12 14:25:53,2026-03-12 23:50:49,2026-08-10 14:15:41,
284,正光二街,hairsalon,✂️ 美容院,桃園市桃園區,文中里 桃園市桃園區,25.0000001,121.2910001,verified,2,2,2026-03-12 14:25:36,2026-03-12 23:51:02,2026-06-10 15:57:33,
283,Fantastic Furniture,diy,🔧 五金行,澳洲,維多利亞省澳洲,-37.7586498,144.7453103,verified,1,0,2026-03-12 14:23:57,2026-03-13 01:16:58,2026-03-22 21:06:48,
282,境福街,hairsalon,✂️ 美容院,新竹市北區,福林里 新竹市北區,24.8181766,120.9613204,verified,4,0,2026-03-12 14:23:25,2026-03-12 23:51:27,2026-09-09 13:54:24,
281,太學園社區入口,sweetshop,🍩 甜點店,台南市安平區,怡平里 臺南市安平區,22.9953887,120.1763273,verified,3,0,2026-03-12 14:19:41,2026-03-12 23:51:43,2026-08-28 14:34:57,
280,國立臺中教育大學圖書館,bus,🚌 公車站,台中市西區,臺中市西區平和里民生路140號,24.144359,120.671869,verified,1,0,2026-03-12 14:16:16,2026-03-12 23:51:57,2026-05-07 17:42:53,
279,蜉蝣咖啡 Mayfly Coffee,cafe,☕ 咖啡店,金門縣,西門里 金門地區,24.4380221,118.3208586,verified,2,0,2026-03-12 14:07:00,2026-03-12 23:52:32,2026-08-09 10:29:38,
278,銘傳大學金門分部,university,🎓 大學/學院,金門縣,西園里 金門縣,24.4989232,118.4022697,verified,0,0,2026-03-12 14:05:29,2026-03-12 23:53:14,,
277,建功嶼退潮道路,beach,🐚 海灘,金門縣,賢庵里 金門縣,24.4269671,118.3022923,verified,0,2,2026-03-12 14:02:17,2026-03-12 23:53:37,,
276,全家豐榮店,minimart,🏪 便利商店,台東縣台東市,豐安里 臺東縣台東市 豐榮路 柳州街附近,22.749881,121.135553,verified,1,0,2026-03-12 14:01:08,2026-03-12 23:53:53,2026-09-04 08:40:12,
275,佛教慈濟醫療財團法人關山慈濟醫院附近,airport,✈️ 機場,台東縣關山鎮,豐泉里 臺東縣關山鎮,23.0577832,121.1678196,verified,1,0,2026-03-12 14:00:30,2026-03-13 00:33:12,2026-04-04 08:01:05,
274,萊爾富便利商店 南縣麻庄店,minimart,🏪 便利商店,台南市麻豆區,臺南市麻豆區寮子廍166之17號,23.189228,120.278352,verified,1,0,2026-03-12 13:59:47,2026-03-13 00:32:40,2026-05-03 11:49:27,
273,台東家扶中心 關山服務處,artgallery,🎨 美術館,台東縣關山鎮,里瓏里 臺東縣關山鎮,23.0475881,121.1580694,verified,1,2,2026-03-12 13:58:21,2026-03-13 00:19:41,2026-06-28 06:16:17,
272,池上牧野渡假村木柵動物區,zoo,🦁 動物園,台東縣池上鄉,新興村 臺東縣池上鄉,23.1110062,121.1950772,verified,10,1,2026-03-12 13:56:22,2026-03-13 01:06:34,2026-06-30 17:00:39,
271,康樂街口,ramen,🍜 拉麵店,嘉義市西區,嘉義市西區康樂街310號,23.47414,120.439625,verified,0,0,2026-03-12 13:50:31,2026-03-13 01:09:04,,
270,國稅局前鎮稽徵所附近,postoffice,📮 郵局,高雄市前鎮區,竹中里 高雄市前鎮區,22.614523,120.321264,verified,4,2,2026-03-12 13:29:45,2026-03-13 01:13:23,2026-03-31 13:03:49,
269,光華三路跟管仲南路牆邊機車待轉區,waterside,🎣 水邊,高雄市前鎮區,806高雄市前鎮區光華三路,22.604154,120.314472,verified,1,1,2026-03-12 13:15:51,2026-03-13 01:13:57,2026-03-21 15:37:53,
268,旗津污水處理廠旁公車站,bus,🚌 公車站,高雄市旗津區,805高雄市旗津區旗津二路445號,22.586701,120.28725,verified,0,0,2026-03-12 13:12:46,2026-03-13 01:14:00,,
267,YES高雄倉大門,postoffice,📮 郵局,高雄市前鎮區,明孝里 高雄市前鎮區 過港隧道新生路機車待轉區,22.567634,120.323067,verified,0,0,2026-03-12 13:09:49,2026-03-13 01:14:20,,
266,旗津過港隧道,bridge,🌉 橋梁,高雄市旗津區,高雄市旗津區過港隧道,22.561299,120.306489,verified,1,0,2026-03-12 13:06:58,2026-03-13 01:14:25,2026-03-22 13:13:19,
265,旗津烏松福德宮交叉口,restaurant,🍽️ 餐廳,高雄市旗津區,高雄市旗津區中洲三路95巷,22.597508,120.280009,verified,0,0,2026-03-12 13:05:06,2026-03-13 01:14:27,,
264,三重寵物公園,waterside,🎣 水邊,新北市三重區,三重區 新北市 日月亭淡水河畔停車場及龍門網球場中間的小路,25.0746147,121.5037458,verified,1,0,2026-03-12 12:53:22,2026-03-13 01:15:39,2026-07-12 02:57:35,
263,竹北市,italian,🍕 義式餐廳,新竹縣新豐鄉,員山村 新竹縣新豐鄉 中華路395號,24.879557,121.005109,verified,0,1,2026-03-12 12:32:07,2026-03-13 01:16:41,,
262,臺鍍科技股份有限公司觀音廠附近,forest,🌲 森林,桃園市觀音區,富林里 桃園市觀音區 成功路二段跟工業七路路口待轉區,25.0468338,121.1113568,verified,3,1,2026-03-12 12:07:59,2026-03-13 01:21:01,2026-08-23 05:55:20,
261,太保陳家天官武財神,minimart,🏪 便利商店,嘉義縣太保市,嘉義縣太保市麻太路236號,23.497194,120.362415,verified,5,0,2026-03-12 12:05:25,2026-03-13 01:14:34,2026-06-09 16:19:19,
260,鴻逸畫廊,artgallery,🎨 美術館,桃園市新屋區,桃園市新屋區清華里新文路1391巷73號,24.9933155,121.1248178,verified,11,1,2026-03-12 12:04:04,2026-03-13 10:51:00,2026-09-13 10:25:00,
259,武陵高中附近,library,📚 圖書館/書店,桃園市桃園區,桃園市桃園區中聖里,24.986941,121.28653,verified,2,0,2026-03-12 11:54:40,2026-03-13 01:31:45,2026-05-08 13:02:54,
258,鄭成功廟附近,roadside,🪙 路邊,屏東縣麟洛鄉,屏東縣麟洛鄉成功路,22.653418,120.525689,verified,0,0,2026-03-12 11:40:20,2026-03-12 11:42:16,,
257,忠孝橋,bridge,🌉 橋梁,新北市三重區,新北市三重區同安里重安街132號三樓號,25.0551744,121.4949256,verified,0,0,2026-03-12 11:37:16,2026-03-13 10:51:00,,
256,民權隧道,forest,🌲 森林,台北市內湖區,臺北市內湖區港墘里瑞光路358巷32號四樓之1號,25.076685,121.572025,verified,0,0,2026-03-12 11:34:46,2026-03-13 10:51:00,,
255,大埔鐵板燒嘉義民雄店,restaurant,🍽️ 餐廳,嘉義縣民雄鄉,嘉義縣民雄鄉建國路二段270號,23.54923,120.434446,verified,2,0,2026-03-12 11:28:57,2026-03-12 11:42:23,2026-04-07 13:25:32,
254,互誠冷凍空調工程行,laundry,👕 自助洗衣店,台南市安南區,州南里 臺南市安南區 安和路四段533巷65弄22號,23.06059,120.217486,verified,10,0,2026-03-12 11:08:30,2026-03-13 01:17:49,2026-08-12 23:35:15,
253,嘉義市西區,artgallery,🎨 美術館,嘉義市西區,嘉義市西區中山路604號,23.477993,120.440085,verified,4,6,2026-03-12 10:52:15,2026-03-13 01:14:40,2026-05-13 05:29:08,
252,良興冷凍香蕉行,minimart,🏪 便利商店,嘉義縣朴子市,嘉義縣朴子市新興路101號,23.462471,120.243725,verified,0,0,2026-03-12 10:25:32,2026-03-13 10:51:01,,
251,惜福步道,restaurant,🍽️ 餐廳,新北市土城區,全家,24.98228,121.448917,verified,0,0,2026-03-12 10:24:24,2026-03-13 10:51:01,,
250,大利多生活用品賣場,restaurant,🍽️ 餐廳,嘉義縣朴子市,嘉義縣朴子市新興路105巷31弄1號,23.461743,120.243665,verified,0,0,2026-03-12 10:23:35,2026-03-13 10:51:01,,
249,嘉義縣私立佳佳珠算短期補習班,supermarket,🍌 超市,嘉義縣朴子市,嘉義縣朴子市新興路105巷31弄20號,23.461707,120.244117,verified,0,0,2026-03-12 10:22:38,2026-03-13 10:51:02,,
248,三火木咖啡 SHEN Roastery (燊咖啡幸福店),cafe,☕ 咖啡店,桃園市桃園區,桃园市桃園區汴洲里幸福路87號,25.0284818,121.3017547,verified,2,4,2026-03-12 09:57:01,2026-03-13 10:51:02,2026-05-31 11:40:17,
247,義民廟門牌樓,restaurant,🍽️ 餐廳,桃園市楊梅區,桃園市楊梅區豐野里民生街52號,24.9373399,121.0829146,verified,0,0,2026-03-12 09:36:51,2026-03-13 10:51:02,,
246,長青公園,park,🍀 公園,台中市北區,404臺中市北區北平路一段號,24.17177,120.669986,verified,1,0,2026-03-12 08:50:45,2026-03-12 11:42:31,2026-07-29 00:34:24,
245,全國電子附近,electronics,🔋 電器行,台中市豐原區,臺中市豐原區三村里西勢路512-1號,24.2379568,120.7030515,verified,11,0,2026-03-12 08:31:36,2026-03-13 10:51:03,2026-06-27 23:13:39,
244,松柏,ramen,🍜 拉麵店,台南市東區,臺南市東區大同里大同路一段275巷84號,22.981974,120.213387,verified,0,0,2026-03-12 08:18:39,2026-03-13 10:51:03,,
243,冠軍建材股份有限公司,roadside,🪙 路邊,苗栗縣頭份市,苗栗縣竹南鎮大埔里13鄰竹篙厝200-7號,24.676556,120.883861,verified,0,0,2026-03-12 08:11:43,2026-03-12 11:42:37,,
242,啟諾迪電子桃園廠,waterside,🎣 水邊,桃園市桃園區,桃園市桃園區興邦路45號,24.9801164,121.3262621,verified,2,1,2026-03-12 08:03:16,2026-03-12 11:42:43,2026-05-24 17:28:59,
241,夾娃娃機門口,bus,🚌 公車站,桃園市龜山區,333桃園市龜山區山鶯路246號,24.985967358509484,121.32683243808421,verified,0,0,2026-03-12 08:01:03,2026-03-13 13:33:46,,
240,鐵軌旁,clothesstore,👗 服飾店,桃園市桃園區,桃園市龜山區建國東路31號旁人行道,24.98715472091398,121.32426141670588,verified,2,0,2026-03-12 07:54:12,2026-03-12 11:43:18,2026-09-07 14:07:09,
239,Seanpoo,electronics,🔋 電器行,台中市南屯區,臺中市南屯區南屯里黎明路一段965巷38號,24.136628,120.635676,verified,6,6,2026-03-12 07:53:56,2026-03-13 13:33:47,2026-06-04 14:22:25,
238,薛長興工業股份有限公司,clothesstore,👗 服飾店,宜蘭縣五結鄉,公司前門大門口,24.7046838,121.7642668,verified,1,0,2026-03-12 07:47:16,2026-03-13 13:33:48,2026-06-08 23:37:20,
237,台塑南亞樹林廠,waterside,🎣 水邊,新北市樹林區,新北市樹林區山佳里味王街48號,24.9735003,121.4045655,verified,0,0,2026-03-12 07:40:55,2026-03-13 13:33:49,,
236,蘭陽烏路港海景酒店,hotel,🏨 飯店,宜蘭縣大同鄉,蘭陽烏路港海景酒店附近,24.51418,121.49459,verified,0,0,2026-03-12 07:34:28,2026-03-13 13:33:49,,
235,蘭陽技術學院,university,🎓 大學/學院,宜蘭縣大同鄉,復興路61巷串燒寶貝走進去,24.51486,121.49013,verified,0,0,2026-03-12 07:31:01,2026-03-13 13:33:50,,
234,金鼎研究生化科技有限公司,mexican,🌮 墨西哥餐廳,新北市汐止區,新北市汐止區大同路一段279號,25.0586721,121.6365896,verified,16,22,2026-03-12 07:26:02,2026-03-12 11:42:51,2026-09-02 02:54:43,
233,極酷衝浪,beach,🐚 海灘,宜蘭縣,衝浪一條街,25.52233,121.50215,verified,0,0,2026-03-12 07:24:03,2026-03-13 13:33:50,,
232,新北市永和區豫溪街,laundry,👕 自助洗衣店,新北市永和區,234新北市永和區豫溪街193-1號,25.0102447,121.5228495,verified,1,4,2026-03-12 07:18:49,2026-03-12 11:43:12,2026-03-20 15:43:06,
231,忠美汽車保養所,forest,🌲 森林,新竹市東區,新竹市東區埔頂里埔頂路311號,24.7942561,121.0131779,verified,0,0,2026-03-12 07:17:04,2026-03-13 13:39:11,,
230,全聯福利中心 新竹關新西店,supermarket,🍌 超市,新竹市東區,新竹市東區關新里關東路169號,24.7893048,121.0202039,verified,4,0,2026-03-12 07:15:35,2026-03-13 13:39:14,2026-05-09 15:06:36,
229,大全聯土城店,supermarket,🍌 超市,新北市土城區,新北市土城區永寧里永安街25號,24.9642222,121.4336668,verified,7,0,2026-03-12 07:05:56,2026-03-13 13:39:14,2026-08-12 15:35:48,
228,高架橋邊,restaurant,🍽️ 餐廳,台中市北屯區,臺中市北屯區和平里環中東路二段438號,24.1712671,120.7206075,verified,0,0,2026-03-12 06:57:33,2026-03-13 13:39:15,,
227,SYM三陽機車屏東經銷商SBC-三星車業有限公司(梵美畫廊),artgallery,🎨 美術館,屏東縣屏東市,900屏東縣屏東市中正路533號,22.691255,120.500897,verified,0,1,2026-03-12 06:41:44,2026-03-13 16:04:43,,
226,粗心紅豆餅,sushi,🍣 壽司店,屏東縣屏東市,屏東縣屏東市廣東路785-1號,22.687339,120.492111,verified,2,0,2026-03-12 06:37:52,2026-03-13 16:05:36,2026-05-17 06:14:57,
224,新竹市東大路一段宏竹園藝旁巷子,bakery,🥖 麵包店,新竹市東區,新竹市東區東大路一段194-216號,24.81026,120.97055,verified,5,2,2026-03-12 06:29:20,2026-03-13 16:05:36,2026-09-09 13:54:25,
222,中華民國空軍-新竹基地,airport,✈️ 機場,新竹市北區,君鍠實業股份有限公司附近,24.8223447,120.9527906,verified,12,0,2026-03-12 06:28:00,2026-03-13 16:05:36,2026-09-09 13:54:34,
220,光復路一段小巷子,sweetshop,🍩 甜點店,新竹市東區,新竹市東區光復路一段403巷23弄14-20,24.782582,121.016513,verified,5,2,2026-03-12 06:25:42,2026-03-13 16:05:36,2026-09-09 14:32:59,
218,吉羊公園,park,🍀 公園,新竹市北區,油好汽車有限公司附近,24.8241891,120.9549364,verified,2,0,2026-03-12 06:23:03,2026-03-13 16:05:36,2026-06-15 01:57:13,
216,嘉義航空站,airport,✈️ 機場,嘉義市西區,嘉義市西區玉山路1181巷號,23.468151,120.400696,verified,19,0,2026-03-12 06:19:30,2026-03-13 16:05:36,2026-07-25 21:26:48,
214,中研院數理大道往蔡元培紀念館交叉路口,forest,🌲 森林,台北市南港區,臺北市南港區中研里研究院路二段128號,25.041718,121.61551,verified,0,0,2026-03-12 06:16:12,2026-03-13 16:05:36,,
213,連都大地二期社區,clothesstore,👗 服飾店,桃園市中壢區,桃園市中壢區榮安十五街,24.9605906,121.2592407,verified,3,0,2026-03-12 06:03:45,2026-03-12 06:08:01,2026-06-10 04:29:34,
212,開明里 宜蘭縣羅東鎮,electronics,🔋 電器行,宜蘭縣羅東鎮,安生藥局旁巷子走進去,24.674308,121.773385,verified,3,0,2026-03-12 05:52:17,2026-03-12 06:10:46,2026-07-17 11:20:24,
211,東區,forest,🌲 森林,新竹縣新豐鄉,盧厝里2鄰盧厝 崎頂村 新竹縣新豐鄉,24.891118,120.989759,verified,0,1,2026-03-12 05:37:58,2026-03-12 06:11:05,,
210,台大總圖靠舟山路側,university,🎓 大學/學院,台北市大安區,臺北市大安區總圖書館 國立大學西南側,25.016603,121.540121,verified,1,0,2026-03-12 05:13:20,2026-03-13 16:05:36,2026-03-20 16:14:34,
209,楊新聯社,supermarket,🍌 超市,桃園市楊梅區,這一帶都是超市純點,24.912429,121.15398,verified,2,0,2026-03-12 05:11:49,2026-03-13 16:05:36,2026-04-27 16:11:14,
208,路邊,pharmacy,💊 藥局,彰化縣田尾鄉,七星五金附近,23.903632,120.535916,verified,1,0,2026-03-12 05:11:47,2026-03-13 16:05:36,2026-09-15 15:51:21,
207,怡心園附近,park,🍀 公園,彰化縣田尾鄉,田尾公路花園,23.897541,120.531624,verified,1,0,2026-03-12 05:07:51,2026-03-13 16:05:36,2026-05-13 04:49:12,
205,台東機場,airport,✈️ 機場,台東縣台東市,台東航空站右前方民宅,22.755138,121.109222,verified,4,0,2026-03-12 04:48:25,2026-03-13 16:05:36,2026-05-25 15:32:42,
204,洗衣店門口,restaurant,🍽️ 餐廳,台南市安南區,安順里 臺南市安南區,23.050881,120.217264,verified,1,0,2026-03-12 04:19:26,2026-03-12 06:10:30,2026-04-28 19:46:19,
203,陸軍航特指揮部歸仁營區,airport,✈️ 機場,高雄市鼓山區,H5M7+PR 台灣高雄市鼓山區桃源里,22.58436,120.16462,verified,0,3,2026-03-12 04:12:03,2026-03-13 16:05:36,,
202,SCD AUTO. 汽車展示中心附近,ramen,🍜 拉麵店,桃園市龜山區,桃園市龜山區大湖里忠義路二段526號,25.0543908,121.3585569,verified,1,0,2026-03-12 03:42:58,2026-03-13 16:05:36,2026-03-21 05:43:57,
201,西港區圖書館,library,📚 圖書館/書店,台南市西港區,西港區圖書館附近,23.1236456,120.2036091,verified,0,0,2026-03-12 03:39:48,2026-03-13 16:05:36,,
199,科學工藝博物館,park,🍀 公園,高雄市三民區,高雄市三民區安發里科工館園區步道追風廣場,22.641381,120.321743,verified,3,0,2026-03-12 03:29:57,2026-03-13 16:05:36,2026-05-04 15:14:06,
198,魚塭,waterside,🎣 水邊,台南市西港區,劉厝排水附近,23.1371169,120.2035454,verified,0,0,2026-03-12 03:27:48,2026-03-13 16:05:36,,
197,台亞石油中科站,ramen,🍜 拉麵店,台中市大雅區,臺中市大雅區六寶里中清路四段519號,24.23412,120.637103,verified,1,0,2026-03-12 03:19:16,2026-03-13 16:05:36,2026-05-24 10:29:25,
196,千香漢堡-永康正義店,hairsalon,✂️ 美容院,台南市永康區,台南市永康區正義街1號,23.0294617,120.2552127,verified,4,0,2026-03-12 03:03:41,2026-03-13 16:05:36,2026-06-29 08:17:04,
195,饗翻天臭臭鍋-永康鹽行店,sweetshop,🍩 甜點店,台南市永康區,台南市永康區新中街,23.038188,120.24285,verified,5,0,2026-03-12 02:59:07,2026-03-13 16:05:36,2026-07-14 09:01:52,
194,台北田徑場,stadium,🏟️ 體育館,台北市松山區,台北市松山區美仁里敦化北路3號,25.0499168,121.550889,verified,12,1,2026-03-12 02:52:51,2026-03-13 16:05:36,2026-07-19 02:43:03,
193,台積電AP7停車場附近,forest,🌲 森林,嘉義縣太保市,台灣嘉義縣太保市後庄里,23.4712228,120.3135461,verified,0,0,2026-03-12 02:48:05,2026-03-13 16:05:36,,
192,全國加油站 板橋四川路站,forest,🌲 森林,新北市板橋區,新北市板橋區華東里四川路二段橋頭6號,24.993727,121.44788,verified,0,0,2026-03-12 02:05:48,2026-03-13 16:05:36,,
191,花蓮迪士尼,forest,🌲 森林,花蓮縣花蓮市,花蓮縣花蓮市新興路38號,23.9849991,121.6126278,verified,0,0,2026-03-12 01:51:07,2026-03-12 02:16:04,,
190,耕易溫馨生活館-台北店,electronics,🔋 電器行,台北市內湖區,臺北市內湖區港墘里瑞光路358巷32號四樓之1號,25.076685,121.572025,verified,13,4,2026-03-12 01:48:00,2026-03-12 02:16:05,2026-08-10 10:07:09,
189,睡飽飽民宿對面,diy,🔧 五金行,花蓮縣花蓮市,建國路和建國路350項交叉路口,23.98472,121.597545,verified,4,1,2026-03-12 01:43:06,2026-03-13 16:05:36,2026-07-24 13:43:31,
188,永吉橋,bridge,🌉 橋梁,花蓮縣吉安鄉,永吉橋前面待轉格,23.981234,121.592765,verified,0,0,2026-03-12 01:41:21,2026-03-13 16:05:36,,
187,籃球場,hairsalon,✂️ 美容院,彰化縣永靖鄉,附近有臺灣基督教長老教會永靖教會,23.9240287,120.5445842,verified,2,0,2026-03-12 01:39:08,2026-03-13 16:05:36,2026-05-07 12:24:16,
186,川采精緻麵食館,laundry,👕 自助洗衣店,台南市東區,臺南市東區東聖里富農街二段108號,22.98733449420567,120.23564437828087,verified,2,0,2026-03-12 01:33:41,2026-03-13 16:05:36,2026-08-19 02:47:09,
185,國昌國中正後方,sweetshop,🍩 甜點店,高雄市楠梓區,高雄市楠梓區智昌街國昌里,22.720216,120.28518,verified,16,0,2026-03-12 01:14:23,2026-03-12 02:16:14,2026-09-16 12:36:26,
184,文心秀泰,sushi,🍣 壽司店,台中市南屯區,臺中市南屯區豐樂里昌明巷28號,24.129226,120.64516,verified,6,8,2026-03-12 01:12:48,2026-03-13 16:05:36,2026-05-26 16:52:00,
183,全家便利商店岡山柳橋店,minimart,🏪 便利商店,高雄市岡山區,柳橋西路一段,22.7899177,120.2817576,verified,0,0,2026-03-11 14:25:20,2026-03-13 16:05:36,,
182,燦坤桃園力行店,electronics,🔋 電器行,桃園市桃園區,桃園市桃園區力行路566號,24.993693,121.293976,verified,4,3,2026-03-11 14:25:14,2026-03-11 15:34:35,2026-07-08 11:22:12,
181,漢陽北路台塑加油站,park,🍀 公園,台東縣台東市,臺東縣臺東市豐榮里仁義北路121號,22.74865,121.139674,verified,0,0,2026-03-11 14:02:27,2026-03-13 16:05:36,,
180,九九峰動物園,zoo,🦁 動物園,南投縣草屯鎮,南投縣草屯鎮726巷99號坪頂里富頂路一段,23.961379,120.705972,verified,11,9,2026-03-11 13:17:01,2026-03-11 15:34:39,2026-09-12 07:38:00,
179,六合家園對面,curry,🍛 咖哩餐廳,新北市中和區,新北市中和區安樂路143巷,24.9969444,121.5133889,verified,13,9,2026-03-11 12:48:39,2026-03-13 16:05:36,2026-08-01 15:51:38,
178,寧好診所 感冒過敏/營養點滴/健檢減重/糖尿三高,clothesstore,👗 服飾店,台中市西屯區,臺中市西屯區福安里安和路154號,24.1827536,120.6253371,verified,2,0,2026-03-11 12:48:14,2026-03-13 16:05:36,2026-06-29 04:15:54,
177,世鈞科技,artgallery,🎨 美術館,台中市西屯區,臺中市西屯區福雅里福祥街5-1號,24.1844196,120.6233878,verified,5,1,2026-03-11 12:44:56,2026-03-13 16:05:36,2026-06-29 04:16:35,
176,樹林拖吊場,forest,🌲 森林,新北市樹林區,四維路,24.978105,121.42404,verified,0,0,2026-03-11 10:39:50,2026-03-13 16:05:36,,
175,花壇,bus,🚌 公車站,彰化縣花壇鄉,南口村中山路二段,24.033349,120.536775,verified,0,0,2026-03-11 10:37:59,2026-03-13 16:05:36,,
174,花壇,electronics,🔋 電器行,彰化縣花壇鄉,南口村中山路二段,24.032197,120.537037,verified,1,0,2026-03-11 10:34:03,2026-03-13 16:05:36,2026-08-28 10:31:32,
173,後港公園,park,🍀 公園,新北市新莊區,新北市新莊區建安里建安街41巷建安公園,25.0256896,121.430422,verified,0,0,2026-03-11 10:28:47,2026-03-13 16:05:36,,
172,捷運橋頭火車站,station,🚂 車站,高雄市橋頭區,橋頭里 高雄市橋頭區  搭捷運就可以掃到,22.760886,120.31065,verified,3,0,2026-03-11 08:42:32,2026-03-11 15:35:12,2026-07-31 07:20:42,
171,C-LAB穹頂劇場,forest,🌲 森林,台北市大安區,臺北市大安區義村里仁愛路三段55號,25.038938,121.540009,verified,0,0,2026-03-11 08:40:39,2026-03-13 16:05:36,,
170,空總LAB,library,📚 圖書館/書店,台北市大安區,臺北市大安區義村里忠孝東路三段248巷30號,25.0399996,121.5405189,verified,4,1,2026-03-11 08:33:13,2026-03-13 16:05:36,2026-06-25 16:36:51,
169,豐原體育場,stadium,🏟️ 體育館,台中市豐原區,臺中市豐原區西湳里豐北街216號,24.260966,120.717313,verified,5,2,2026-03-11 08:17:05,2026-03-13 16:05:36,2026-08-17 01:56:18,
168,沙鹿北勢全聯,supermarket,🍌 超市,台中市沙鹿區,臺中市沙鹿區六路里南陽路374號,24.2174783,120.5716189,verified,1,0,2026-03-11 06:55:04,2026-03-13 16:05:36,2026-05-17 01:02:40,
167,Tokyo Disneyland,themePark,🎢 主題樂園,日本千葉縣,東京迪士尼樂園,35.629361,139.883972,verified,5,1,2026-03-11 04:28:20,2026-03-11 15:35:20,2026-07-17 23:44:39,
166,捷運北屯總站,station,🚂 車站,台中市北屯區,台中市北屯區敦富東街100號,24.188869,120.708782,verified,4,0,2026-03-11 03:38:16,2026-03-12 02:17:14,2026-06-06 17:24:44,
165,新莊高中,roadside,🪙 路邊,高雄市左營區,文慈路,22.682194,120.316578,verified,0,0,2026-03-11 02:26:37,2026-03-13 16:05:36,,
164,新莊高中對面,hamburger,🍔 漢堡店,高雄市左營區,文慈路,22.681066,120.3177578,verified,10,0,2026-03-11 02:25:50,2026-03-13 16:05:36,2026-09-02 03:52:27,
162,閱光:太陽能綠建築,bridge,🌉 橋梁,台南市善化區,蓮潭北三街258號,23.118385,120.305735,verified,0,0,2026-03-10 17:28:46,2026-03-13 16:05:36,,
161,大買家,supermarket,🍌 超市,台中市北屯區,臺中市北屯區舊社里北屯路370號B1,24.1764404,120.6999532,verified,1,3,2026-03-10 15:34:41,2026-03-13 16:05:36,2026-04-07 07:33:17,
160,思源路星巴克,cafe,☕ 咖啡店,新北市新莊區,新北市新莊區思源路448號,25.0534972,121.4602377,verified,9,0,2026-03-10 15:13:29,2026-03-11 15:35:31,2026-08-02 07:10:31,
159,早餐餐車,clothesstore,👗 服飾店,新北市新莊區,三泰路靠近月明薑母鴨停車場口,25.03446,121.439691,verified,0,0,2026-03-10 15:09:29,2026-03-13 16:05:36,,
158,奇美包子觀光工廠對面,airport,✈️ 機場,台南市仁德區,機場路,22.9494044,120.2166795,verified,2,0,2026-03-10 15:08:41,2026-03-13 16:05:36,2026-08-06 16:21:39,
157,Zhongrong St 130 Parking,bakery,🥖 麵包店,新北市新莊區,新北市新莊區中榮街132號,25.0527935,121.4462624,verified,13,0,2026-03-10 15:05:45,2026-03-13 16:05:36,2026-09-20 15:15:16,
156,中和區南山路,forest,🌲 森林,新北市中和區,萊爾富中和壽南店附近,24.988054,121.5078828,verified,0,0,2026-03-10 14:57:05,2026-03-13 16:05:36,,
155,兩塊美玉美甲工作室｜手作穿戴甲,roadside,🪙 路邊,新北市板橋區,220新北市板橋區文聖街86-98,25.028959,121.476093,verified,3,0,2026-03-10 14:52:55,2026-03-11 15:37:21,2026-07-19 06:38:46,
154,義之獨SHOW pasta(店休日查看FB.IG),ramen,🍜 拉麵店,新北市板橋區,220新北市板橋區雙十路二段46巷46-68,25.029067,121.477861,verified,2,0,2026-03-10 14:50:55,2026-03-12 06:09:35,2026-09-21 02:07:05,
153,,airport,✈️ 機場,美國,R27+26 美國紐澤西霍姆德爾鎮,40.350052,-74.186912,verified,0,0,2026-03-10 14:09:42,2026-03-13 16:05:36,,
152,豐原公車站,bus,🚌 公車站,台中市豐原區,臺中市豐原區南村里北陽路239號,24.25118,120.735894,verified,0,0,2026-03-10 13:41:19,2026-03-13 16:05:36,,
151,健行里洗衣店,laundry,👕 自助洗衣店,台中市北區,臺中市北區健行里德化街622號,24.161723,120.666053,verified,15,2,2026-03-10 13:38:30,2026-03-13 16:05:36,2026-08-24 10:36:19,
150,"金鼎國寶石藝有限公司--新竹骨灰罐,防潮骨灰罈,寶石骨灰罐,玉石骨灰罈,金斗甕，市面上批發價跟售價的價差很大，骨灰罐自己買",korean,🥬 韓式餐廳,新竹市北區,新竹市北區新雅里和平路133號,24.8096614,120.9550111,verified,15,1,2026-03-10 13:29:39,2026-03-13 16:05:36,2026-09-12 07:30:23,
149,橋樑,bridge,🌉 橋梁,桃園市八德區,仁和街280巷5弄附近,24.9709145,121.3158098,verified,0,0,2026-03-10 12:55:07,2026-03-13 16:05:36,,
148,鍬形蟲、橡栗,forest,🌲 森林,桃園市龜山區,中興路50巷,24.98667,121.33123,verified,2,1,2026-03-10 12:37:35,2026-03-13 16:05:36,2026-09-02 13:26:47,
147,三圓豆花,bakery,🥖 麵包店,桃園市中壢區,新明路30號,24.95779,121.21472,verified,0,6,2026-03-10 12:24:39,2026-03-13 16:05:36,,
146,蟲之森,waterside,🎣 水邊,高雄市鼓山區,龍德路41巷巷口,22.6541959,120.3019345,verified,1,0,2026-03-10 10:25:58,2026-03-13 16:05:36,2026-04-03 19:20:17,
145,新莊高中,bus,🚌 公車站,高雄市左營區,M8J8+2J8 福山里 高雄市左營區,22.6800343,120.3165703,verified,2,0,2026-03-10 06:53:32,2026-03-10 09:58:16,2026-03-25 07:33:53,
144,高雄國際機場國內航廈旅遊服務中心,airport,✈️ 機場,高雄市小港區,高雄國際機場國內航廈旅遊服務中心,22.570159047818127,120.34175723783953,verified,1,2,2026-03-10 06:14:04,2026-03-10 09:59:22,2026-09-07 02:07:20,
143,草屯體育館,stadium,🏟️ 體育館,南投縣草屯鎮,南投縣草屯鎮中正路571-2號,23.979749,120.693313,verified,5,0,2026-03-10 05:42:01,2026-03-10 09:59:25,2026-08-09 15:17:22,
142,興東南路和平豆花巷子進入,electronics,🔋 電器行,宜蘭縣羅東鎮,宜蘭縣羅東鎮興東南路220巷,24.673467,121.767569,verified,0,1,2026-03-10 05:18:20,2026-03-10 05:24:43,,
141,摩登生活社區,supermarket,🍌 超市,新北市汐止區,新北市汐止區吉祥街11巷5號,25.0805305,121.6677002,verified,3,0,2026-03-10 04:45:46,2026-03-10 09:59:28,2026-09-02 02:52:16,
140,香光聖堂,bus,🚌 公車站,台南市安南區,3637+237 新順里 臺南市安南區,23.052533,120.212686,verified,2,0,2026-03-10 04:27:49,2026-03-10 09:59:48,2026-08-31 16:13:20,
139,國立清華大學  化學館往停車場,university,🎓 大學/學院,新竹市東區,QXWW+G6J 光明里 新竹市東區,24.796349,120.995511,verified,4,0,2026-03-10 04:25:49,2026-03-10 10:00:16,2026-05-01 13:53:15,
138,育安公園附近,park,🍀 公園,台南市安南區,26X7+JCH 安順里 臺南市安南區,23.049054,120.213619,verified,1,0,2026-03-10 04:22:38,2026-03-10 10:00:53,2026-03-28 11:00:20,
137,久崲鋼模股份有限公司,minimart,🏪 便利商店,台南市安南區,26XF+23H 安順里 臺南市安南區,23.047559,120.222733,verified,0,0,2026-03-10 04:16:02,2026-03-10 10:01:12,,
136,吉仁源有限公司,pharmacy,💊 藥局,台南市安南區,26XC+93X 安順里 臺南市安南區,23.048484,120.220232,verified,0,0,2026-03-10 04:13:24,2026-03-10 10:01:27,,
135,愛子幼兒園,roadside,🪙 路邊,台中市北屯區,臺中市北屯區舊社里南興路199號,24.176755,120.703821,verified,1,0,2026-03-10 00:45:56,2026-03-10 10:01:29,2026-05-10 08:53:15,
133,屏東東港駿業汽車住宅專業隔熱紙（原東港千銘）,sweetshop,🍩 甜點店,屏東縣東港鎮,928屏東縣東港鎮沿海路133號,22.467043,120.4633,verified,4,0,2026-03-09 16:03:49,2026-03-10 00:45:14,2026-08-17 04:40:40,
132,全聯桃園龜山華亞三店,supermarket,🍌 超市,桃園市龜山區,全聯再過去下一個路口,25.048253,121.380122,verified,5,0,2026-03-09 14:57:08,2026-03-09 15:08:57,2026-04-29 15:30:25,
131,星巴克新竹關埔門市,cafe,☕ 咖啡店,新竹市東區,新竹市東區埔頂二路71 號,24.7907768,121.0135064,verified,10,0,2026-03-09 14:39:03,2026-03-09 15:08:59,2026-06-21 15:47:32,
130,林口長庚醫院,ramen,🍜 拉麵店,桃園市龜山區,桃園市龜山區公西里復興街5號病理大樓B1,25.060204,121.367427,verified,1,0,2026-03-09 14:35:27,2026-03-09 15:09:00,2026-08-04 09:53:43,
129,牛耳心境藝術空間,artgallery,🎨 美術館,台中市西屯區,407009臺中市西屯區環中路二段1258-1號,24.180685,120.634679,verified,2,0,2026-03-09 14:14:30,2026-03-09 15:09:02,2026-06-28 06:01:20,
128,臺中市立居仁國民中學,korean,🥬 韓式餐廳,台中市西區,台中市西区136 自由路一段97號,24.136936,120.678637,verified,3,2,2026-03-09 14:07:13,2026-03-13 16:05:36,2026-04-26 17:16:09,
127,"永豐機車行,三陽機車SYM",mexican,🌮 墨西哥餐廳,台中市西區,臺中市西區公平里精誠九街16巷24號,24.152322,120.656458,verified,38,6,2026-03-09 14:05:46,2026-03-13 16:05:36,2026-09-19 14:39:16,
126,桃園客運東坡站,bus,🚌 公車站,桃園市新屋區,東福路436巷,24.973627,121.075805,verified,0,0,2026-03-09 14:03:50,2026-03-13 16:05:36,,
125,飛機巷飛機純點看飛機,airport,✈️ 機場,台北市中山區,臺北市中山區大佳里建國高架道路6號,25.070188,121.533421,verified,7,3,2026-03-09 13:49:22,2026-03-09 15:09:09,2026-05-12 05:05:25,
124,台中大鵬全聯後面順平一街,supermarket,🍌 超市,台中市西屯區,臺中市西屯區大石里中平路151號,24.1774286,120.6632706,verified,2,0,2026-03-09 12:57:37,2026-03-09 15:09:14,2026-06-15 12:05:38,
123,台中機場,airport,✈️ 機場,台中市沙鹿區,臺中市沙鹿區西勢里中山路11-1號,24.2501431,120.5975455,verified,1,0,2026-03-09 12:43:05,2026-03-09 15:09:15,2026-06-06 13:19:55,
122,全聯,supermarket,🍌 超市,南投縣草屯鎮,南投縣草屯鎮信義街368號,23.982815,120.680027,verified,2,0,2026-03-09 12:33:08,2026-03-09 15:09:21,2026-06-10 18:35:58,
121,空軍航空技術學院 介壽校區,university,🎓 大學/學院,高雄市岡山區,通校路,22.7855828,120.2813264,verified,0,0,2026-03-09 12:04:50,2026-03-09 15:09:24,,
120,海山捷運站,station,🚂 車站,新北市土城區,海山路15號,24.9850913,121.4486177,verified,4,0,2026-03-09 11:53:43,2026-03-13 16:05:36,2026-08-11 11:28:20,
119,學府路18巷,sushi,🍣 壽司店,新竹市東區,新竹市東區學府路18巷,24.794313,120.9785271,verified,1,6,2026-03-09 11:51:11,2026-03-13 16:05:36,2026-09-09 13:54:49,
118,IKEA桃園店壽司郎55桌,forest,🌲 森林,桃園市中壢區,"樓, No. 1號高鐵站前東路一段青埔里中壢區桃園市台灣 320",25.0128595,121.2173409,verified,1,2,2026-03-09 11:49:09,2026-03-09 15:09:28,2026-03-30 01:19:45,
117,緣家綻有限公司,clothesstore,👗 服飾店,彰化縣線西鄉,彰化縣線西鄉寓埔村中央路二段897之1號,24.1386135,120.4570973,verified,0,0,2026-03-09 11:43:52,2026-03-13 16:05:36,,
116,伸港順天宮,hairsalon,✂️ 美容院,彰化縣伸港鄉,彰化縣伸港鄉泉州村自強路238號,24.1445517,120.4823881,verified,3,0,2026-03-09 11:41:19,2026-03-13 16:05:36,2026-05-07 12:45:14,
115,KHS功學社單車旁小巷子,cafe,☕ 咖啡店,台北市南港區,臺北市南港區東明里南港路二段118號,25.0535373,121.601961,verified,2,3,2026-03-09 11:31:01,2026-03-13 16:05:36,2026-05-05 15:30:45,
113,藏壽司 三重集賢路店 （壽司）純點,sushi,🍣 壽司店,新北市三重區,241新北市三重區集賢路99號,25.088938,121.490938,verified,22,0,2026-03-09 10:44:14,2026-03-10 00:45:26,2026-08-12 01:03:11,
112,南勢角一帶（路邊金幣）純點,roadside,🪙 路邊,新北市中和區,新北市中和區興南路一段,24.986832,121.510115,verified,1,0,2026-03-09 10:21:05,2026-03-10 00:45:28,2026-04-29 14:23:47,
111,南勢角一帶畫框純點,artgallery,🎨 美術館,新北市中和區,新北市中和區興南路一段,24.986162,121.510297,verified,33,2,2026-03-09 10:18:14,2026-03-09 11:38:35,2026-09-19 14:29:15,
110,西螺服務區北上,ramen,🍜 拉麵店,雲林縣西螺鎮,雲林縣西螺鎮大新里,23.7888889,120.4795514,verified,1,0,2026-03-09 10:06:32,2026-03-09 11:38:39,2026-04-26 12:34:32,
109,谷築石苑民宿,hotel,🏨 飯店,花蓮縣壽豐鄉,花蓮縣壽豐鄉仁愛街62號,23.8456947,121.5055449,verified,0,0,2026-03-09 09:33:29,2026-03-09 11:38:41,,
108,我上青 附近（公車紙模型）純點,bus,🚌 公車站,新北市土城區,新北市土城區中華路一段,24.981662,121.441027,verified,0,0,2026-03-09 09:20:24,2026-03-09 11:38:43,,
107,員林/員福里 福德宮牌樓 （髮圈）純點,clothesstore,👗 服飾店,新北市土城區,新北市土城區福祥街,24.981337,121.441391,verified,4,0,2026-03-09 08:46:48,2026-03-09 11:38:48,2026-08-12 09:30:02,
106,台糖冰店 (生產路),forest,🌲 森林,台南市東區,臺南市東區生產路54號,22.96464,120.22269,verified,1,0,2026-03-09 08:44:28,2026-03-09 11:38:49,2026-05-18 07:51:22,
105,公爵菓子工房,airport,✈️ 機場,台南市南區,國民路165巷,22.96645,120.21165,verified,0,0,2026-03-09 08:40:02,2026-03-13 16:05:36,,
104,安樂路143巷,sushi,🍣 壽司店,新北市中和區,新北市中和區宜安里安樂路143巷2弄2號,24.99714,121.514114,verified,7,1,2026-03-09 08:32:51,2026-03-13 16:05:36,2026-09-14 05:34:24,
103,嘉義市東區義教里731巷,ramen,🍜 拉麵店,嘉義市東區,嘉義市東區義教街733號,23.4984049,120.4537579,verified,0,1,2026-03-09 08:06:55,2026-03-09 11:38:56,,
102,白巷子 嘉市新生店,korean,🥬 韓式餐廳,嘉義市東區,嘉義市東區新生路581號,23.4920324,120.4580069,verified,3,2,2026-03-09 08:05:21,2026-03-09 11:38:58,2026-06-01 22:59:56,
101,嘉義航空站,airport,✈️ 機場,嘉義市西區,嘉義市西區大富西街87巷1號,23.4543888,120.403951,verified,10,2,2026-03-09 08:03:21,2026-03-09 11:38:59,2026-06-14 06:56:53,
100,吉昌空調工程行,postoffice,📮 郵局,新竹縣湖口鄉,新竹縣湖口鄉鳳凰村仁愛路36號,24.8701595,121.0135312,verified,2,1,2026-03-09 07:50:55,2026-03-13 16:05:36,2026-05-07 10:48:29,
99,豐國廟中門（鍬形蟲、橡栗）純點,forest,🌲 森林,日本京都府,京都府京都市東山区,34.98834,135.784109,verified,1,0,2026-03-09 07:49:03,2026-03-09 11:43:36,2026-03-21 05:53:35,
98,台南二中側門邊咖啡杯純點,cafe,☕ 咖啡店,台南市北區,台南市北區北門路二段,23.0060504,120.2143573,verified,6,0,2026-03-09 07:43:47,2026-03-09 11:43:43,2026-08-05 18:32:21,
97,台北松山機場（飛機玩具）純點,airport,✈️ 機場,台北市松山區,10548臺北市松山區敦化北路340-9號,25.067669,121.552727,verified,4,1,2026-03-09 07:29:21,2026-03-09 11:43:44,2026-09-07 02:06:06,
96,與那國島機場（飛機玩具）純點,airport,✈️ 機場,日本沖繩縣八重山郡,"日本〒907-1801 0kinawa, Yaeyama District, Yonaguni,  與那國機場",24.467031,122.979373,verified,4,0,2026-03-09 07:23:16,2026-03-10 00:45:32,2026-07-12 08:05:28,
95,天守跡 （鍬形蟲、橡栗）純點,forest,🌲 森林,日本京都府,"0831 612 Momoyamacho Kojosan, Fushimi Ward, Kyoto, 612-0831日本",34.938562,135.780438,verified,0,0,2026-03-09 07:03:12,2026-03-10 00:45:34,,
94,仁明天皇女御 贈皇太后澤子 中尾陵（鍬形蟲、橡栗）純點,forest,🌲 森林,日本京都府,"Imakumano Hozocho, Higashiyama Ward, Kyoto, 605-0952日本",34.984313,135.776312,verified,0,0,2026-03-09 06:58:00,2026-03-10 00:45:35,,
93,新莊高中周圍,hamburger,🍔 漢堡店,高雄市左營區,文慈路,22.682622,120.3174222,verified,0,2,2026-03-09 06:49:09,2026-03-13 16:05:36,,
92,東山牛肉爐,forest,🌲 森林,桃園市中壢區,桃園市中壢區環中東路,24.9602793,121.2527544,verified,4,0,2026-03-09 06:39:19,2026-03-13 16:05:36,2026-07-04 07:42:55,
91,慕特牛排,restaurant,🍽️ 餐廳,桃園市中壢區,桃園市中壢區環中東路,24.9573625,121.2477736,verified,5,0,2026-03-09 06:38:26,2026-03-13 16:05:36,2026-08-30 06:25:01,
90,福泰團膳,restaurant,🍽️ 餐廳,桃園市中壢區,桃園市中壢區民權路三段75巷77號,24.972166,121.213004,verified,1,0,2026-03-09 06:34:09,2026-03-13 16:05:36,2026-03-20 18:33:18,
89,渴望健身,sushi,🍣 壽司店,桃園市中壢區,桃園市中壢區青雲路,25.014142,121.2201462,verified,6,2,2026-03-09 06:30:38,2026-03-13 16:05:36,2026-06-26 15:24:31,
88,崇舜鋁門窗,electronics,🔋 電器行,新北市蘆洲區,247新北市蘆洲區民義街71巷22號,25.090815,121.47279,verified,19,0,2026-03-09 06:29:46,2026-03-10 00:45:40,2026-08-02 15:37:23,
87,朝鮮味,korean,🥬 韓式餐廳,新北市新莊區,新北市新莊區龍安路,25.018657,121.423916,verified,21,4,2026-03-09 06:23:42,2026-03-10 00:45:42,2026-07-17 16:40:54,
86,陽光畫室,artgallery,🎨 美術館,新竹市東區,新竹市南大路567巷53號-55號之間,24.7908422,120.9672682,verified,20,6,2026-03-09 06:14:07,2026-03-13 16:05:36,2026-09-12 19:04:21,
85,淡海海堤,beach,🐚 海灘,新北市淡水區,新北市淡水區崁頂里,25.199021,121.418331,verified,5,0,2026-03-09 05:56:45,2026-03-10 11:30:26,2026-06-11 14:58:43,
84,南京素食養生館,postoffice,📮 郵局,桃園市平鎮區,324桃園市平鎮區南京路38號,24.9164016,121.2096004,verified,1,2,2026-03-09 05:14:45,2026-03-10 11:30:29,2026-03-28 11:10:36,
83,好玩的夾娃娃店,clothesstore,👗 服飾店,桃園市平鎮區,324桃園市平鎮區上海路,24.909917,121.206472,verified,5,1,2026-03-09 05:08:39,2026-03-13 16:05:36,2026-06-19 05:22:53,
82,太麻里萬福釋迦,bus,🚌 公車站,台東縣太麻里鄉,臺東縣太麻里鄉泰和村太麻里街676號,22.6032863,121.0011998,verified,0,0,2026-03-09 04:43:25,2026-03-13 16:05:36,,
81,烏日區農會,station,🚂 車站,台中市烏日區,414臺中市烏日區三民街179號,24.108214,120.622069,verified,5,0,2026-03-09 04:40:09,2026-03-10 00:45:48,2026-09-15 13:53:22,
80,龍潭國小對面的通學巷路口,cafe,☕ 咖啡店,桃園市龍潭區,龍元路1巷與南龍路交叉口,24.864198,121.21343,verified,11,1,2026-03-09 04:31:43,2026-03-13 16:05:36,2026-08-20 11:52:33,
79,中山女子高級中學後方巷子,makeup,💄 化妝品商店,台北市松山區,臺北市松山區力行里龍江路46巷9號八樓號,25.0492571,121.5390534,verified,14,3,2026-03-09 04:20:24,2026-03-13 16:05:36,2026-07-11 15:38:47,
78,大成街玉峰街路口,park,🍀 公園,南投縣草屯鎮,542南投縣草屯鎮大成街153號,23.980244,120.687916,verified,2,0,2026-03-09 04:15:30,2026-03-13 16:05:36,2026-06-10 18:36:00,
77,大成停車場,cafe,☕ 咖啡店,南投縣草屯鎮,南投縣草屯鎮大成街103-83號,23.977421,120.687779,verified,3,1,2026-03-09 04:10:25,2026-03-13 16:05:36,2026-07-13 06:37:25,
76,變髮藝工作室,hairsalon,✂️ 美容院,台中市北區,華信街12號,24.16117,120.67396,verified,8,3,2026-03-09 03:54:03,2026-03-13 16:05:36,2026-07-27 15:02:07,
75,阿正蔥油餅,diy,🔧 五金行,南投縣草屯鎮,旁邊有五金行,23.984482,120.681935,verified,4,0,2026-03-09 03:50:10,2026-03-13 16:05:36,2026-06-11 08:16:22,
74,三本藏峰社區,hairsalon,✂️ 美容院,桃園市大溪區,仁德二街281號,24.910506,121.283678,verified,2,1,2026-03-09 02:49:24,2026-03-13 16:05:36,2026-05-19 04:54:46,
73,桃園市立田徑場,stadium,🏟️ 體育館,桃園市桃園區,330桃園市桃園區三民路一段1號,24.9925069,121.3240673,verified,12,0,2026-03-09 02:41:37,2026-03-13 16:05:36,2026-09-02 13:27:02,
72,法務部矯正署桃園監獄,bus,🚌 公車站,桃園市桃園區,桃園監獄門口,24.995342,121.290665,verified,0,0,2026-03-09 02:13:13,2026-03-13 16:05:36,,
71,路上,forest,🌲 森林,日本岐阜縣,去合掌村路上,36.022639,136.998317,verified,0,0,2026-03-09 01:36:25,2026-03-13 16:05:36,,
70,佶安消防工程有限公司,waterside,🎣 水邊,宜蘭縣宜蘭市,宜蘭縣宜蘭市神農里中山路二段2巷42弄12號,24.744785,121.756805,verified,0,0,2026-03-09 01:21:52,2026-03-13 16:05:36,,
69,自強牙醫診所,bus,🚌 公車站,宜蘭縣宜蘭市,宜蘭縣宜蘭市擺厘里自強路161號,24.74296,121.749844,verified,1,0,2026-03-09 01:20:06,2026-03-13 16:05:36,2026-06-07 12:45:19,
68,崇德雅潭路口,zoo,🦁 動物園,台中市潭子區,臺中市潭子區東寶里崇德路五段10號,24.216278430266872,120.68856302372622,verified,21,27,2026-03-09 00:28:48,2026-03-13 16:05:36,2026-08-03 10:39:42,
67,英才加油站附近,ramen,🍜 拉麵店,台中市北區,臺中市北區文莊里中清路一段103號,24.1556818,120.676679,verified,1,0,2026-03-08 23:27:49,2026-03-13 16:05:36,2026-07-31 00:37:44,
66,老爸農場外,airport,✈️ 機場,高雄市小港區,小港機場旁,22.5783461,120.3440542,verified,0,1,2026-03-08 23:09:36,2026-03-13 16:05:36,,
65,我阿嬤家附近,forest,🌲 森林,台南市新化區,大新國小附近（我讀過）,23.0395076,120.3013491,verified,1,0,2026-03-08 22:32:04,2026-03-13 16:05:36,2026-03-25 12:57:30,
64,台北大巨蛋,stadium,🏟️ 體育館,台北市信義區,臺北市信義區忠孝東路四段515號,25.0420794,121.5606979,verified,10,1,2026-03-08 21:07:08,2026-03-10 05:24:56,2026-08-21 04:45:56,
63,拉麵店純點,ramen,🍜 拉麵店,新北市新莊區,新北市新莊區中和街59巷26號左右,25.046712,121.446069,verified,0,1,2026-03-08 18:52:04,2026-03-10 05:24:52,,
62,富都之城旁,library,📚 圖書館/書店,桃園市楊梅區,新農街416號,24.9123298,121.1581777,verified,0,0,2026-03-08 18:47:55,2026-03-13 16:05:36,,
61,新北市鄉雲環境保護協會,supermarket,🍌 超市,新北市板橋區,新北市板橋區鄉雲里四川路一段274巷5號,25.001417,121.457923,verified,0,2,2026-03-08 18:40:35,2026-03-13 16:05:36,,
60,致富院社區,bus,🚌 公車站,台中市沙鹿區,臺中市沙鹿區竹林里大道七段376巷11號,24.231597,120.573866,verified,0,0,2026-03-08 17:57:22,2026-03-13 16:05:36,,
59,韓山寺韓式料理,korean,🥬 韓式餐廳,嘉義縣民雄鄉,嘉義縣民雄鄉保生街311號,23.558375,120.425525,verified,16,0,2026-03-08 17:40:38,2026-03-13 16:05:36,2026-08-13 02:36:08,
58,韓緹精品旁,electronics,🔋 電器行,新北市板橋區,新北市板橋區四維路269巷,25.027822,121.462185,verified,14,0,2026-03-08 17:18:57,2026-03-13 16:05:36,2026-08-04 13:57:47,
57,晦日咖哩 Hurry Curry 私廚外帶取餐點,hairsalon,✂️ 美容院,台中市南區,臺中市南區福順里南陽街46巷10號,24.1253929,120.6619821,verified,3,2,2026-03-08 17:10:38,2026-03-13 16:05:36,2026-07-06 14:49:59,
56,楊直青太陽能熱水器行,clothesstore,👗 服飾店,高雄市鳥松區,中山路140巷15號,22.6619043,120.3938055,verified,1,0,2026-03-08 16:53:32,2026-03-13 16:05:36,2026-06-10 17:05:36,
55,全家龜山竹城店,minimart,🏪 便利商店,桃園市龜山區,桃園市龜山區樂善里文化一路105-10號,25.048605,121.385611,verified,1,0,2026-03-08 16:53:22,2026-03-13 16:05:36,2026-03-28 13:26:36,
54,精勤泥作磁磚室內裝修工程（精勤有限公司）,restaurant,🍽️ 餐廳,高雄市大寮區,中正路104號,22.6196842,120.3898794,verified,0,3,2026-03-08 16:51:53,2026-03-13 16:05:36,,
53,北極冰舖,bakery,🥖 麵包店,高雄市大寮區,高雄市大寮區中庄里忠孝路112號,22.6364629,120.3986801,verified,5,0,2026-03-08 16:50:23,2026-03-13 16:05:36,2026-09-12 16:36:26,
52,前進里 屏東縣屏東市,artgallery,🎨 美術館,屏東縣屏東市,清進路699號,22.6551712,120.4660451,verified,6,0,2026-03-08 16:48:43,2026-03-10 11:39:14,2026-06-28 06:04:07,
51,義勇里 屏東縣屏東市,sweetshop,🍩 甜點店,屏東縣屏東市,台糖街29號,22.6617388,120.4931881,verified,0,6,2026-03-08 16:43:14,2026-03-10 11:38:25,,
50,平鎮大全聯附近,hamburger,🍔 漢堡店,桃園市平鎮區,桃園市平鎮區南勢里桃72鄉道52號,24.9204834,121.2135291,verified,2,6,2026-03-07 19:25:43,2026-03-08 15:28:57,2026-04-02 11:47:57,
49,宜蘭市志忠水電工程行,cafe,☕ 咖啡店,宜蘭縣宜蘭市,宜蘭縣宜蘭市東港路10號,24.7544371,121.764181,verified,1,1,2026-03-07 14:02:18,2026-03-08 15:28:54,2026-04-07 10:06:40,
48,大盤價家庭五金賣場,diy,🔧 五金行,台北市信義區,臺北市信義區松壽路口,25.035686,121.567264,verified,0,7,2026-03-07 09:28:04,2026-03-07 13:46:11,,
47,貴子橋、台一線縱貫公路附近,bridge,🌉 橋梁,新北市泰山區,2CRH+3VQ 貴賢里 新北市泰山區,25.04022,121.429733,verified,0,0,2026-03-07 09:20:53,2026-03-07 13:46:01,,
46,貴山客家文化公園附近,mountain,⛰️ 山丘,桃園市楊梅區,W44W+5JR 紅梅里 桃園市楊梅區,24.9054796,121.1465044,verified,5,7,2026-03-07 09:18:06,2026-03-07 13:45:51,2026-08-28 14:49:09,
45,愛買楊梅店🛒,supermarket,🍌 超市,桃園市楊梅區,W549+R5W 三民里 桃園市楊梅區,24.9071104,121.167951,verified,5,1,2026-03-07 09:16:36,2026-03-07 13:45:37,2026-05-04 02:24:48,
44,埔心火車站,station,🚂 車站,桃園市楊梅區,桃園市楊梅區,24.9197436,121.1829362,verified,1,1,2026-03-07 09:15:00,2026-03-07 13:45:22,2026-04-03 16:13:49,
43,桃園市桃園區,laundry,👕 自助洗衣店,桃園市桃園區,桃園市桃園區,25.0040092,121.2997239,verified,9,1,2026-03-07 09:10:43,2026-03-07 13:45:07,2026-05-31 08:02:50,
42,自助洗衣店&乾洗店 純點,laundry,👕 自助洗衣店,桃園市中壢區,桃園市中壢區,24.94289,121.226333,verified,21,0,2026-03-07 09:06:46,2026-03-07 13:44:47,2026-09-20 03:43:29,
41,新欣綠園附近 森林（鍬形蟲、橡栗）純點,forest,🌲 森林,桃園市桃園區,桃園市桃園區,25.024063,121.309534,verified,2,0,2026-03-07 09:02:05,2026-03-07 13:44:29,2026-05-04 02:22:42,
40,臺中市西屯區,artgallery,🎨 美術館,台中市西屯區,臺中市西屯區大鵬里三和一巷2弄2號,24.1764902,120.6651415,verified,8,0,2026-03-07 08:49:17,2026-03-07 13:43:55,2026-06-28 06:07:44,
39,桃園國際機場,airport,✈️ 機場,桃園市大園區,桃園市大園區後厝里國際路二段666號,25.088351,121.227025,verified,2,0,2026-03-07 01:04:57,2026-03-07 13:43:38,2026-06-13 04:43:32,
38,新北市板橋區,sweetshop,🍩 甜點店,新北市板橋區,新北市板橋區福壽里三民路二段245巷30弄14號,25.0119778,121.4805333,verified,9,9,2026-03-06 18:29:03,2026-03-07 13:43:27,2026-07-07 02:36:27,
37,桃園市楊梅區,artgallery,🎨 美術館,桃園市楊梅區,桃園市楊梅區電研路,24.9499214,121.162416,verified,14,0,2026-03-06 14:11:50,2026-03-07 13:42:56,2026-08-23 16:19:39,
36,桃園市中壢區 華祺與高力熱公司之間（服飾店）,clothesstore,👗 服飾店,桃園市中壢區,松江北路,24.989832,121.248824,verified,3,0,2026-03-06 07:46:48,2026-03-06 12:27:51,2026-05-23 08:55:56,
35,桃園市中壢區 內定國小（公車站）,bus,🚌 公車站,桃園市中壢區,定寧路,24.993235,121.24951,verified,1,0,2026-03-06 07:39:58,2026-03-06 12:27:25,2026-05-17 13:13:25,
34,桃園市中壢區YKK（服飾店）,clothesstore,👗 服飾店,桃園市中壢區,吉林北路,24.991488,121.250739,verified,2,0,2026-03-06 07:35:16,2026-03-06 12:26:29,2026-05-23 08:55:56,
33,桃園市中壢區 中山公園（公園,park,🍀 公園,桃園市中壢區,吉林北路附近,24.986236,121.250584,verified,2,0,2026-03-06 07:24:38,2026-03-06 12:25:51,2026-05-07 14:43:27,
32,台中市西屯區自行車文化探索館（咖啡店）,cafe,☕ 咖啡店,台中市西屯區,台中市東大路一段997號,24.209299,120.6117,verified,8,0,2026-03-06 06:33:58,2026-03-06 12:25:07,2026-06-16 09:49:44,
30,新北市林口區 拉麵店,ramen,🍜 拉麵店,新北市林口區,新北市林口區公園路138號-152號左右蠻長一段都是,25.0715764,121.3711921,verified,1,0,2026-03-06 04:35:08,2026-03-06 12:24:09,2026-05-01 05:19:02,
29,喜豐香囍餅,bakery,🥖 麵包店,台中市沙鹿區,臺中市沙鹿區東英路14號附近,24.2238173,120.5735383,verified,9,0,2026-03-05 14:38:30,2026-03-05 21:11:13,2026-06-27 21:58:30,
28,清泉崗機場,airport,✈️ 機場,台中市大雅區,臺中市大雅區六寶里和平新路102號,24.242855,120.633271,verified,3,1,2026-03-05 14:08:32,2026-03-05 21:11:14,2026-06-15 15:44:16,
27,東海滷味,curry,🍛 咖哩餐廳,台中市沙鹿區,臺中市沙鹿區晉江里北勢東路459號,24.223393,120.577254,verified,19,0,2026-03-05 13:31:13,2026-03-05 21:11:15,2026-09-17 11:23:03,
26,杏福中西藥房,bakery,🥖 麵包店,台中市西區,臺中市西區東昇里樂群街224號,24.135709,120.668853,verified,12,1,2026-03-05 13:28:13,2026-03-05 21:11:15,2026-08-02 14:33:47,
25,法拉利展售中心(台中文心壽司郎附近),sushi,🍣 壽司店,台中市北屯區,臺中市北屯區四民里長生巷1-21號,24.195217,120.683951,verified,1,2,2026-03-05 13:03:56,2026-03-05 21:11:16,2026-04-26 14:41:55,
24,Alisa 優質髪藝,electronics,🔋 電器行,台中市北屯區,臺中市北屯區四民里豐樂路3巷32號,24.19518,120.683951,verified,10,1,2026-03-05 12:56:50,2026-03-05 13:01:45,2026-09-06 18:42:36,
23,仁美國小圖書館,library,📚 圖書館/書店,台中市北屯區,臺中市北屯區仁美里昌平東二路236號,24.191595,120.68737,verified,0,0,2026-03-05 12:52:50,2026-03-05 13:01:46,,
22,東勢黑輪,postoffice,📮 郵局,台中市北屯區,臺中市北屯區仁和里豐樂二街35號,24.194088,120.678752,verified,2,2,2026-03-05 12:45:14,2026-03-05 13:01:46,2026-09-18 12:01:50,
21,台中洲際棒球場,stadium,🏟️ 體育館,台中市北屯區,臺中市北屯區同榮里崇德路三段835號,24.19975,120.684844,verified,10,2,2026-03-05 12:40:58,2026-03-05 13:01:47,2026-09-20 05:33:03,
20,星巴克 松竹洲際門市 附近,cafe,☕ 咖啡店,台中市北屯區,臺中市北屯區同榮里松竹路三段1133號,24.199851,120.669753,verified,3,2,2026-03-05 12:34:04,2026-03-05 13:01:48,2026-06-15 15:14:48,
19,敦泰一境,bridge,🌉 橋梁,台中市北屯區,臺中市北屯區同榮里松竹路三段1089號,24.19863,120.67064,verified,2,0,2026-03-05 12:26:15,2026-03-05 13:01:48,2026-05-17 01:12:48,
18,自㜣派美學診所,park,🍀 公園,台中市北屯區,臺中市北屯區后庄里豐樂路三段253-251號,24.195986,120.669975,verified,0,0,2026-03-05 12:23:36,2026-03-05 13:01:49,,
17,后庄庄德街口公車站牌,bus,🚌 公車站,台中市北屯區,臺中市北屯區后庄里后庄路467號,24.192528,120.669975,verified,0,0,2026-03-05 12:21:54,2026-03-05 13:01:49,,
16,丞晟企業有限公司,hotel,🏨 飯店,台中市北屯區,臺中市北屯區后庄里敦化路一段526號,24.188459,120.669531,verified,0,1,2026-03-05 12:19:42,2026-03-05 13:01:50,,
15,淨願寺,minimart,🏪 便利商店,台中市北屯區,臺中市北屯區忠平里雷中街91巷7號,24.184594,120.669531,verified,2,0,2026-03-05 12:15:43,2026-03-05 13:01:51,2026-09-06 18:34:56,
14,俥傌炮飲料店,clothesstore,👗 服飾店,台中市北屯區,臺中市北屯區大德里雷中街32巷9號,24.182357,120.669531,verified,4,0,2026-03-05 12:14:39,2026-03-05 13:01:51,2026-05-23 08:55:57,
13,国姓寺平沢観音,shrine,⛩️ 神社/寺廟,日本福島縣,"Hirasawa-419 Machikitamachi Ōaza Nakasawa, Aizuwakamatsu, Fukushima 965-0058日本",37.518754,139.907161,verified,6,0,2026-03-05 09:46:26,2026-03-05 13:01:59,2026-08-18 06:23:15,
12,台中北屯區 壽司純點,sushi,🍣 壽司店,台中市北屯區,臺中市北屯區仁美里崇德十二路397號,24.1902612,120.6874802,verified,3,1,2026-03-05 05:28:19,2026-03-05T05:28:19.737Z,2026-06-30 18:10:12,
11,嶄心設計X活細胞廣告,park,🍀 公園,桃園市平鎮區,中和南勢角,24.910432,121.206106,verified,0,3,2026-03-05 05:19:23,2026-03-05 05:47:39,,
10,北市朱崙街20號 運動部左側,hairsalon,✂️ 美容院,台北市松山區,臺北市松山區力行里朱崙街20號十三樓號,25.050056,121.5395,verified,22,1,2026-03-04 13:46:22,2026-03-05 04:39:55,2026-08-10 13:41:17,
9,香港深水埗麗閣村,park,🍀 公園,香港,香港深水埗麗閣村及怡閣苑交界,22.3317787,114.1584631,verified,0,2,2026-03-04 13:30:07,2026-03-05 04:39:56,,
8,萊爾富北市開利店,minimart,🏪 便利商店,台北市士林區,台北市士林區社子街142號,25.0884969,121.5050363,verified,1,0,2026-03-04 03:59:49,2026-03-05 04:39:57,2026-06-14 05:59:55,
7,EVOASIS 充電站附近（電器行 電池、仙女燈 純點）,electronics,🔋 電器行,桃園市桃園區,桃園市桃園區力行路附近,24.997772,121.293491,verified,1,6,2026-03-04 01:52:54,2026-03-05 04:39:58,2026-05-10 07:55:42,
6,7-ELEVEN 源盛門市（便利商店 瓶蓋、零食 純點）,minimart,🏪 便利商店,桃園市桃園區,桃園市桃園區國聖一街188號附近,24.984594,121.288518,verified,0,1,2026-03-04 01:48:05,2026-03-05 04:39:59,,
5,向陽公園附近（公園 幸運草、四葉草 純點）,park,🍀 公園,桃園市桃園區,桃園市桃園區保定三街89巷51號附近,24.996214,121.298308,verified,0,5,2026-03-04 01:41:22,2026-03-05 04:40:00,,
4,KYMCO 光陽機車 三好機車行,bakery,🥖 麵包店,桃園市桃園區,桃園市桃園區中正三街34號附近,24.999109,121.304169,verified,0,4,2026-03-04 01:37:24,2026-03-05 04:40:01,,
3,華善祠,cafe,☕ 咖啡店,桃園市桃園區,桃園市桃園區大華五街53號,25.002246,121.30923,verified,0,1,2026-03-04 01:33:38,2026-03-05 04:40:02,,
2,台中北區洗衣店,laundry,👕 自助洗衣店,台中市北區,臺中市北區建德里國強街62號,24.1575403,120.6973249,verified,9,2,2026-03-03 17:36:41,2026-03-03T17:36:41.843Z,2026-06-12 12:28:31,
1,春水堂附近（餐廳純點）,restaurant,🍽️ 餐廳,台中市北屯區,臺中市北屯區仁美里崇德十二路339號,24.1905245,120.6893826,verified,0,0,2026-03-03 10:33:53,2026-03-03T10:33:53.610Z,,
